0.8919597989949749,0.4903279000636916,0.1966620611584778,5.87493073085203,3.102804487185762,0.07492455095052719,1.3510153020785316,1.0,0.0,1.0
0.9023136246786633,0.8121022084846022,0.2425114604433603,6.555356891810665,3.430650188351136,0.07492455095052719,1.3797741239197436,2.0,0.0,1.0
0.8559670781893004,0.5529774807954636,0.26559334971006654,6.0330862217988015,3.1786582129639043,0.07492455095052719,1.456383662889279,3.0,0.0,1.0
0.9506903353057199,0.5423128440725483,0.23734356049050606,6.180016653652572,3.2493273787293653,0.07492455095052719,1.1863774411058132,4.0,0.0,1.0
0.8890845070422535,0.6599724458815325,0.2956689404550153,6.226536669287466,3.2717402691855377,0.07492455095052719,1.3561561017413861,5.0,0.0,1.0
0.8795180722891566,0.819242178957166,0.231564789240406,6.238324625039508,3.277422425243829,0.07492455095052719,1.509753411350486,6.0,0.0,1.0
0.9247787610619469,0.6505912403573915,0.32447085281762617,6.037870919922137,3.180956553878238,0.07492455095052719,1.2166183738553065,7.0,0.0,1.0
0.8892405063291139,0.45166587050592694,0.2075761612452299,5.641907070938114,2.9914773142196367,0.07492455095052719,1.3232097727878105,8.0,0.0,1.0
0.8726114649681529,0.677410263723988,0.25593514213870994,5.616771097666572,2.9795011941353966,0.07492455095052719,1.3844001967122201,9.0,0.0,1.0
0.9296636085626911,0.6456989588234101,0.26402020475804805,5.720311776607412,3.0288750842692833,0.07492455095052719,1.158540663853429,10.0,0.0,1.0
0.862533692722372,0.7626192634203949,0.25592811045187286,6.46302945692067,3.3859478922708695,0.07492455095052719,1.5001549407497177,11.0,0.0,1.0
0.8833333333333333,0.6719411704816777,0.20451341969018744,6.369900982828227,3.3409220577548453,0.07492455095052719,1.5501710907211916,12.0,0.0,1.0
0.881508078994614,0.6141725101563043,0.29293873134081827,6.198478716492308,3.2582200735808287,0.07492455095052719,1.3845249413574128,13.0,0.0,1.0
0.8941605839416058,0.49962719593479493,0.2893516726003935,6.19644412779452,3.257239926085709,0.07492455095052719,1.317899385488509,14.0,0.0,1.0
0.875,0.39226424984858377,0.27855593809942275,5.799092654460526,3.0665142789978814,0.07492455095052719,1.4345418503976806,15.0,0.0,1.0
0.8984615384615384,0.5245706742781162,0.22619496409303852,5.680172609017068,3.00972154874075,0.07492455095052719,1.2490078900315649,16.0,0.0,1.0
0.8900709219858156,0.7320489815097367,0.2814065727431748,5.529429087511423,2.9379383183474608,0.07492455095052719,1.2962147749823254,17.0,0.0,1.0
0.9395017793594306,0.7813348229764883,0.2730295722267891,5.579729825986222,2.9618647580378745,0.07492455095052719,1.241756961229638,18.0,0.0,1.0
0.9108910891089109,0.6383043189493557,0.29435996913575646,5.6240175061873385,2.9829530981877586,0.07492455095052719,1.2133039798365228,19.0,0.0,1.0
0.9313572542901716,0.8552783141817097,0.184990329749588,6.393590753950631,3.352369345593839,0.07492455095052719,1.3546691125594414,20.0,0.0,1.0
0.9315403422982885,0.585585401895995,0.26640349604827224,5.945420608606575,3.1365841725049277,0.07492455095052719,1.1783977057203456,21.0,0.0,1.0
0.8100558659217877,0.6326588465796907,0.29134199008715145,6.077642243349034,3.2000686100941182,0.07492455095052719,1.6085129694692255,22.0,0.0,1.0
0.8865546218487395,0.6525049901372456,0.25369718576564504,5.356586274672012,2.855932944936758,0.07492455095052719,1.2918702603135575,23.0,0.0,1.0
0.9231974921630094,0.7257291675265379,0.2197804280777478,6.380122536899765,3.3458607509755636,0.07492455095052719,1.3062031229352777,24.0,0.0,1.0
0.9395973154362416,0.6317526929816668,0.2475359230219837,6.042632833682381,3.183244151510257,0.07492455095052719,1.2004523770989333,25.0,0.0,1.0
0.8676844783715013,0.49355825038873763,0.24544403532724052,5.834810737062605,3.0835993128074524,0.07492455095052719,1.4479464975016507,26.0,0.0,1.0
0.93048128342246,0.6620970412061077,0.3130867980892489,5.855071922202427,3.0932962940146203,0.07492455095052719,1.1834920580951156,27.0,0.0,1.0
0.92,0.6540684651148733,0.28153733037620493,6.2285110035911835,3.2726918794891433,0.07492455095052719,1.2693608632658988,28.0,0.0,1.0
0.9280575539568345,0.25027013302203555,0.24394399723890406,5.961005339623274,3.144058785551736,0.07492455095052719,1.1858594798438609,29.0,0.0,1.0
0.9222689075630253,0.30017200843700464,0.25818166933043024,6.0867747269123065,3.2044591667776596,0.07492455095052719,1.2741911453155594,30.0,0.0,1.0
0.9025341130604289,0.6570177497253442,0.3092469946587935,6.139884552226255,3.23000665263668,0.07492455095052719,1.311559665753211,31.0,0.0,1.0
0.9441176470588235,0.4035662067682423,0.25339225065069215,5.7745515455444085,3.0547827031513104,0.07492455095052719,1.1165919818664563,32.0,0.0,1.0
0.8407310704960835,0.5193753696561639,0.27009917012209833,5.777652323222656,3.0562646669363067,0.07492455095052719,1.5428457178693014,33.0,0.0,1.0
0.9028960817717206,0.5968507840264292,0.2603542995748618,6.274762021241939,3.2949935195029982,0.07492455095052719,1.3250302237790592,34.0,0.0,1.0
0.9232245681381958,0.7229661810041689,0.23321594282754068,6.1779441140506,3.248329267952155,0.07492455095052719,1.293626835027303,35.0,0.0,1.0
0.9196217494089834,0.8130265296744952,0.2553466490716363,5.966146739123692,3.146525145745436,0.07492455095052719,1.3152655242971283,36.0,0.0,1.0
0.9406392694063926,0.577045702467345,0.23314187153669277,6.023447592961033,3.1740288920704893,0.07492455095052719,1.1733464553382582,37.0,0.0,1.0
0.9239280774550485,0.7802435066838959,0.2277914089557396,6.505784060128229,3.4066407028003685,0.07492455095052719,1.2700898902747992,38.0,0.0,1.0
0.9279069767441861,0.7549580300147943,0.2686212261178716,5.991464547107982,3.158673752678844,0.07492455095052719,1.2527625484409755,39.0,0.0,1.0
0.920265780730897,0.31549271106546206,0.3098080514302158,5.627621113690637,2.984669918120727,0.07492455095052719,1.196167862568847,40.0,0.0,1.0
0.9014084507042254,0.742149187814887,0.2573522690344006,6.46302945692067,3.3859478922708695,0.07492455095052719,1.374878986615986,41.0,0.0,1.0
0.8679245283018868,0.42580170150796137,0.22725181582074513,5.910796644040527,3.1199861290795745,0.07492455095052719,1.4277124019100422,42.0,0.0,1.0
0.8979591836734694,0.6432180033300341,0.2553021931024798,5.983936280687191,3.155060750185239,0.07492455095052719,1.3300472477748178,43.0,0.0,1.0
0.927027027027027,0.5567777651075243,0.3367557653116541,5.840641657373398,3.0863895830282515,0.07492455095052719,1.165256645615055,44.0,0.0,1.0
0.9339407744874715,0.831672831706401,0.2735974262172952,6.018593214496234,3.1716977037998157,0.07492455095052719,1.3564314284716814,45.0,0.0,1.0
0.8733944954128441,0.6599518539961631,0.2116036662788544,6.1675164908883415,3.2433079930090707,0.07492455095052719,1.4906308721517223,46.0,0.0,1.0
0.896551724137931,0.40016072506165246,0.2661573042006436,5.8998973535824915,3.1147635268,0.07492455095052719,1.3081855281063919,47.0,0.0,1.0
0.8987538940809969,0.7734105180369826,0.22345403641544587,6.359573868672378,3.3359331827196006,0.07492455095052719,1.3426913617308753,48.0,0.0,1.0
0.8364779874213837,0.7426673568598446,0.2566347887055073,5.58724865840025,2.9654435299704613,0.07492455095052719,1.523215840944856,49.0,0.0,1.0
0.9093264248704663,0.5061503866284688,0.2626600769419365,5.863631175598097,3.0973939182078127,0.07492455095052719,1.2592422081327792,50.0,0.0,1.0
0.8996282527881041,0.709117570191645,0.2953761453069942,6.184148890937483,3.2513175229518874,0.07492455095052719,1.432923798181722,51.0,0.0,1.0
0.8738965952080706,0.8247941686948119,0.21120725847898544,6.542471960506805,3.4244079541413814,0.07492455095052719,1.4918845246460994,52.0,0.0,1.0
0.9485294117647058,0.6270327021564461,0.22126446684363024,5.961005339623274,3.144058785551736,0.07492455095052719,1.1421033980739161,53.0,0.0,1.0
0.9204545454545454,0.6585823700889093,0.2645929429551149,6.342121418721152,3.327504049817454,0.07492455095052719,1.2799436549065824,54.0,0.0,1.0
0.9013157894736842,0.576265185306488,0.22915219870031708,6.021023349349527,3.172864686238923,0.07492455095052719,1.2631172575766625,55.0,0.0,1.0
0.8450292397660819,0.8027043219230795,0.3027670847504447,6.361302477572996,3.336768190274,0.07492455095052719,1.6519643688677488,56.0,0.0,1.0
0.9436619718309859,0.5216765590959779,0.24678470307399203,5.998936561946683,3.1622602639907784,0.07492455095052719,1.113852826318722,57.0,0.0,1.0
0.9076923076923077,0.822145769847349,0.22403086326662947,6.643789733147672,3.4735241112040596,0.07492455095052719,1.4215625811012287,58.0,0.0,1.0
0.9304029304029304,0.38987723450773953,0.1852292082932798,5.541263545158426,2.9435651603027786,0.07492455095052719,1.1608172307978835,59.0,0.0,1.0
0.9027027027027027,0.7215047738288377,0.29543320900303544,6.218600119691729,3.2679152510115372,0.07492455095052719,1.3297519187272655,60.0,0.0,1.0
0.8874045801526718,0.8117724435457424,0.2954326580987963,6.144185634125646,3.232076663767271,0.07492455095052719,1.4037570183818584,61.0,0.0,1.0
0.8776041666666666,0.36521443935141423,0.2850425895368381,5.823045895483019,3.0779704761968443,0.07492455095052719,1.3261744530098456,62.0,0.0,1.0
0.7986348122866894,0.7716273504796051,0.2917258128089033,6.150602768446279,3.235165373652169,0.07492455095052719,1.8863168988491303,63.0,0.0,1.0
0.9004149377593361,0.7367173941370216,0.2414408522953773,6.075346031088684,3.1989647913230304,0.07492455095052719,1.3872883361412855,64.0,0.0,1.0
0.905688622754491,0.7081375977391222,0.18584872811154732,6.406879986069314,3.358792807127421,0.07492455095052719,1.3837675110256638,65.0,0.0,1.0
0.9368635437881874,0.6911708138982584,0.2392907750870854,6.133398042996649,3.226885143400894,0.07492455095052719,1.2330733656070563,66.0,0.0,1.0
0.8839662447257384,0.7380798199537404,0.2806429160752526,6.040254711277414,3.1821016892896967,0.07492455095052719,1.4816726813762988,67.0,0.0,1.0
0.932475884244373,0.5182493469346776,0.30478444111777714,5.673323267171493,3.0064548212072264,0.07492455095052719,1.151155340561164,68.0,0.0,1.0
0.8464285714285714,0.593500058625629,0.26528235673951894,5.472270673671475,2.910782940416834,0.07492455095052719,1.512346102021656,69.0,0.0,1.0
0.867109634551495,0.5564424448819938,0.3406330145140993,5.568344503761097,2.9564467719424368,0.07492455095052719,1.4957607208946255,70.0,0.0,1.0
0.9344569288389513,0.7242134228015614,0.2028050090265647,6.214608098422191,3.2659914932493757,0.07492455095052719,1.3940853144709666,71.0,0.0,1.0
0.8967391304347826,0.6354518779087421,0.259147592721123,5.802118375377063,3.0679610941199775,0.07492455095052719,1.3234769419697334,72.0,0.0,1.0
0.865909090909091,0.7860453478833012,0.29224188063792056,5.945420608606575,3.1365841725049277,0.08687488734722137,1.4023906580473533,1.0,1.0,1.0
0.8885017421602788,0.8883522003781501,0.3196423792666374,6.236369590203704,3.276479959863799,0.08687488734722137,1.5265646064094698,2.0,1.0,1.0
0.8466522678185745,0.8490894177719799,0.3019709906541077,5.973809611869261,3.150201518454589,0.08687488734722137,1.536966143800776,3.0,1.0,1.0
0.9190031152647975,0.7576351092759416,0.2819530190134631,5.69035945432406,3.0145809480811034,0.08687488734722137,1.377347826432272,4.0,1.0,1.0
0.907843137254902,0.7152626871834296,0.2832690624186062,6.139884552226255,3.23000665263668,0.08687488734722137,1.3482428962858681,5.0,1.0,1.0
0.8845208845208845,0.7791265635180845,0.27261145094359146,5.8888779583328805,3.109484502806863,0.08687488734722137,1.3227209228631296,6.0,1.0,1.0
0.8791469194312796,0.860985927015558,0.16037714991951318,5.918893854273146,3.1238667774048077,0.08687488734722137,1.3993024066415312,7.0,1.0,1.0
0.9032258064516129,0.7741773566715338,0.25072066760164236,5.733341276897746,3.0350959579035486,0.08687488734722137,1.315504589906921,8.0,1.0,1.0
0.8356164383561644,0.9338634912067658,0.28333973489806896,6.415096959171596,3.362765223648051,0.08687488734722137,1.8308918385610344,9.0,1.0,1.0
0.835820895522388,0.7760022513661158,0.27761532093980945,6.22455842927536,3.2707868084534972,0.08687488734722137,1.675470817213345,10.0,1.0,1.0
0.8416666666666667,0.6140356855839173,0.35175927379221633,5.717027701406222,3.0273073859067696,0.08687488734722137,1.5617061063876252,11.0,1.0,1.0
0.8246205733558178,0.8267485350251729,0.26955678214956863,6.194405391104672,3.2562578148232486,0.08687488734722137,1.7268656275573129,12.0,1.0,1.0
0.9163346613545816,0.87803872216032,0.23045614455398236,6.133398042996649,3.226885143400894,0.08687488734722137,1.3422056873503547,13.0,1.0,1.0
0.8278985507246377,0.6386244013742958,0.3060433504514601,6.126869184114185,3.2237436162807276,0.08687488734722137,1.73925158528073,14.0,1.0,1.0
0.8695652173913043,0.8519539578590382,0.28440086731719544,6.175867270105761,3.2473291203198698,0.08687488734722137,1.4934417757463854,15.0,1.0,1.0
0.8062593144560357,0.9520287002970156,0.18629163770281504,6.295266001439646,3.3048857990963882,0.08687488734722137,2.06440669412612,16.0,1.0,1.0
0.8382352941176471,0.8311025324688728,0.2674016693435239,5.83773044716594,3.0849964409545847,0.08687488734722137,1.5438621754428563,17.0,1.0,1.0
0.8402777777777778,0.7564093139005029,0.25488005904258204,5.8971538676367405,3.1134491080737265,0.08687488734722137,1.5106619427470371,18.0,1.0,1.0
0.8938428874734607,0.8263772503369691,0.25798429116291394,6.045005314036012,3.1843839530583917,0.08687488734722137,1.3738713476719502,19.0,1.0,1.0
0.9202586206896551,0.770116121290348,0.27897091153936504,6.059123195581797,3.1911675782799995,0.08687488734722137,1.2231030288041238,20.0,1.0,1.0
0.8666666666666667,0.7990180146431258,0.32254544475034314,5.934894195619588,3.1315368469780993,0.08687488734722137,1.429165224475226,21.0,1.0,1.0
0.8926701570680629,0.9374512337871138,0.2798271366612263,6.52649485957079,3.4166693482978068,0.08687488734722137,1.7001887598134884,22.0,1.0,1.0
0.8986928104575164,0.7961551091266504,0.2985486577160996,5.62040086571715,2.9812302046644343,0.08687488734722137,1.3396978712286953,23.0,1.0,1.0
0.897172236503856,0.7125581521347812,0.26014856004014636,5.857933154483459,3.09466599198655,0.08687488734722137,1.3268893626255789,24.0,1.0,1.0
0.8972602739726028,0.8028214459016557,0.30337270457099624,5.976350909297934,3.1514208600279643,0.08687488734722137,1.336891002297444,25.0,1.0,1.0
0.8417582417582418,0.7403327677771656,0.21248089789540958,5.950642552587727,3.139088428061438,0.08687488734722137,1.6157294754096192,26.0,1.0,1.0
0.8789625360230547,0.7322868104755056,0.3121008129245762,5.723585101952381,3.0304377585036146,0.08687488734722137,1.3632575465713972,27.0,1.0,1.0
0.8764044943820225,0.9018469632487415,0.2374585704289641,6.150602768446279,3.235165373652169,0.08687488734722137,1.5539667138583833,28.0,1.0,1.0
0.8658536585365854,0.8842731131549824,0.25791903075200073,6.056784013228625,3.190043482747458,0.08687488734722137,1.570741998674382,29.0,1.0,1.0
0.8443935926773455,0.7329923385047129,0.3180843373405071,5.91350300563827,3.121283105238069,0.08687488734722137,1.519544230170549,30.0,1.0,1.0
0.8851774530271399,0.8936651329161346,0.23842804816813393,6.052089168924417,3.187787517538405,0.08687488734722137,1.5148504641805307,31.0,1.0,1.0
0.8232848232848233,0.8441809887202278,0.29693181642588384,5.983936280687191,3.155060750185239,0.08687488734722137,1.6044861190995992,32.0,1.0,1.0
0.8044943820224719,0.7796385865484501,0.30459115801005954,5.883322388488279,3.1068234468444036,0.08687488734722137,1.6829349954466597,33.0,1.0,1.0
0.7846153846153846,0.733077139046663,0.2757095637201681,5.8805329864007,3.1054874638185948,0.08687488734722137,1.7334016500893112,34.0,1.0,1.0
0.8781094527363185,0.8253199470258442,0.38506153815630295,5.869296913133774,3.1001066938284993,0.08687488734722137,1.3901205674515364,35.0,1.0,1.0
0.8833922261484098,0.8032142393685003,0.28028064068444086,5.5254529391317835,2.9360481460402674,0.08687488734722137,1.4233559559981628,36.0,1.0,1.0
0.906318082788671,0.9014327894860336,0.2570526594518552,6.0330862217988015,3.1786582129639043,0.08687488734722137,1.5204833758556944,37.0,1.0,1.0
0.7895595432300163,0.9438573192954064,0.246524468898469,6.184148890937483,3.2513175229518874,0.08687488734722137,2.0744577895153102,38.0,1.0,1.0
0.8717948717948718,0.8197374825718539,0.26919440648830517,5.926926025970411,3.1277168565226234,0.08687488734722137,1.4201902868306369,39.0,1.0,1.0
0.8764705882352941,0.8738998585197185,0.3360642102695418,5.700443573390686,3.0193923792804047,0.08687488734722137,1.535951938192363,40.0,1.0,1.0
0.9239130434782609,0.8195019777888212,0.3083798411995513,5.831882477283517,3.0821981755735477,0.08687488734722137,1.2113389300502952,41.0,1.0,1.0
0.870026525198939,0.8602431844210324,0.3613494882490918,5.796057750765372,3.0650631622973936,0.08687488734722137,1.4261211758149714,42.0,1.0,1.0
0.8275193798449613,0.8434460856035332,0.28480589845148796,6.059123195581797,3.1911675782799995,0.08687488734722137,1.649631671247973,43.0,1.0,1.0
0.8720379146919431,0.8452656880308441,0.3086171069004156,5.910796644040527,3.1199861290795745,0.08687488734722137,1.361741335023352,44.0,1.0,1.0
0.9186813186813186,0.8198522867166597,0.3126383288120243,6.037870919922137,3.180956553878238,0.08687488734722137,1.2782555997991425,45.0,1.0,1.0
0.8398950131233596,0.6871216890599793,0.30979808012419713,5.771441123130016,3.0532962245824553,0.08687488734722137,1.4974108887318271,46.0,1.0,1.0
0.8897435897435897,0.818076342093717,0.3240367727691093,5.8522024797744745,3.091922743965858,0.08687488734722137,1.3430402818337615,47.0,1.0,1.0
0.9272300469483568,0.9134731923302952,0.311472766398263,5.981414211254481,3.153850460820174,0.08687488734722137,1.472650248102806,48.0,1.0,1.0
0.8823529411764706,0.8696646649659686,0.2835713607554232,5.802118375377063,3.0679610941199775,0.08687488734722137,1.3729728835211885,49.0,1.0,1.0
0.84251968503937,0.7735490124591191,0.3039972703923279,6.061456918928017,3.1922890983518433,0.08687488734722137,1.5799933593019633,50.0,1.0,1.0
0.8771186440677966,0.7429866669381029,0.32548228054082007,6.028278520230698,3.1763490268282606,0.08687488734722137,1.4116794145454274,51.0,1.0,1.0
0.7620274914089347,0.8823558585773884,0.35218914109188554,7.4815557019095165,3.8821010975053722,0.10108057409524918,3.120823547112932,1.0,2.0,1.0
0.7531797868683396,0.8725272697088284,0.3186464114535928,7.692569648067906,3.985595093479109,0.10108057409524918,3.248757575779278,2.0,2.0,1.0
0.7489786654561961,0.626396176081062,0.3372805991852672,7.409136443920128,3.846630326372217,0.10108057409524918,2.217138760049264,3.0,2.0,1.0
0.8212058212058212,0.8318780588502057,0.3524923124227041,7.3658128372094716,3.82542284844472,0.10108057409524918,1.9305339491289009,4.0,2.0,1.0
0.8053722902921772,0.7556202953765891,0.26069837275851326,7.444248649496705,3.863825017042828,0.10108057409524918,1.9567457331257971,5.0,2.0,1.0
0.6966341895482728,0.8005025895356898,0.33916563911839376,7.3613754289773485,3.823251208457095,0.10108057409524918,3.0485579786292103,6.0,2.0,1.0
0.7124417353890283,0.7466979657589456,0.3655039641348852,7.59488438721652,3.937659162027085,0.10108057409524918,2.768806588901088,7.0,2.0,1.0
0.6432827735644637,0.7114907664876411,0.3035530650476713,7.773173680482536,4.025180219306799,0.10108057409524918,2.7964361141747056,8.0,2.0,1.0
0.8114794656110836,0.8434160140621709,0.4113211302631872,7.403061091090091,3.8436557985202513,0.10108057409524918,1.7873282705963613,9.0,2.0,1.0
0.7156003505696757,0.8335251815052114,0.2575039717154329,7.3987862754199485,3.8415629334768564,0.10108057409524918,2.5793418202374,10.0,2.0,1.0
0.7216142270861833,0.886652694957665,0.32363720506899574,7.65491704784832,3.9671132726789557,0.10108057409524918,3.543766841797584,11.0,2.0,1.0
0.7222222222222222,0.808431297712961,0.38542167492765395,7.409741954080923,3.846926797632905,0.10108057409524918,2.874507062025082,12.0,2.0,1.0
0.6542294322132097,0.8855499575127104,0.2903960929904829,7.945909598613133,4.1101021211443065,0.10108057409524918,2.808855257852476,13.0,2.0,1.0
0.7456817346563763,0.9110018289263343,0.3746130425565461,7.615791072035833,3.947914875730886,0.10108057409524918,4.011700447185061,14.0,2.0,1.0
0.724837074583635,0.7895426060622789,0.28211019640120416,7.602401335665818,3.9413463520093477,0.10108057409524918,2.8066220732327927,15.0,2.0,1.0
0.693058568329718,0.94182253815868,0.3539992966659825,8.069655306886165,4.1710104608008844,0.10108057409524918,5.007659921863736,16.0,2.0,1.0
0.7345343303874915,0.8731919018388825,0.2823936826127879,7.6787889981991535,3.9788301267962987,0.10108057409524918,3.151660505171689,17.0,2.0,1.0
0.8223214285714285,0.9154908604077103,0.28985734580160044,7.519149957669823,3.900524596916775,0.10108057409524918,2.265438713102182,18.0,2.0,1.0
0.7212049616066155,0.8538880474914682,0.3517856129827956,7.108244139731541,3.699540901294638,0.10108057409524918,2.759867086894592,19.0,2.0,1.0
0.807909604519774,0.8529625762269073,0.3321221933863269,7.266128779556451,3.776662346613554,0.10108057409524918,2.1054090414201383,20.0,2.0,1.0
0.8331925675675675,0.8914632081907108,0.3152493712873539,7.587817219993427,3.934192831085638,0.10108057409524918,2.110542113650877,21.0,2.0,1.0
0.7497694435905318,0.8334375496400788,0.32958214212173526,7.799753318287247,4.038239646406674,0.10108057409524918,2.3718660983444058,22.0,2.0,1.0
0.7805512220488819,0.6957081138042011,0.3120840353093712,7.31455283232408,3.8003426081896245,0.10108057409524918,2.2077547118973184,23.0,2.0,1.0
0.7817821782178218,0.8296919193148267,0.2906400529676349,7.5883236773352225,3.934441232648331,0.10108057409524918,2.917868090016649,24.0,2.0,1.0
0.8159564823209429,0.8851905253835427,0.32503185223962733,7.496097345175956,3.889226603680639,0.10108057409524918,2.4300826500610007,25.0,2.0,1.0
0.7418666666666667,0.7256774667018825,0.3323963495341399,7.238496840894365,3.763155324967223,0.10108057409524918,2.3927134635414093,26.0,2.0,1.0
0.7733574442435202,0.7606760646429562,0.2755961324343713,7.157735484249907,3.7237011161815086,0.10108057409524918,2.4501227548917908,27.0,2.0,1.0
0.7979573712255773,0.887846286845804,0.3746174786737825,7.494430215031565,3.888409647298343,0.10108057409524918,2.2777441912146155,28.0,2.0,1.0
0.7199385324625432,0.8866392511340978,0.32189297646620624,7.536363938404511,3.908962728599247,0.10108057409524918,3.5678955264610415,29.0,2.0,1.0
0.7036437246963563,0.8415397694205511,0.2828631776269524,7.461065514354283,3.8720624787042266,0.10108057409524918,2.7351133614502756,30.0,2.0,1.0
0.7776243093922652,0.8859071784028235,0.3042520518558575,7.432483807917119,3.858063020844477,0.10108057409524918,2.177795026685308,31.0,2.0,1.0
0.7253613666228647,0.8941663513341327,0.3060886640404566,7.4127640174265625,3.84840649417983,0.10108057409524918,2.59110332087272,32.0,2.0,1.0
0.6827309236947792,0.9158707773904604,0.326540916531681,7.534228326274089,3.907915796368007,0.10108057409524918,4.1608882672926395,33.0,2.0,1.0
0.7115317209954434,0.867318282070478,0.36922268049358226,7.616283561580385,3.9481564888027,0.10108057409524918,3.4122891730155684,34.0,2.0,1.0
0.7904555314533622,0.8832290088526228,0.3395375396529871,7.508238774678663,3.895176757175039,0.10108057409524918,3.1498964482686915,35.0,2.0,1.0
0.6166566446181599,0.4836085045529224,0.30111330511971957,7.62657020629066,3.9532033173821093,0.10108057409524918,2.8903228667076744,36.0,2.0,1.0
0.8115640599001663,0.9023120717472032,0.2892229762626502,7.5766097669730375,3.9286962234280316,0.10108057409524918,2.750515027337471,37.0,2.0,1.0
0.6748191526007579,0.7384816250455094,0.3003869986381587,7.580699752224563,3.9307020582743903,0.10108057409524918,3.30731236996622,38.0,2.0,1.0
0.7419354838709677,0.6757324904761648,0.3153325546332171,7.3987862754199485,3.8415629334768564,0.10108057409524918,2.2036473338426514,39.0,2.0,1.0
0.8496605237633366,0.9394478563256171,0.32379242917986817,7.469083884921234,3.8759906247291824,0.10108057409524918,1.9158926574855946,40.0,2.0,1.0
0.7785132382892057,0.7696019219957784,0.34159758288894565,7.333023014386481,3.809378064467943,0.10108057409524918,2.2754737717006597,41.0,2.0,1.0
0.6996748448122968,0.7499187966688134,0.28745686868509407,7.769800996003896,4.023523321926563,0.10108057409524918,2.642371597445096,42.0,2.0,1.0
0.7213565536205316,0.8477052351628962,0.3515609093389748,7.767263996757308,4.022277002697943,0.10108057409524918,3.3439038296057233,43.0,2.0,1.0
0.6396596374398816,0.6723931764001648,0.3705574095779909,7.455876687491824,3.8695206722556,0.10108057409524918,3.2103848489329323,44.0,2.0,1.0
0.7348242811501597,0.8705758787258843,0.3109943536624929,7.384610383176974,3.834623346703691,0.10108057409524918,3.218497336671415,45.0,2.0,1.0
0.9117647058823529,0.405860234812015,0.2940083804051453,5.739792912179234,3.0381768875019994,0.07121264934539795,1.2175570946340923,1.0,3.0,1.0
0.8305882352941176,0.5201477459568064,0.24531709700309604,5.869296913133774,3.1001066938284993,0.07121264934539795,1.6292130224004402,2.0,3.0,1.0
0.9223057644110275,0.3738577520764613,0.315533977450096,5.910796644040527,3.1199861290795745,0.07121264934539795,1.2279208503946397,3.0,3.0,1.0
0.8845553822152886,0.602705147494641,0.2748679081310231,6.342121418721152,3.327504049817454,0.07121264934539795,1.422325500710843,4.0,3.0,1.0
0.9139784946236559,0.6846724120144763,0.31983156913565747,5.545177444479562,2.9454264031731636,0.07121264934539795,1.1562650063633817,5.0,3.0,1.0
0.9244935543278084,0.8104585932429093,0.26148257735736324,6.220590170099739,3.2688743066769077,0.07121264934539795,1.3684442899632154,6.0,3.0,1.0
0.8315412186379928,0.5632587591823112,0.3036716554139012,6.142037405587356,3.231042751474132,0.07121264934539795,1.6978380872223597,7.0,3.0,1.0
0.9313984168865436,0.5909902815104155,0.24211452685404888,5.869296913133774,3.1001066938284993,0.07121264934539795,1.2244260165687595,8.0,3.0,1.0
0.8779527559055118,0.6411183716733362,0.3501972451524071,5.4116460518550396,2.882019996281493,0.07121264934539795,1.343352518264686,9.0,3.0,1.0
0.9367088607594937,0.49896766378693136,0.280988231851125,5.916202062607435,3.122576648603987,0.07121264934539795,1.1389058449579246,10.0,3.0,1.0
0.9433962264150944,0.48430997354129085,0.26937650245698275,5.707110264748875,3.022573818272304,0.07121264934539795,1.173987872704808,11.0,3.0,1.0
0.8643356643356643,0.8176760489697416,0.2277718557725524,6.428105272684596,3.3690550153282692,0.07121264934539795,1.5840040688306558,12.0,3.0,1.0
0.9193154034229829,0.6576201149049438,0.2973682272391331,5.932245187448011,3.1302668308155708,0.07121264934539795,1.2473269633098,13.0,3.0,1.0
0.9098143236074271,0.48944411552970724,0.23860806001356047,5.840641657373398,3.0863895830282515,0.07121264934539795,1.2684347451083187,14.0,3.0,1.0
0.9106029106029107,0.4507245116186617,0.29531832706393696,6.0844994130751715,3.2033652131088193,0.07121264934539795,1.2875755695707725,15.0,3.0,1.0
0.8798751950078003,0.783566506209471,0.2963178416613406,6.336825731146441,3.324946824918697,0.07121264934539795,1.453521652835634,16.0,3.0,1.0
0.9448529411764706,0.38675410645376374,0.3618024317360159,5.552959584921617,2.9491276624177987,0.07121264934539795,1.0819783767964772,17.0,3.0,1.0
0.9446808510638298,0.4853363137255965,0.3147328938460111,5.407171771460119,2.8798988262931906,0.07121264934539795,1.0887809450436088,18.0,3.0,1.0
0.9508670520231214,0.5897754128342515,0.3815432144043755,5.799092654460526,3.0665142789978814,0.07121264934539795,1.1358384360598228,19.0,3.0,1.0
0.917184265010352,0.5855439229237679,0.2745877776592939,6.095824562432225,3.208810703734761,0.07121264934539795,1.280392208079562,20.0,3.0,1.0
0.9380952380952381,0.6898626612791104,0.30787963911903793,5.978885764901122,3.1526371691065775,0.07121264934539795,1.2237888495579299,21.0,3.0,1.0
0.8981042654028436,0.7294573519236223,0.30055085521862246,5.940171252720432,3.1340670235501786,0.07121264934539795,1.3269592682590108,22.0,3.0,1.0
0.9196428571428571,0.42949353958529135,0.3621478829991225,5.736572297479192,3.0366388555496324,0.07121264934539795,1.2008064561219924,23.0,3.0,1.0
0.9420289855072463,0.6915441135971725,0.3242587558344775,5.564520407322694,2.9546272893015915,0.07121264934539795,1.1430881115913567,24.0,3.0,1.0
0.9113924050632911,0.642650814958029,0.3702577128041637,6.07073772800249,3.1967496595577645,0.07121264934539795,1.2619658561396325,25.0,3.0,1.0
0.9032258064516129,0.4508436400928241,0.3708499677639142,5.53338948872752,2.9398211737233946,0.07121264934539795,1.2578333133459458,26.0,3.0,1.0
0.9221902017291066,0.5835609164983868,0.39931926388905764,5.771441123130016,3.0532962245824553,0.07121264934539795,1.1961894178841723,27.0,3.0,1.0
0.8879668049792531,0.5480889458273384,0.28031671936847397,6.061456918928017,3.1922890983518433,0.07121264934539795,1.399848652210397,28.0,3.0,1.0
0.8745980707395499,0.20740103713443056,0.36177511519099526,5.60947179518496,2.976024646048169,0.07121264934539795,1.4652581048086661,29.0,3.0,1.0
0.9301587301587302,0.8688586633266757,0.23118316026306024,6.375024819828097,3.3433976136291093,0.07121264934539795,1.3629729222668319,30.0,3.0,1.0
0.8976034858387799,0.6335754176238956,0.2841458659277569,6.023447592961033,3.1740288920704893,0.07121264934539795,1.3122774225809561,31.0,3.0,1.0
0.9003215434083601,0.38822794574834896,0.2727155657433944,5.638354669333745,2.9897843636388495,0.07121264934539795,1.2578441493265802,32.0,3.0,1.0
0.91015625,0.50897770636953,0.32903009602269556,6.1463292576688975,3.233108398772586,0.07121264934539795,1.3176346545790543,33.0,3.0,1.0
0.9004424778761062,0.6631775256000074,0.3359634645120835,6.0112671744041615,3.168179962863699,0.07121264934539795,1.3050397230335589,34.0,3.0,1.0
0.9485530546623794,0.6068139545220045,0.32016812792346944,5.69035945432406,3.0145809480811034,0.07121264934539795,1.094526608287067,35.0,3.0,1.0
0.8735294117647059,0.6710292630408349,0.2887025153459354,5.697093486505405,3.0177938398431716,0.07121264934539795,1.3642269821256958,36.0,3.0,1.0
0.9049079754601227,0.4474093600954294,0.26529637317793164,5.69035945432406,3.0145809480811034,0.07121264934539795,1.2884982082903758,37.0,3.0,1.0
0.9253731343283582,0.6320927565216827,0.3719821451444385,5.231108616854587,2.7966128250823066,0.07121264934539795,1.2880953881564106,38.0,3.0,1.0
0.8767123287671232,0.6555679282174789,0.3599216072783965,5.54907608489522,2.9472805524664683,0.07121264934539795,1.298326040441292,39.0,3.0,1.0
0.9259259259259259,0.46789306981126594,0.3286662530194933,5.786897381366708,3.06068374343092,0.07121264934539795,1.1695599121404952,40.0,3.0,1.0
0.9497206703910615,0.3701421244195925,0.344634248591067,5.14166355650266,2.7544415768409354,0.07121264934539795,1.0327441450042667,41.0,3.0,1.0
0.8840970350404312,0.867915082233724,0.29733046687115217,6.487684018484611,3.3978788138144727,0.07121264934539795,1.4362609807253728,42.0,3.0,1.0
0.9175050301810865,0.7334483560615149,0.28663647352496235,6.124683390894205,3.222691947404774,0.07121264934539795,1.3795676650990678,43.0,3.0,1.0
0.8917293233082707,0.6567332948829454,0.2771653896183149,6.386879319362645,3.3491258313670405,0.07121264934539795,1.3984421759836865,44.0,3.0,1.0
0.87527352297593,0.4882431595127975,0.2771931093061044,5.993961427306569,3.159872180588705,0.07121264934539795,1.4459995934247274,45.0,3.0,1.0
0.918429003021148,0.43970366297068525,0.29320383950793044,5.720311776607412,3.0288750842692833,0.07121264934539795,1.237966664979769,46.0,3.0,1.0
0.923679060665362,0.5977173657708694,0.3213623758548051,6.159095388491933,3.239253596776368,0.07121264934539795,1.276463407563356,47.0,3.0,1.0
0.9056122448979592,0.5531621978580455,0.28719659111986817,5.87493073085203,3.102804487185762,0.07121264934539795,1.2565452083995992,48.0,3.0,1.0
0.95703125,0.5617253325651506,0.3070350394681064,5.5053315359323625,2.9264854941641447,0.07121264934539795,1.0904302871755955,49.0,3.0,1.0
0.9246861924686193,0.4076901300267948,0.3234570485522305,6.093569770045136,3.2077264394885976,0.07121264934539795,1.2160178378407394,50.0,3.0,1.0
0.9304556354916067,0.34261261247467323,0.32123612148246833,5.963579343618446,3.1452935205900445,0.07121264934539795,1.1721381190185176,51.0,3.0,1.0
0.924812030075188,0.7831335771486874,0.28637829691571065,5.91350300563827,3.121283105238069,0.07121264934539795,1.3067013732407164,52.0,3.0,1.0
0.9259259259259259,0.2557146460326498,0.3072878063441404,5.707110264748875,3.022573818272304,0.07121264934539795,1.2034081117563542,53.0,3.0,1.0
0.897489539748954,0.7402720301668775,0.29949612335630704,6.063785208687608,3.19340805480027,0.07121264934539795,1.3070205616152275,54.0,3.0,1.0
0.9382716049382716,0.3439087288038759,0.2870732247963728,5.942799375126701,3.1353272180420215,0.07121264934539795,1.144929256768825,55.0,3.0,1.0
0.8661087866108786,0.231518542324742,0.27705233654438993,6.028278520230698,3.1763490268282606,0.07121264934539795,1.4277124019100422,56.0,3.0,1.0
0.8892405063291139,0.7953450164738192,0.32134725200492614,6.333279628139691,3.3232345766671405,0.07121264934539795,1.5025574588532489,57.0,3.0,1.0
0.918141592920354,0.37920539948347454,0.27509481333703173,6.030685260261263,3.1775049819767096,0.07121264934539795,1.2149156587507277,58.0,3.0,1.0
0.9263565891472868,0.560461703596229,0.33428912478319467,5.480638923341991,2.91475638775334,0.07121264934539795,1.2100415007738308,59.0,3.0,1.0
0.8613138686131386,0.538689535050625,0.2851267049284593,6.159095388491933,3.239253596776368,0.07121264934539795,1.458572121592702,60.0,3.0,1.0
0.9357366771159875,0.5135200123149587,0.29682378265549086,6.393590753950631,3.352369345593839,0.07121264934539795,1.2243766478775007,61.0,3.0,1.0
0.9141689373297003,0.7522132874544419,0.2705112925239757,6.51025834052315,3.408806987605452,0.07121264934539795,1.3606597440529677,62.0,3.0,1.0
0.9076517150395779,0.7854752354014448,0.3277061952444881,5.84354441703136,3.0877787618435875,0.07121264934539795,1.3461755452218809,63.0,3.0,1.0
0.9624217118997912,0.7326627161616497,0.2821240898267733,6.135564891081739,3.2279278580058395,0.07121264934539795,1.1493386814344615,64.0,3.0,1.0
0.9044943820224719,0.45681263720179804,0.35841872948763837,6.182084906716632,3.2503234609725857,0.07121264934539795,1.3750258816884342,65.0,3.0,1.0
0.9293139293139293,0.7178648418866058,0.2700450559619009,6.104793232414985,3.2131239119730264,0.07121264934539795,1.3553816638969578,66.0,3.0,1.0
0.9177489177489178,0.47201166232248515,0.3264695951526203,6.052089168924417,3.187787517538405,0.07121264934539795,1.214008178773183,67.0,3.0,1.0
0.9305993690851735,0.6907871676664143,0.3888323695517365,5.69035945432406,3.0145809480811034,0.07121264934539795,1.176531867100518,68.0,3.0,1.0
0.8611500701262272,0.635566219784972,0.3108161126646127,6.421622267806518,3.3659201866558828,0.07121264934539795,1.5044461157024032,69.0,3.0,1.0
0.9411764705882353,0.5246068087489087,0.3456282383033151,5.41610040220442,2.8841319408092607,0.07121264934539795,1.1449145145041255,70.0,3.0,1.0
0.9323144104803494,0.5953236694114217,0.22095857306679564,6.059123195581797,3.1911675782799995,0.07121264934539795,1.180772829933377,71.0,3.0,1.0
0.8622589531680441,0.40844174109603437,0.34027473610166703,5.749392985908253,3.0427620955781656,0.07121264934539795,1.3373471951605855,72.0,3.0,1.0
0.8822170900692841,0.8103360170781554,0.2877154615162947,6.639875833826536,3.4716254223328975,0.06917748600244522,2.075320522374784,1.0,4.0,1.0
0.7768860353130016,0.6339996858800359,0.32056133251774577,6.184148890937483,3.2513175229518874,0.06917748600244522,1.955359298493597,2.0,4.0,1.0
0.8839779005524862,0.7392847689139451,0.23653769442528205,6.175867270105761,3.2473291203198698,0.06917748600244522,1.5460383122570653,3.0,4.0,1.0
0.7638009049773755,0.6375467825606022,0.3072504204958155,6.739336627357174,3.519907641503865,0.06917748600244522,2.4456244672835887,4.0,4.0,1.0
0.872093023255814,0.7731272663619077,0.2575901042485589,6.26530121273771,3.290430229380671,0.06917748600244522,1.5720737118180925,5.0,4.0,1.0
0.8785249457700651,0.6355288751687858,0.2804491445108822,6.0063531596017325,3.1658206718738926,0.06917748600244522,1.403864262930444,6.0,4.0,1.0
0.9205526770293609,0.7796458707389422,0.24761280458542567,6.280395838960195,3.297711255897661,0.06917748600244522,1.354680801226665,7.0,4.0,1.0
0.8584758942457231,0.7276725748626365,0.3114621852144432,6.315358001522335,3.314582570774374,0.06917748600244522,1.5690448337402447,8.0,4.0,1.0
0.8829268292682927,0.7067506276185276,0.3293219276278344,6.298949246855942,3.306663161251125,0.06917748600244522,1.5272121737722393,9.0,4.0,1.0
0.9265625,0.46306120567834763,0.2990048087128954,6.386879319362645,3.3491258313670405,0.06917748600244522,1.3692509312546992,10.0,4.0,1.0
0.8095238095238095,0.4371463613897099,0.26480546829114243,6.269096283706261,3.2922606426771264,0.06917748600244522,1.8379533870809488,11.0,4.0,1.0
0.9263301500682128,0.7404671895255232,0.28669519891982953,6.522092798170152,3.414537507771146,0.06917748600244522,1.3128802516162354,12.0,4.0,1.0
0.7960199004975125,0.6414140339595313,0.29917807665726326,6.175867270105761,3.2473291203198698,0.06917748600244522,1.9541455758520214,13.0,4.0,1.0
0.8018867924528302,0.5391171127156851,0.29052940152184875,6.236369590203704,3.276479959863799,0.06917748600244522,2.0901997032624613,14.0,4.0,1.0
0.7916279069767442,0.8800362585031773,0.26103343077568497,6.747586526829315,3.523915451600471,0.06917748600244522,2.269309387564072,15.0,4.0,1.0
0.9148514851485149,0.43266115194730104,0.36092929817442465,6.137727054086234,3.22896835793912,0.06917748600244522,1.2793786458674403,16.0,4.0,1.0
0.8608,0.43469052281415105,0.30935536504698974,6.289715570908998,3.3022076251803294,0.06917748600244522,1.534086800565982,17.0,4.0,1.0
0.7516005121638925,0.5671269316174571,0.28074864526716636,6.376726947898627,3.344220033059043,0.06917748600244522,2.1317001580325825,18.0,4.0,1.0
0.8214826021180031,0.7794423973529336,0.3551876799319554,6.298949246855942,3.306663161251125,0.06917748600244522,1.6417047713580546,19.0,4.0,1.0
0.932601880877743,0.5756680362889954,0.33235190775412377,6.39024066706535,3.350750266349798,0.06917748600244522,1.256103682230863,20.0,4.0,1.0
0.9348739495798319,0.2345812417220164,0.32573923820136114,6.100318952020064,3.210972056475935,0.06917748600244522,1.225099437870385,21.0,4.0,1.0
0.8192534381139489,0.25128843037045173,0.32353418193208905,6.035481432524756,3.1798087326686115,0.06917748600244522,1.8177566283558726,22.0,4.0,1.0
0.8848920863309353,0.48822056332565084,0.3234751165974572,5.91350300563827,3.121283105238069,0.06917748600244522,1.4565850523729182,23.0,4.0,1.0
0.8526200873362445,0.8043177865823955,0.32317759624111586,6.661854740545311,3.482289073004269,0.06917748600244522,1.6689449766393634,24.0,4.0,1.0
0.8915441176470589,0.6277563193960882,0.3255814857223169,6.186208623900494,3.252309572886743,0.06917748600244522,1.3839424007497285,25.0,4.0,1.0
0.896,0.6524397016663799,0.33058786468659873,5.820082930352362,3.0765530684378692,0.06917748600244522,1.2744250995002848,26.0,4.0,1.0
0.7739075364154528,0.9036620691154621,0.2982909970474634,7.109062135687172,3.6999401113279555,0.06917748600244522,2.701599668427164,27.0,4.0,1.0
0.9473684210526315,0.8223645090709378,0.2823398403759898,6.150602768446279,3.235165373652169,0.06917748600244522,1.2742789063793105,28.0,4.0,1.0
0.9288590604026845,0.8144757676142318,0.35333344917022474,6.541029999189903,3.4237094557778343,0.06917748600244522,1.4058766281789787,29.0,4.0,1.0
0.9005059021922428,0.8349398747622826,0.3040116615803367,6.282266746896006,3.298613832542201,0.06917748600244522,1.4824792093194339,30.0,4.0,1.0
0.9541029207232267,0.7267268888473924,0.32757359988624635,6.532334292222349,3.419497499040171,0.06917748600244522,1.2088574495019329,31.0,4.0,1.0
0.93519882179676,0.8080152601714673,0.29324134353455095,6.455198563340122,3.3821592836002257,0.06917748600244522,1.3665863565643828,32.0,4.0,1.0
0.8702830188679245,0.5978027008219402,0.28324330383273955,5.91350300563827,3.121283105238069,0.06917748600244522,1.5801226530565298,33.0,4.0,1.0
0.7716763005780347,0.85455483596053,0.24858903125586324,6.687108607866515,3.4945457388519543,0.06917748600244522,2.484037237455824,34.0,4.0,1.0
0.8315789473684211,0.593182946661818,0.3158317313907671,5.981414211254481,3.153850460820174,0.06917748600244522,1.7520066368918807,35.0,4.0,1.0
0.8240740740740741,0.15742128902107455,0.31219061008291193,6.100318952020064,3.210972056475935,0.06917748600244522,1.6711098703522465,36.0,4.0,1.0
0.9040590405904059,0.48479199354377195,0.3126187977347485,6.19644412779452,3.257239926085709,0.06917748600244522,1.3380564806719364,37.0,4.0,1.0
0.7821782178217822,0.6107228220865475,0.2627242345420022,6.163314804034641,3.2412849880539736,0.06917748600244522,2.099959551380946,38.0,4.0,1.0
0.7918745545260156,0.8995303059448241,0.31364754257669786,7.013915474810528,3.653530948110269,0.06917748600244522,2.713894378303309,39.0,4.0,1.0
0.7882960413080895,0.599867938255897,0.28352621061606453,6.129050210060545,3.2247930321274607,0.06917748600244522,1.9071938465066032,40.0,4.0,1.0
0.9001919385796545,0.2551707551429637,0.3153842613026097,6.152732694704104,3.2361906317473745,0.06917748600244522,1.3621148505413696,41.0,4.0,1.0
0.802439024390244,0.6498434698600112,0.3334676082044141,6.490723534502507,3.3993500180758454,0.06917748600244522,2.0249413716789055,42.0,4.0,1.0
0.7453358208955224,0.22401025168292973,0.3453671503696084,6.684611727667927,3.4933337144025005,0.06917748600244522,2.3005516502313417,43.0,4.0,1.0
0.8084210526315789,0.8697189698575434,0.28014582348765915,6.645090969505644,3.474155383098723,0.06917748600244522,2.1276484285750867,44.0,4.0,1.0
0.8055555555555556,0.5518965971901713,0.29916675816424226,6.077642243349034,3.2000686100941182,0.06917748600244522,1.8845660050558564,45.0,4.0,1.0
0.8354898336414048,0.7238105262658155,0.22883148532167608,6.115892125483034,3.2184625457423364,0.06842103600502014,1.7429134346707411,1.0,5.0,1.0
0.9574468085106383,0.8121990088923533,0.2646772349825379,6.447305862541213,3.3783412358802214,0.06842103600502014,1.2176681890841765,2.0,5.0,1.0
0.8486590038314177,0.7139689430370011,0.24303914118534914,6.095824562432225,3.208810703734761,0.06842103600502014,1.5621729606598034,3.0,5.0,1.0
0.885593220338983,0.6946455394193365,0.23417050403307713,6.037870919922137,3.180956553878238,0.06842103600502014,1.4345120571134413,4.0,5.0,1.0
0.8637274549098196,0.10439960030989104,0.34848066665346383,6.068425588244111,3.1956383237685504,0.06842103600502014,1.6056673354345543,5.0,5.0,1.0
0.8884381338742393,0.8160339509271171,0.17090033128600018,6.0844994130751715,3.2033652131088193,0.06842103600502014,1.4206267297902573,6.0,5.0,1.0
0.8678756476683938,0.5876017145812275,0.22848649050771994,5.817111159963204,3.0751315334710707,0.06842103600502014,1.495883018771921,7.0,5.0,1.0
0.9389312977099237,0.8745538814654296,0.16607955333320415,6.20050917404269,3.259198265185218,0.06842103600502014,1.3540766489478862,8.0,5.0,1.0
0.8132678132678133,0.7723944677110375,0.23402124580826972,6.4967749901858625,3.4022792812655616,0.06842103600502014,1.9553246632790888,9.0,5.0,1.0
0.9027522935779817,0.7836647701825694,0.29477096901910466,6.20050917404269,3.259198265185218,0.06842103600502014,1.442155071431341,10.0,5.0,1.0
0.9085106382978724,0.757751474089896,0.23856854052998913,6.059123195581797,3.1911675782799995,0.06842103600502014,1.481314014885173,11.0,5.0,1.0
0.8217391304347826,0.8110046808644823,0.22396897796277804,6.342121418721152,3.327504049817454,0.06842103600502014,1.7405107896162062,12.0,5.0,1.0
0.8509615384615384,0.7403491884859877,0.21639839247389003,5.872117789475416,3.101457452879022,0.06842103600502014,1.7480914945815933,13.0,5.0,1.0
0.7667682926829268,0.9144886182278189,0.2611232062003216,6.914730892718563,3.605208936019893,0.06842103600502014,2.422385086768024,14.0,5.0,1.0
0.8493827160493828,0.4764633886538343,0.3237369154093338,5.84354441703136,3.0877787618435875,0.06842103600502014,1.6488771749396685,15.0,5.0,1.0
0.8949522510231923,0.8100483499975594,0.2235709361219076,6.487684018484611,3.3978788138144727,0.06842103600502014,1.4234785360217648,16.0,5.0,1.0
0.9065656565656566,0.5545714760261143,0.2831343818802842,5.886104031450156,3.1081557865296174,0.06842103600502014,1.3146637013393783,17.0,5.0,1.0
0.9249592169657422,0.8162715799841687,0.2505476194618266,6.342121418721152,3.327504049817454,0.06842103600502014,1.4000085909942246,18.0,5.0,1.0
0.9002493765586035,0.6184394388661527,0.27603789761527525,5.891644211825771,3.1108096154451643,0.06842103600502014,1.3796703444981075,19.0,5.0,1.0
0.8557377049180328,0.663636757624843,0.35643008958407507,5.568344503761097,2.9564467719424368,0.06842103600502014,1.4811406542913197,20.0,5.0,1.0
0.7959183673469388,0.7023520503307634,0.3252327926734971,5.746203190540153,3.041238477168779,0.06842103600502014,1.9680056058776907,21.0,5.0,1.0
0.8245614035087719,0.452937511408579,0.28832782423858977,6.049733455231958,3.186655623772265,0.06842103600502014,1.7580233860679655,22.0,5.0,1.0
0.8241563055062167,0.7149579435191871,0.3115146142301183,6.142037405587356,3.231042751474132,0.06842103600502014,2.0837014637903555,23.0,5.0,1.0
0.7396449704142012,0.9324043680231523,0.2127721035357075,6.90875477931522,3.6022993202089695,0.06842103600502014,2.552461866806606,24.0,5.0,1.0
0.8143564356435643,0.7595382714923906,0.25813634960983106,5.799092654460526,3.0665142789978814,0.06842103600502014,1.738097041376905,25.0,5.0,1.0
0.8075801749271136,0.6489690110109388,0.28986249681584036,5.627621113690637,2.984669918120727,0.06842103600502014,1.6824367429469866,26.0,5.0,1.0
0.9377682403433476,0.8576226288529399,0.3348576385133216,6.082218910376446,3.202268809820244,0.06842103600502014,1.3054434028711106,27.0,5.0,1.0
0.7442348008385744,0.5597636866955116,0.25331165106723175,5.87493073085203,3.102804487185762,0.06842103600502014,2.1096695275159463,28.0,5.0,1.0
0.9039301310043668,0.7724947059151264,0.22293372777019763,6.028278520230698,3.1763490268282606,0.06842103600502014,1.4243844281288036,29.0,5.0,1.0
0.8544600938967136,0.6976839396878401,0.2997547669868163,5.8998973535824915,3.1147635268,0.06842103600502014,1.6513727906745794,30.0,5.0,1.0
0.7672583826429981,0.5126192092681546,0.30337159672102854,5.966146739123692,3.146525145745436,0.06842103600502014,2.216166147745772,31.0,5.0,1.0
0.8907922912205567,0.8326308563677811,0.2510386488643181,6.0330862217988015,3.1786582129639043,0.06842103600502014,1.487558627600683,32.0,5.0,1.0
0.8590522478736331,0.865912431213489,0.25142151956062864,6.56244409369372,3.434084161662506,0.06842103600502014,1.8296747212876125,33.0,5.0,1.0
0.8163522012578617,0.8590472659739667,0.3356340777187075,6.476972362889683,3.3926946390755788,0.06842103600502014,2.098143495008136,34.0,5.0,1.0
0.8846761453396524,0.856032718680179,0.2900228766431188,6.329720905522696,3.321516334310741,0.06842103600502014,1.5640472195132737,35.0,5.0,1.0
0.8181818181818182,0.7616373290451188,0.2796554252713701,6.131226489483141,3.2258402046274908,0.06842103600502014,2.3321919903560864,36.0,5.0,1.0
0.7949080622347949,0.7507042725449492,0.2206563876260549,6.333279628139691,3.3232345766671405,0.06842103600502014,2.144095118754107,37.0,5.0,1.0
0.8797169811320755,0.7915905462278756,0.3422391645680133,5.924255797414532,3.126436863496589,0.06842103600502014,1.3917994446756254,38.0,5.0,1.0
0.8568738229755178,0.6687596565381736,0.2803898988824678,6.1224928095143865,3.221638015754096,0.06842103600502014,2.070741106276582,39.0,5.0,1.0
0.9213483146067416,0.7046301096039429,0.29234831975903885,5.796057750765372,3.0650631622973936,0.06842103600502014,1.2269040746480395,40.0,5.0,1.0
0.9504273504273504,0.7925687964659972,0.2884823854876988,6.322565239927284,3.3180616975800703,0.06842103600502014,1.2446809740508866,41.0,5.0,1.0
0.8972162740899358,0.7215811293925395,0.27394850592166753,6.040254711277414,3.1821016892896967,0.06842103600502014,1.4186296372971492,42.0,5.0,1.0
0.9080962800875274,0.7542231039112761,0.2086741415227684,6.030685260261263,3.1775049819767096,0.06842103600502014,1.4242721310620663,43.0,5.0,1.0
0.7954220314735336,0.6281477071955651,0.2351655391575654,6.322565239927284,3.3180616975800703,0.06842103600502014,1.95291881811436,44.0,5.0,1.0
0.9193548387096774,0.723475819830817,0.334380451894085,6.2422232654551655,3.2793019394667504,0.06842103600502014,1.3589570173867744,45.0,5.0,1.0
0.8451612903225807,0.7284421234900398,0.2520364181144391,5.976350909297934,3.1514208600279643,0.06842103600502014,1.6130992110085416,46.0,5.0,1.0
0.8454746136865342,0.7846109344213508,0.26763821643633207,5.950642552587727,3.139088428061438,0.0674247220158577,1.6552166838808273,1.0,6.0,1.0
0.930952380952381,0.8378561989941238,0.2753827199146538,5.971261839790462,3.148979129142304,0.0674247220158577,1.3006303843261338,2.0,6.0,1.0
0.784741144414169,0.8444959272144834,0.3006860044315457,5.666426688112432,3.003166047426715,0.0674247220158577,1.8025735863333614,3.0,6.0,1.0
0.8815331010452961,0.45523463617279925,0.2831914795454096,5.537334267018537,2.9416967689887894,0.0674247220158577,1.2998075781367013,4.0,6.0,1.0
0.8357664233576643,0.5366185533265215,0.30228526478492784,5.438079308923196,2.894556062106034,0.0674247220158577,1.526777057724702,5.0,6.0,1.0
0.9264705882352942,0.6482393215881055,0.22936439474577666,5.755742213586912,3.045795129144854,0.0674247220158577,1.2775382110620854,6.0,6.0,1.0
0.8737864077669902,0.747794660334965,0.26412713131176296,5.8888779583328805,3.109484502806863,0.0674247220158577,1.4594393441747098,7.0,6.0,1.0
0.8349514563106796,0.7728728951953057,0.36827614295253525,5.153291594497779,2.7599184194313575,0.0674247220158577,1.5402474771549035,8.0,6.0,1.0
0.8974358974358975,0.5569149091127253,0.281464040968812,5.351858133476067,2.8536943814877196,0.0674247220158577,1.2509480092926084,9.0,6.0,1.0
0.8348214285714286,0.4420675126626139,0.41228695490557465,5.236441962829949,2.7991304191960698,0.0674247220158577,1.5641797561484156,10.0,6.0,1.0
0.7558528428093646,0.7514719112670516,0.3854673849045503,5.424950017481403,2.888328474376144,0.0674247220158577,1.8521666906427579,11.0,6.0,1.0
0.9047619047619048,0.7969648743171937,0.24447283395057232,6.124683390894205,3.222691947404774,0.0674247220158577,1.3539794214499195,12.0,6.0,1.0
0.8603896103896104,0.48125162956091383,0.3140886131104991,5.583496308781699,2.963657433055631,0.0674247220158577,1.3861484257513086,13.0,6.0,1.0
0.8754325259515571,0.784520776772046,0.2965158526159567,5.537334267018537,2.9416967689887894,0.0674247220158577,1.3476169681564008,14.0,6.0,1.0
0.884393063583815,0.5418558573674334,0.32015651509821746,5.0369526024136295,2.705198102736549,0.0674247220158577,1.1780520607977485,15.0,6.0,1.0
0.9046242774566474,0.6311292070764999,0.25948649497750886,5.749392985908253,3.0427620955781656,0.0674247220158577,1.355303588983332,16.0,6.0,1.0
0.7952380952380952,0.6760760884794089,0.35365838701805036,5.123963979403259,2.746108215757886,0.0674247220158577,1.6650804960281114,17.0,6.0,1.0
0.8673139158576052,0.49062376256499873,0.273268102153524,5.594711379601839,2.968996182651891,0.0674247220158577,1.4525148307254285,18.0,6.0,1.0
0.8443708609271523,0.524734862628675,0.2569465858174516,5.545177444479562,2.9454264031731636,0.0674247220158577,1.385338517600512,19.0,6.0,1.0
0.8925233644859814,0.5703595673854892,0.37208096978961375,5.2574953720277815,2.809071938838489,0.0674247220158577,1.4153358589093035,20.0,6.0,1.0
0.8680981595092024,0.4144223866205166,0.3151452037858447,5.648974238161206,2.9948456661727745,0.0674247220158577,1.4083046095687533,21.0,6.0,1.0
0.9164490861618799,0.7529107096756384,0.25213593971280623,5.863631175598097,3.0973939182078127,0.0674247220158577,1.3531138732916534,22.0,6.0,1.0
0.8871794871794871,0.7421943677341589,0.34061063299798866,5.159055299214529,2.762633757250194,0.0674247220158577,1.2409856077848918,23.0,6.0,1.0
0.8901303538175046,0.7780057832535832,0.2550816626045836,6.171700597410915,3.2453226809481306,0.0674247220158577,1.4221793853692255,24.0,6.0,1.0
0.7402190923317684,0.2675909431943891,0.32531569438888913,6.161207321695077,3.2402703450710373,0.0674247220158577,2.1672119784096253,25.0,6.0,1.0
0.7915966386554621,0.8223447478157603,0.232335052431402,6.156978985585555,3.238234734370268,0.0674247220158577,1.838880569479013,26.0,6.0,1.0
0.8563218390804598,0.7991453440671804,0.25015996681418945,6.104793232414985,3.2131239119730264,0.0674247220158577,1.5048812964746587,27.0,6.0,1.0
0.8819095477386935,0.7338206285477206,0.2682684196902325,5.863631175598097,3.0973939182078127,0.0674247220158577,1.3858498955838363,28.0,6.0,1.0
0.9287833827893175,0.7462601702337659,0.31515182549637166,5.749392985908253,3.0427620955781656,0.0674247220158577,1.1939004647401976,29.0,6.0,1.0
0.8,0.7156408946164855,0.22318829723758804,5.771441123130016,3.0532962245824553,0.0674247220158577,1.611160785743203,30.0,6.0,1.0
0.8556962025316456,0.7073935020215059,0.30986971481804454,5.82600010738045,3.0793837807874476,0.0674247220158577,1.6453754014005602,31.0,6.0,1.0
0.9621621621621622,0.4374835089450526,0.2328240888070823,5.877735781779639,3.104147817354147,0.0674247220158577,1.0677162119260137,32.0,6.0,1.0
0.9182692307692307,0.653533024965802,0.32799376323424906,5.2574953720277815,2.809071938838489,0.0674247220158577,1.1283882610904519,33.0,6.0,1.0
0.8629032258064516,0.6871113447891687,0.33530920267084335,5.3706380281276624,2.8625873288802732,0.0674247220158577,1.3514014891819885,34.0,6.0,1.0
0.84688995215311,0.7526147575737195,0.2832671578495508,5.872117789475416,3.101457452879022,0.0674247220158577,1.51830475798194,35.0,6.0,1.0
0.9272151898734177,0.5989296371623916,0.2732526777292292,5.683579767338681,3.0113467377374623,0.0674247220158577,1.266379504920463,36.0,6.0,1.0
0.9125,0.76137152697202,0.36051217838798505,5.393627546352361,2.873479142517127,0.0674247220158577,1.2593166455484235,37.0,6.0,1.0
0.8619631901840491,0.6981100203501984,0.33400154085007433,5.641907070938114,2.9914773142196367,0.0674247220158577,1.608095633257037,38.0,6.0,1.0
0.8916256157635468,0.6593100851430461,0.22788576493277393,5.204006687076795,2.7838246803208118,0.0674247220158577,1.2840101284803405,39.0,6.0,1.0
0.9148936170212766,0.7338294595250121,0.23141825365216265,5.84354441703136,3.0877787618435875,0.0674247220158577,1.3633573785014106,40.0,6.0,1.0
0.9303135888501742,0.654893661515789,0.3805396242654008,5.5909869805108565,2.9672230972061335,0.0674247220158577,1.263601875224613,41.0,6.0,1.0
0.8502415458937198,0.5900702911010546,0.275074776939041,5.8664680569332965,3.0987521892558383,0.0674247220158577,1.5891190704361666,42.0,6.0,1.0
0.8811188811188811,0.8318951266132477,0.3462063220926626,4.844187086458591,2.614912806464826,0.0674247220158577,1.31074260784471,43.0,6.0,1.0
0.9565217391304348,0.415658516534539,0.30102706292612125,5.579729825986222,2.9618647580378745,0.0674247220158577,1.0446603991481238,44.0,6.0,1.0
0.8755364806866953,0.5069763894274777,0.2874896346050298,5.3230099791384085,2.8400416325032074,0.0674247220158577,1.3519134577211018,45.0,6.0,1.0
0.911660777385159,0.6625385691883361,0.4007735310618497,5.556828061699537,2.9509677866405175,0.0674247220158577,1.3692299301865525,46.0,6.0,1.0
0.7975206611570248,0.5937435478766788,0.29345836532463043,5.267858159063328,2.813967224545036,0.0674247220158577,1.6423523055086964,47.0,6.0,1.0
0.8172757475083057,0.8923317742480601,0.24304191382177076,6.20050917404269,3.259198265185218,0.0674247220158577,1.8690527439387625,48.0,6.0,1.0
0.8242894056847545,0.4857218080637779,0.31675285770286776,5.768320995793772,3.051805203465507,0.0674247220158577,1.5709116341335219,49.0,6.0,1.0
0.8695652173913043,0.39391238463782163,0.3649302560513086,5.303304908059076,2.8307214899683775,0.0674247220158577,1.324612830353217,50.0,6.0,1.0
0.963302752293578,0.6869140852815743,0.28181546583664846,5.755742213586912,3.045795129144854,0.0674247220158577,1.1099426864093864,51.0,6.0,1.0
0.8492063492063492,0.8276909844107267,0.2008762666183331,6.061456918928017,3.1922890983518433,0.0674247220158577,1.540087968719869,52.0,6.0,1.0
0.7946666666666666,0.6087085437669694,0.30721930351844356,5.700443573390686,3.0193923792804047,0.0674247220158577,1.6961880595960916,53.0,6.0,1.0
0.9054545454545454,0.6441668393594526,0.29286283158370924,5.521460917862246,2.934150599309053,0.0674247220158577,1.2030827774017068,54.0,6.0,1.0
0.9191489361702128,0.6766663852980949,0.34755723724901627,5.37989735354046,2.866973427027827,0.0674247220158577,1.2368306498056523,55.0,6.0,1.0
0.7832167832167832,0.7739380308038684,0.3293563212254122,5.41610040220442,2.8841319408092607,0.0674247220158577,1.6919743616616043,56.0,6.0,1.0
0.8918918918918919,0.8054231207146574,0.30336231448958,6.137727054086234,3.22896835793912,0.0674247220158577,1.4823784228991337,57.0,6.0,1.0
0.8266978922716628,0.7885877897087245,0.2629831989709928,5.869296913133774,3.1001066938284993,0.0674247220158577,1.762703987671764,58.0,6.0,1.0
0.7472222222222222,0.7359470944156766,0.2375373409467525,5.598421958998375,2.970762833670308,0.0674247220158577,2.209687055864333,59.0,6.0,1.0
0.9102990033222591,0.3902019005791655,0.3534517720323809,5.616771097666572,2.9795011941353966,0.0674247220158577,1.2443324559984283,60.0,6.0,1.0
0.9017199017199017,0.7724661969262121,0.2724787131915169,5.908082938168931,3.118685701754257,0.0674247220158577,1.4195366103565883,61.0,6.0,1.0
0.8429319371727748,0.6597070965021865,0.25445694136802993,5.777652323222656,3.0562646669363067,0.0674247220158577,1.4919675031583228,62.0,6.0,1.0
0.8321167883211679,0.540084731056134,0.361840476914807,5.43372200355424,2.892489058363821,0.0674247220158577,1.662290600930699,63.0,6.0,1.0
0.8878504672897196,0.34323285567448025,0.27378351694398195,5.655991810819852,2.998190888656356,0.0674247220158577,1.3430898727120533,64.0,6.0,1.0
0.8820678513731826,0.8720498877491409,0.20781878930868797,6.304448802421981,3.3093171909672208,0.0674247220158577,1.5393111853766808,65.0,6.0,1.0
0.8258196721311475,0.7963083299047431,0.287310786337775,6.0014148779611505,3.163449948097688,0.0674247220158577,2.2179691844383016,66.0,6.0,1.0
0.909433962264151,0.531576620559361,0.2934190496300931,5.488937726156687,2.9186976166432883,0.0674247220158577,1.3791347151575548,67.0,6.0,1.0
0.926829268292683,0.7686066667170095,0.31719120870702533,5.720311776607412,3.0288750842692833,0.0674247220158577,1.2539910971901942,68.0,6.0,1.0
0.9146919431279621,0.4558854103927836,0.30774837480871237,5.267858159063328,2.813967224545036,0.0674247220158577,1.3611351396448073,69.0,6.0,1.0
0.8865435356200527,0.6574890327681246,0.26289585540664834,5.820082930352362,3.0765530684378692,0.0674247220158577,1.3994754119296307,70.0,6.0,1.0
0.7490636704119851,0.7997845244590271,0.35437379360656274,5.303304908059076,2.8307214899683775,0.0674247220158577,1.9139030686146759,71.0,6.0,1.0
0.7776183644189383,0.8811630714617957,0.29547412215388585,6.297109319933935,3.305775284959049,0.0674247220158577,1.9702103638766963,72.0,6.0,1.0
0.8333333333333334,0.8074655029446965,0.3395850557175598,6.077642243349034,3.2000686100941182,0.05936671420931816,2.1659475939214823,1.0,7.0,1.0
0.8839662447257384,0.8253109405947957,0.3389011176527872,6.040254711277414,3.1821016892896967,0.05936671420931816,1.9208808424083865,2.0,7.0,1.0
0.7208413001912046,0.8923857619948206,0.32951154319562403,5.934894195619588,3.1315368469780993,0.05936671420931816,3.3138009602533347,3.0,7.0,1.0
0.7828571428571428,0.7429773901195859,0.31325927200578785,5.616771097666572,2.9795011941353966,0.05936671420931816,2.276094049147054,4.0,7.0,1.0
0.8669354838709677,0.8377280828718785,0.3039464385958807,6.066108090103747,3.1945244593809208,0.05936671420931816,2.0882303529276824,5.0,7.0,1.0
0.8956356736242884,0.8610043506215204,0.2733331638305985,6.159095388491933,3.239253596776368,0.05936671420931816,1.5913747027884735,6.0,7.0,1.0
0.7751196172248804,0.8621017666276186,0.27167504077013377,6.47543271670409,3.391949558352509,0.05936671420931816,2.832886535182556,7.0,7.0,1.0
0.7988826815642458,0.7964042970245101,0.2864458274165129,6.063785208687608,3.19340805480027,0.05936671420931816,2.2141863381136146,8.0,7.0,1.0
0.8533886583679114,0.9277594435026183,0.3717666253995197,6.42648845745769,3.3682731816433544,0.05936671420931816,1.8824317848681682,9.0,7.0,1.0
0.9005376344086021,0.7553050326936003,0.33979987613804963,5.817111159963204,3.0751315334710707,0.05936671420931816,1.3452844835676392,10.0,7.0,1.0
0.91701244813278,0.8619526770408553,0.29610389591577474,6.093569770045136,3.2077264394885976,0.05936671420931816,1.4485653100869362,11.0,7.0,1.0
0.7584541062801933,0.8104202547055915,0.2994571397281907,5.752572638825633,3.044280969691109,0.05936671420931816,2.254874731614306,12.0,7.0,1.0
0.8650904033379694,0.9158280061310772,0.2855250639427748,6.434546518787453,3.3721699661478706,0.05936671420931816,1.7882214973420885,13.0,7.0,1.0
0.9551724137931035,0.7525943963573225,0.21875607923173856,5.627621113690637,2.984669918120727,0.05936671420931816,1.147957912626254,14.0,7.0,1.0
0.8957055214723927,0.8178908409527591,0.34749480925430065,6.0844994130751715,3.2033652131088193,0.05936671420931816,1.7306039132977147,15.0,7.0,1.0
0.8669527896995708,0.8519486118843829,0.3171053513086683,6.003887067106539,3.1646367460432785,0.05936671420931816,1.752551152789337,16.0,7.0,1.0
0.8444444444444444,0.5710955226033505,0.33738579790718604,5.43372200355424,2.892489058363821,0.05936671420931816,1.6110935650179683,17.0,7.0,1.0
0.8671641791044776,0.9071773880477152,0.29596422749987933,6.366470447731438,3.339264725630266,0.05936671420931816,1.7206618135213392,18.0,7.0,1.0
0.8888888888888888,0.7234403821718736,0.3193958761901931,5.820082930352362,3.0765530684378692,0.05936671420931816,1.3870088624890335,19.0,7.0,1.0
0.8,0.7879461840609587,0.2534595587038483,5.8664680569332965,3.0987521892558383,0.05936671420931816,1.921128289151251,20.0,7.0,1.0
0.8305709023941068,0.8924176768864323,0.23856723833355958,6.113682179832232,3.2173994642586936,0.05936671420931816,1.8811974428016982,21.0,7.0,1.0
0.8683544303797468,0.8160412074593076,0.34433412014862635,5.840641657373398,3.0863895830282515,0.05936671420931816,1.8583074939244173,22.0,7.0,1.0
0.8103448275862069,0.8426629192944738,0.32779236111827537,6.049733455231958,3.186655623772265,0.05936671420931816,2.2090180758046043,23.0,7.0,1.0
0.890652557319224,0.838719269077772,0.3338121228952883,6.226536669287466,3.2717402691855377,0.05936671420931816,1.5403816377744497,24.0,7.0,1.0
0.851963746223565,0.5901412620280704,0.35748517234091076,5.645446897643238,2.993164401484698,0.05936671420931816,1.542812473660119,25.0,7.0,1.0
0.8690851735015773,0.8974655817570455,0.26938235715785036,6.313548046277095,3.313708921488392,0.05936671420931816,1.7054942456697946,26.0,7.0,1.0
0.8826291079812206,0.8551384842878883,0.26243882484739345,5.932245187448011,3.1302668308155708,0.05936671420931816,1.5085472026043774,27.0,7.0,1.0
0.8228571428571428,0.6318388692814781,0.3221439389840459,5.666426688112432,3.003166047426715,0.05936671420931816,1.9244700498588432,28.0,7.0,1.0
0.8363970588235294,0.8395654116123179,0.25496874559565147,6.1224928095143865,3.221638015754096,0.05936671420931816,1.702709704876297,29.0,7.0,1.0
0.916083916083916,0.5877968844337099,0.3254721004071289,5.572154032177765,2.9582594772777395,0.05936671420931816,1.3206920259013226,30.0,7.0,1.0
0.8169014084507042,0.8087135928643177,0.30740249550897086,5.855071922202427,3.0932962940146203,0.05936671420931816,2.1413534551632307,31.0,7.0,1.0
0.8495702005730659,0.9016002100560273,0.3934865762008991,6.386879319362645,3.3491258313670405,0.05936671420931816,1.7901128902570804,32.0,7.0,1.0
0.9054621848739496,0.8927999882147584,0.2400789816239538,6.068425588244111,3.1956383237685504,0.05936671420931816,1.5097443550838223,33.0,7.0,1.0
0.8982035928143712,0.5794544273310003,0.2899988792476453,5.707110264748875,3.022573818272304,0.05936671420931816,1.3728507873903346,34.0,7.0,1.0
0.9146757679180887,0.25058042797466556,0.33420773879393173,5.594711379601839,2.968996182651891,0.05936671420931816,1.2550036185152476,35.0,7.0,1.0
0.8959731543624161,0.5226447259413779,0.36160149504459466,5.5909869805108565,2.9672230972061335,0.05936671420931816,1.3094829446402874,36.0,7.0,1.0
0.9206642066420664,0.8851119447565708,0.3297809376893417,6.214608098422191,3.2659914932493757,0.05936671420931816,1.4365772592350001,37.0,7.0,1.0
0.9106628242074928,0.7069499157048303,0.3197509202963195,5.75890177387728,3.047304603298942,0.05936671420931816,1.333528995678583,38.0,7.0,1.0
0.8931552587646077,0.852940837029478,0.29230241123982137,6.284134161070802,3.2995147517041805,0.05936671420931816,1.6532371826781398,39.0,7.0,1.0
0.9052924791086351,0.557941814493976,0.2950995430368064,5.786897381366708,3.06068374343092,0.05936671420931816,1.4521977500948824,40.0,7.0,1.0
0.918429003021148,0.6156684356743056,0.3600070614124338,5.720311776607412,3.0288750842692833,0.05936671420931816,1.237966664979769,41.0,7.0,1.0
0.9135446685878963,0.6270400371207908,0.3620007162646003,5.762051382780177,3.048809421238675,0.05936671420931816,1.3080066409437319,42.0,7.0,1.0
0.8909853249475891,0.8211468357366791,0.30264605624242,6.054439346269371,3.1889167998345416,0.05936671420931816,1.6044569079697388,43.0,7.0,1.0
0.9245283018867925,0.7401860059548886,0.3121073523323704,5.68697535633982,3.012966525513552,0.05936671420931816,1.2710572974955163,44.0,7.0,1.0
0.8961538461538462,0.4153185440366766,0.32888624292772356,5.455321115357702,2.902737237029169,0.05936671420931816,1.4220536391912895,45.0,7.0,1.0
0.9226190476190477,0.6586662010851811,0.381821207072937,5.739792912179234,3.0381768875019994,0.05936671420931816,1.2054543402054247,46.0,7.0,1.0
0.8831908831908832,0.6483917923434136,0.39586691739682495,5.739792912179234,3.0381768875019994,0.05936671420931816,1.5662883704131858,47.0,7.0,1.0
0.8788598574821853,0.8615741006217079,0.35963230632512616,5.916202062607435,3.122576648603987,0.05936671420931816,1.5030726639821332,48.0,7.0,1.0
0.9185667752442996,0.64356595887723,0.2707465919664832,5.645446897643238,2.993164401484698,0.05936671420931816,1.3251448420697933,49.0,7.0,1.0
0.9381443298969072,0.6909894969231177,0.33355747933080354,5.8998973535824915,3.1147635268,0.05936671420931816,1.2063754388574666,50.0,7.0,1.0
0.919047619047619,0.8502888848186191,0.3281662078566233,5.958424693029782,3.1428209247966743,0.05936671420931816,1.4336392142912524,51.0,7.0,1.0
0.9265822784810127,0.7254064571563461,0.2662682444786858,5.905361848054571,3.1173818047395194,0.05936671420931816,1.2346308003967963,52.0,7.0,1.0
0.8833333333333333,0.641350888604509,0.308847050387019,5.583496308781699,2.963657433055631,0.05936671420931816,1.458783814226545,53.0,7.0,1.0
0.8232611174458381,0.9408422770671094,0.3075914413328211,6.583409222158765,3.4442445246386226,0.05936671420931816,1.944116247890176,54.0,7.0,1.0
0.8986175115207373,0.8540482488108392,0.29357111965342825,5.968707559985366,3.147753676731401,0.05936671420931816,1.6006063102060435,55.0,7.0,1.0
0.8649885583524027,0.8011058740075508,0.3062637190264136,5.937536205082426,3.1328035721870147,0.05936671420931816,1.5548926479423046,56.0,7.0,1.0
0.9431818181818182,0.5121360075820215,0.35883299160117654,5.521460917862246,2.934150599309053,0.05936671420931816,1.1297435945418748,57.0,7.0,1.0
0.8929936305732484,0.9414591890965489,0.3048454416659462,6.553933404025811,3.429960506875607,0.05936671420931816,1.853573251178121,58.0,7.0,1.0
0.7819277108433735,0.9172822823844289,0.30805198696251485,6.476972362889683,3.3926946390755788,0.05936671420931816,2.008391412566014,59.0,7.0,1.0
0.8255159474671669,0.7644553449130771,0.2810718327613976,6.089044875446846,3.2055506818059016,0.05936671420931816,1.6900997552426127,60.0,7.0,1.0
0.7655786350148368,0.46904840536560094,0.26180857402115254,5.556828061699537,2.9509677866405175,0.05936671420931816,2.3222295470777135,61.0,7.0,1.0
0.8842504743833017,0.8955903498070887,0.32610617154413113,6.1463292576688975,3.233108398772586,0.05936671420931816,1.623270713552403,62.0,7.0,1.0
0.9196940726577438,0.8699426881829879,0.2953954928744622,6.1779441140506,3.248329267952155,0.05936671420931816,1.4568901282475244,63.0,7.0,1.0
0.9199134199134199,0.8271118502046991,0.3715124496453491,6.054439346269371,3.1889167998345416,0.05936671420931816,1.49976345980253,64.0,7.0,1.0
0.7933130699088146,0.6406712150877736,0.2804316288727143,5.568344503761097,2.9564467719424368,0.05936671420931816,1.9317624459063296,65.0,7.0,1.0
0.8450074515648286,0.8452109919328353,0.35034270109114324,6.342121418721152,3.327504049817454,0.05936671420931816,1.7938147452258135,66.0,7.0,1.0
0.9437086092715232,0.7672653848142628,0.2899293140672093,5.655991810819852,2.998190888656356,0.05936671420931816,1.2051912869500598,67.0,7.0,1.0
0.9200652528548124,0.8389904327140187,0.29828863367421454,6.336825731146441,3.324946824918697,0.05936671420931816,1.3968029653744238,68.0,7.0,1.0
0.8808988764044944,0.8311271873502041,0.29461830934498673,5.973809611869261,3.150201518454589,0.05936671420931816,1.4874113749435192,69.0,7.0,1.0
0.861003861003861,0.7975814963807676,0.3747057556041417,6.102558594613569,3.212049166133297,0.05936671420931816,1.5908975227448874,70.0,7.0,1.0
0.850412249705536,0.9077525054828522,0.3097070621600339,6.583409222158765,3.4442445246386226,0.05936671420931816,1.90705274623755,71.0,7.0,1.0
0.939922480620155,0.9114153934788823,0.28826928069043634,6.186208623900494,3.252309572886743,0.05936671420931816,1.4994977774963372,72.0,7.0,1.0
0.8997867803837953,0.8422892939957131,0.22971954499716954,6.0473721790462776,3.185521106364606,0.05936671420931816,1.4988651288056138,73.0,7.0,1.0
0.8880208333333334,0.7270210405459401,0.3276235416666481,5.834810737062605,3.0835993128074524,0.05936671420931816,1.426490654985122,74.0,7.0,1.0
0.862788144895719,0.9416405917260409,0.2724574829991287,6.668228248417403,3.4853819696275896,0.062020912766456604,2.253625320541084,1.0,8.0,1.0
0.9159836065573771,0.7339002998451531,0.23767360867512938,6.104793232414985,3.2131239119730264,0.062020912766456604,1.2823058027696308,2.0,8.0,1.0
0.8148148148148148,0.4849258627011408,0.2987105120778906,5.983936280687191,3.155060750185239,0.062020912766456604,2.0518615321859515,3.0,8.0,1.0
0.9170854271356784,0.7591377727098145,0.3682735429242856,5.902633333401366,3.116074419362811,0.062020912766456604,1.3729337295577904,4.0,8.0,1.0
0.9177101967799642,0.868667631313647,0.3320425161576961,6.2422232654551655,3.2793019394667504,0.062020912766456604,1.561345138223047,5.0,8.0,1.0
0.8449074074074074,0.7568595046909674,0.27689651481670946,5.902633333401366,3.116074419362811,0.062020912766456604,1.7692347914777244,6.0,8.0,1.0
0.8921568627450981,0.8473272902788426,0.27722824802329854,6.45833828334479,3.3836782341808753,0.062020912766456604,1.682556330454636,7.0,8.0,1.0
0.8213114754098361,0.8281201024015501,0.25578886426944075,6.218600119691729,3.2679152510115372,0.062020912766456604,1.685503576597856,8.0,8.0,1.0
0.869431643625192,0.9419135122230173,0.35527820781068603,6.340359303727752,3.326653120934201,0.062020912766456604,1.9410233954585014,9.0,8.0,1.0
0.8961661341853036,0.8455831254084707,0.3228311807373136,6.331501849893691,3.3223762073861303,0.062020912766456604,1.505235814394877,10.0,8.0,1.0
0.893312101910828,0.91537809467209,0.283421521613924,6.331501849893691,3.3223762073861303,0.062020912766456604,1.7679252494256485,11.0,8.0,1.0
0.8317972350230415,0.7483495442946256,0.2947423544144444,5.891644211825771,3.1108096154451643,0.062020912766456604,1.6821388510906834,12.0,8.0,1.0
0.8531073446327684,0.666495248404473,0.22803198376915132,5.713732805509369,3.025734630798558,0.062020912766456604,1.5767534179825387,13.0,8.0,1.0
0.8887043189368771,0.8961030208874039,0.36562138880412376,6.284134161070802,3.2995147517041805,0.062020912766456604,1.7376137065790027,14.0,8.0,1.0
0.82,0.9393910064335026,0.24405653543962497,6.423246963533519,3.3667057713144857,0.062020912766456604,2.163158387487033,15.0,8.0,1.0
0.8485675306957708,0.9627579159467494,0.33478224028626363,6.434546518787453,3.3721699661478706,0.062020912766456604,2.5048598964753443,16.0,8.0,1.0
0.8270893371757925,0.8604333917576159,0.3350592390378906,6.354370040797351,3.3334196048032463,0.062020912766456604,1.9924527059686472,17.0,8.0,1.0
0.8687179487179487,0.9418852114364691,0.23763992026929265,6.742880635791903,3.521629269504187,0.062020912766456604,1.8192826099216637,18.0,8.0,1.0
0.8662420382165605,0.8769692609021177,0.22806458168992166,6.300785794663244,3.3075494338148435,0.062020912766456604,1.9143453007744922,19.0,8.0,1.0
0.841897233201581,0.8024764906587326,0.279379516082394,6.056784013228625,3.190043482747458,0.062020912766456604,1.8748876348553132,20.0,8.0,1.0
0.8592814371257484,0.8192538447274798,0.31668468338777805,6.354370040797351,3.3334196048032463,0.062020912766456604,1.8351871432711773,21.0,8.0,1.0
0.7656903765690377,0.5859131890769984,0.37809488651191336,5.905361848054571,3.1173818047395194,0.062020912766456604,1.952750292354967,22.0,8.0,1.0
0.8307692307692308,0.8956567051136859,0.25888812311341525,6.47543271670409,3.391949558352509,0.062020912766456604,2.0344371932472347,23.0,8.0,1.0
0.9090909090909091,0.8176201752643587,0.24802338277072167,6.255750041753367,3.285824087631947,0.062020912766456604,1.5211215128200115,24.0,8.0,1.0
0.7473309608540926,0.8520755195321442,0.2907392488337469,5.351858133476067,2.8536943814877196,0.062020912766456604,2.0582018278512946,25.0,8.0,1.0
0.8462837837837838,0.8668876463091707,0.2696897506769402,6.218600119691729,3.2679152510115372,0.062020912766456604,1.9383209374374757,26.0,8.0,1.0
0.93125,0.548132086167011,0.33867800360197836,5.700443573390686,3.0193923792804047,0.062020912766456604,1.2027718999299746,27.0,8.0,1.0
0.8024691358024691,0.7950337101167342,0.3303725572984171,6.1224928095143865,3.221638015754096,0.062020912766456604,2.0431282044390477,28.0,8.0,1.0
0.8431372549019608,0.7890636491964355,0.2879603452798677,5.84354441703136,3.0877787618435875,0.062020912766456604,1.9017341299565644,29.0,8.0,1.0
0.8633540372670807,0.8141563587345637,0.3060539879289101,6.035481432524756,3.1798087326686115,0.062020912766456604,1.6096212574667106,30.0,8.0,1.0
0.9264705882352942,0.6357979186453343,0.261766473741423,5.937536205082426,3.1328035721870147,0.062020912766456604,1.2564628823422497,31.0,8.0,1.0
0.9008695652173913,0.8439992043947454,0.26555312962468397,6.251903883165888,3.2839694503775037,0.062020912766456604,1.4530573982774122,32.0,8.0,1.0
0.8902027027027027,0.8540950548012155,0.277824259517202,6.269096283706261,3.2922606426771264,0.062020912766456604,1.7305489565339365,33.0,8.0,1.0
0.9309462915601023,0.5622601803938325,0.3471411363375706,5.8998973535824915,3.1147635268,0.062020912766456604,1.2884476324299041,34.0,8.0,1.0
0.8145025295109612,0.8602975338204831,0.31674106362913523,6.182084906716632,3.2503234609725857,0.062020912766456604,2.057127623825736,35.0,8.0,1.0
0.802536231884058,0.8076064961414233,0.2695170106751082,6.095824562432225,3.208810703734761,0.062020912766456604,1.9706636489702591,36.0,8.0,1.0
0.8975903614457831,0.6404886527255726,0.22379890921062404,5.700443573390686,3.0193923792804047,0.062020912766456604,1.2908618110887222,37.0,8.0,1.0
0.8690176322418136,0.32616211351419927,0.3063907675887903,5.846438775057724,3.0891640000198266,0.062020912766456604,1.5500705819484437,38.0,8.0,1.0
0.9366197183098591,0.8135603857012889,0.3606919751420517,6.278521424165844,3.2968070156311455,0.062020912766456604,1.7395754071004468,39.0,8.0,1.0
0.7532338308457711,0.9434771966171991,0.2713151636253282,6.630683385642372,3.467166450038407,0.062020912766456604,2.1803667789662464,40.0,8.0,1.0
0.8372703412073491,0.9109994545603681,0.3748306396370206,5.768320995793772,3.051805203465507,0.062020912766456604,1.5845267766759727,41.0,8.0,1.0
0.8402777777777778,0.8871789847981958,0.24429086150443965,6.184148890937483,3.2513175229518874,0.062020912766456604,1.980047456174316,42.0,8.0,1.0
0.8495297805642633,0.858428640855792,0.28191786821454323,5.605802066295998,2.974277019288197,0.062020912766456604,1.7306086280608308,43.0,8.0,1.0
0.908,0.7946876638106037,0.3235259715105204,6.12029741895095,3.220581811519655,0.062020912766456604,1.4862629986122098,44.0,8.0,1.0
0.9135802469135802,0.6928812091270048,0.3253629401748444,5.916202062607435,3.122576648603987,0.062020912766456604,1.3793418461405789,45.0,8.0,1.0
0.8869565217391304,0.8880816367408134,0.2512891251520494,6.418364935936212,3.3643452381681582,0.062020912766456604,1.6577403779172948,46.0,8.0,1.0
0.8105781057810578,0.8842442973647486,0.25680306766148914,6.492239835020471,3.400083972114469,0.062020912766456604,2.2843208871250362,47.0,8.0,1.0
0.917037037037037,0.923983244470571,0.25789507875459167,6.429719478039138,3.3698356066712125,0.062020912766456604,1.7233745508197413,48.0,8.0,1.0
0.8384279475982532,0.512541234874467,0.29929871994942114,5.953243334287785,3.1403357621918144,0.062020912766456604,1.8021943270111795,49.0,8.0,1.0
0.7608247422680412,0.6829895473296856,0.26699569313632077,5.91350300563827,3.121283105238069,0.062020912766456604,2.6086328967735937,50.0,8.0,1.0
0.8719611021069692,0.8771718820249655,0.3446337001178585,6.289715570908998,3.3022076251803294,0.062020912766456604,2.1035839313693625,51.0,8.0,1.0
0.8551980198019802,0.9182973695904479,0.30613631247751055,6.539585955617669,3.4230099637656757,0.062020912766456604,1.8419322282867845,52.0,8.0,1.0
0.7714285714285715,0.8980498781402793,0.2798931332568445,6.342121418721152,3.327504049817454,0.062020912766456604,2.823633472945177,53.0,8.0,1.0
0.8419301164725458,0.8325802821524112,0.2722746874616304,6.2285110035911835,3.2726918794891433,0.062020912766456604,1.860605513806007,54.0,8.0,1.0
0.9129129129129129,0.6747243896364884,0.2773132150749828,5.720311776607412,3.0288750842692833,0.062020912766456604,1.4217841573972771,55.0,8.0,1.0
0.7814854682454252,0.9414896676334524,0.25764652099931207,6.588926477533519,3.4469188789040004,0.062020912766456604,2.7644941674596515,56.0,8.0,1.0
0.7951635846372689,0.9164809707582093,0.24981322454838334,6.327936783729195,3.320654952137892,0.062020912766456604,2.49425742368306,57.0,8.0,1.0
0.8828125,0.7947413854564075,0.24071648512024713,5.8289456176102075,3.080793006039081,0.062020912766456604,1.483532633245325,58.0,8.0,1.0
0.8338926174496645,0.8263057769010214,0.3358291250816324,6.210600077024653,3.2640601572299572,0.062020912766456604,2.359660044376262,59.0,8.0,1.0
0.8954635108481263,0.778924402981562,0.2856575831636662,6.12029741895095,3.220581811519655,0.062020912766456604,1.46285793139981,60.0,8.0,1.0
0.8122171945701357,0.7171752201615982,0.2536980881111161,5.886104031450156,3.1081557865296174,0.062020912766456604,1.7237448163840785,61.0,8.0,1.0
0.8719211822660099,0.6841799437492698,0.33486011598335746,5.872117789475416,3.101457452879022,0.062020912766456604,1.4753248398287035,62.0,8.0,1.0
0.84375,0.7176147468374937,0.36908747115894525,5.783825182329737,3.059215159942047,0.062020912766456604,1.869924702968951,63.0,8.0,1.0
0.8233618233618234,0.5898785587031657,0.29015133543611055,5.66988092298052,3.004813208801392,0.062020912766456604,1.9131945630499303,64.0,8.0,1.0
0.8263229308005428,0.9017692899561719,0.2854914173399306,6.413458957167357,3.36197330637467,0.062020912766456604,2.1403054626524516,65.0,8.0,1.0
0.8052550231839258,0.8920234232467706,0.2625486409900747,6.257667587882639,3.2867487829667077,0.062020912766456604,2.5096806815769863,66.0,8.0,1.0
0.8260038240917782,0.8950907131333989,0.36663658947720357,6.07073772800249,3.1967496595577645,0.062020912766456604,1.7845538248536628,67.0,8.0,1.0
0.8509316770186336,0.8984522496324502,0.2768603622145843,6.3080984415095305,3.3110786025216337,0.062020912766456604,2.2533380152597204,68.0,8.0,1.0
0.8333333333333334,0.5387645333649898,0.30801139658900195,5.707110264748875,3.022573818272304,0.062020912766456604,1.597238281313949,69.0,8.0,1.0
0.6520833333333333,0.5058764086906206,0.32283956254525203,5.749392985908253,3.0427620955781656,0.062020912766456604,2.627987581181638,70.0,8.0,1.0
0.7863974495217854,0.9393825847594194,0.27314065086579425,6.608000625296087,3.45616625719925,0.062020912766456604,3.194988834544635,71.0,8.0,1.0
0.8649237472766884,0.833718603533944,0.31151542642990326,5.986452005284438,3.156268052106129,0.062020912766456604,1.5141050272180023,72.0,8.0,1.0
0.9472140762463344,0.7849267484906876,0.25636581077980586,5.780743515792329,3.057742143447135,0.062020912766456604,1.2086487558931804,73.0,8.0,1.0
0.9146341463414634,0.47774093425028663,0.2723323651498067,5.707110264748875,3.022573818272304,0.062286216765642166,1.3914344810313588,1.0,9.0,1.0
0.9008097165991903,0.8532598105581523,0.23468278660132041,6.100318952020064,3.210972056475935,0.062286216765642166,1.5518016460479307,2.0,9.0,1.0
0.7637362637362637,0.838981200603307,0.2258754785030609,4.941642422609304,2.6604968643718836,0.062286216765642166,1.751624007860873,3.0,9.0,1.0
0.9315068493150684,0.6724812151455205,0.259774225425311,5.831882477283517,3.0821981755735477,0.062286216765642166,1.219523838762244,4.0,9.0,1.0
0.8660287081339713,0.48396279956256927,0.24981849655998628,5.204006687076795,2.7838246803208118,0.062286216765642166,1.311997153385001,5.0,9.0,1.0
0.8793103448275862,0.8075792244249713,0.3641436483216982,5.0369526024136295,2.705198102736549,0.062286216765642166,1.453845557298284,6.0,9.0,1.0
0.8820960698689956,0.715886679636286,0.2425731416609492,5.313205979041787,2.835403954220472,0.062286216765642166,1.2895295445566037,7.0,9.0,1.0
0.9327354260089686,0.6916132511632639,0.2793201262669098,6.0330862217988015,3.1786582129639043,0.062286216765642166,1.2768056905640819,8.0,9.0,1.0
0.8633093525179856,0.241464830716901,0.30763737634513844,5.484796933490655,2.9167309965830013,0.062286216765642166,1.4674848408810102,9.0,9.0,1.0
0.8585365853658536,0.6314048869755917,0.2630050299816489,5.8664680569332965,3.0987521892558383,0.062286216765642166,1.4963031537466702,10.0,9.0,1.0
0.8072289156626506,0.6199562497394414,0.2965712045855492,5.594711379601839,2.968996182651891,0.062286216765642166,1.7014912315175081,11.0,9.0,1.0
0.7819253438113949,0.5675084671876145,0.2538822668825129,5.988961416889864,3.1574723813761874,0.062286216765642166,1.9793891268119972,12.0,9.0,1.0
0.9140271493212669,0.42100720367737665,0.23859796197128252,5.313205979041787,2.835403954220472,0.062286216765642166,1.2115278645264174,13.0,9.0,1.0
0.8596059113300493,0.7492825339575958,0.32709851563234105,5.857933154483459,3.09466599198655,0.062286216765642166,1.5400569751450053,14.0,9.0,1.0
0.8855421686746988,0.6704210377571942,0.22321323900519585,5.68697535633982,3.012966525513552,0.062286216765642166,1.3781476656167744,15.0,9.0,1.0
0.8974358974358975,0.4844862963637867,0.2521778209735195,5.860786223465865,3.096031859554354,0.062286216765642166,1.3399855377271004,16.0,9.0,1.0
0.8864142538975501,0.7955022928426461,0.28854923617314315,5.988961416889864,3.1574723813761874,0.062286216765642166,1.4733053292148264,17.0,9.0,1.0
0.846441947565543,0.7357969259111182,0.3201145841744314,5.424950017481403,2.888328474376144,0.062286216765642166,1.470670205101641,18.0,9.0,1.0
0.8909090909090909,0.5884046691613987,0.2481438539190652,5.2832037287379885,2.821218655676358,0.062286216765642166,1.3019298037551388,19.0,9.0,1.0
0.8071625344352618,0.4771622507866398,0.24812192513776768,5.683579767338681,3.0113467377374623,0.062286216765642166,1.6571651700617325,20.0,9.0,1.0
0.8928571428571429,0.8030704003533949,0.24684717180670734,6.054439346269371,3.1889167998345416,0.062286216765642166,1.4064660513704363,21.0,9.0,1.0
0.8375286041189931,0.6109602315081296,0.23150844976931115,5.905361848054571,3.1173818047395194,0.062286216765642166,1.646149531065312,22.0,9.0,1.0
0.8366336633663366,0.8838038431561474,0.3134233334581808,5.135798437050262,2.7516797178645387,0.062286216765642166,1.5675891483470024,23.0,9.0,1.0
0.9263157894736842,0.803529554181793,0.32712393083841185,5.176149732573829,2.770689499484856,0.062286216765642166,1.208462276408581,24.0,9.0,1.0
0.9116809116809117,0.6691344233061947,0.3078994124669868,5.771441123130016,3.0532962245824553,0.062286216765642166,1.2783804294475607,25.0,9.0,1.0
0.9230769230769231,0.5583948356563624,0.37387964875055646,5.056245805348308,2.714260959676752,0.062286216765642166,1.1206152122402457,26.0,9.0,1.0
0.8632218844984803,0.34478030109845875,0.2802098396057318,5.652489180268651,2.996521148598113,0.062286216765642166,1.384165716326768,27.0,9.0,1.0
0.8668941979522184,0.312385179802129,0.2754949582593051,5.541263545158426,2.9435651603027786,0.062286216765642166,1.450460293653115,28.0,9.0,1.0
0.9069767441860465,0.49470330246841376,0.3074623313461604,5.746203190540153,3.041238477168779,0.062286216765642166,1.2898222323222979,29.0,9.0,1.0
0.9330708661417323,0.5491175321837019,0.27901669537169893,5.472270673671475,2.910782940416834,0.062286216765642166,1.1311520816260552,30.0,9.0,1.0
0.93646408839779,0.5564006641325561,0.2768192204456602,5.8289456176102075,3.080793006039081,0.062286216765642166,1.1952077100039284,31.0,9.0,1.0
0.8272251308900523,0.8441671247681566,0.21387947799657459,5.0689042022202315,2.720209720130939,0.062286216765642166,1.4841611968496364,32.0,9.0,1.0
0.8405545927209706,0.8124321419375693,0.23830780682109712,6.186208623900494,3.252309572886743,0.062286216765642166,1.7179857570728567,33.0,9.0,1.0
0.9060773480662984,0.6236019634355016,0.364165220085865,5.10594547390058,2.737628678728648,0.062286216765642166,1.1751939822207047,34.0,9.0,1.0
0.8828125,0.6151835022392959,0.30909220987720737,5.8289456176102075,3.080793006039081,0.062286216765642166,1.3922249816543857,35.0,9.0,1.0
0.8280542986425339,0.6984155314754705,0.2728524059399059,5.214935757608986,2.788980541848176,0.062286216765642166,1.5070510676235234,36.0,9.0,1.0
0.8333333333333334,0.7451871623538573,0.24245586383302387,5.081404364984463,2.726086100628873,0.062286216765642166,1.4974108887318271,37.0,9.0,1.0
0.8616504854368932,0.518032276394227,0.2669439963459877,5.87493073085203,3.102804487185762,0.062286216765642166,1.597785206138721,38.0,9.0,1.0
0.8932038834951457,0.2002176427280126,0.2707314467758806,5.6240175061873385,2.9829530981877586,0.062286216765642166,1.434137495972061,39.0,9.0,1.0
0.8852459016393442,0.4167553455189931,0.2852248052392373,5.937536205082426,3.1328035721870147,0.062286216765642166,1.576161608704702,40.0,9.0,1.0
0.9082278481012658,0.3511792906330548,0.2581107802471822,5.662960480135946,3.001513299195731,0.062286216765642166,1.3112957008844939,41.0,9.0,1.0
0.8578431372549019,0.4861883829595427,0.3438941965592101,5.170483995038151,2.7680191290088554,0.062286216765642166,1.398449306481922,42.0,9.0,1.0
0.8958333333333334,0.40674931037892437,0.2926836003313747,5.375278407684165,2.8647853327443094,0.062286216765642166,1.2827457924423478,43.0,9.0,1.0
0.8416666666666667,0.7153764235004411,0.2218039665975408,6.226536669287466,3.2717402691855377,0.062286216765642166,1.8161263251432183,44.0,9.0,1.0
0.9035532994923858,0.695953428723406,0.331219712066122,5.187385805840755,2.7759864300094415,0.062286216765642166,1.3628749978248482,45.0,9.0,1.0
0.8686440677966102,0.5483083090349786,0.2795218514873668,5.327876168789581,2.842343945079886,0.062286216765642166,1.3186787758618388,46.0,9.0,1.0
0.7531806615776081,0.655264280481594,0.2970308292078333,5.6937321388027,3.0161900410920905,0.062286216765642166,2.0081277636064376,47.0,9.0,1.0
0.8048780487804879,0.6237464368249838,0.3002332566874173,5.293304824724492,2.8259933593577635,0.062286216765642166,1.6734267572301544,48.0,9.0,1.0
0.8545454545454545,0.407011834067858,0.26457077975371973,5.799092654460526,3.0665142789978814,0.062286216765642166,1.4473542013091996,49.0,9.0,1.0
0.8357664233576643,0.7106225920788881,0.30690126945208457,5.438079308923196,2.894556062106034,0.062286216765642166,1.499910553627804,50.0,9.0,1.0
0.8255451713395638,0.7660022516009705,0.2699002503583754,5.583496308781699,2.963657433055631,0.062286216765642166,1.61145001598987,51.0,9.0,1.0
0.9264069264069265,0.4866681007067354,0.3331658977563159,5.3706380281276624,2.8625873288802732,0.062286216765642166,1.362302006957615,52.0,9.0,1.0
0.8446601941747572,0.7072712498791692,0.3082402774875799,5.1647859739235145,2.765333937212443,0.062286216765642166,1.3647786480614092,53.0,9.0,1.0
0.8114285714285714,0.7180987491638814,0.22846906032240694,6.056784013228625,3.190043482747458,0.062286216765642166,2.1078381496687877,54.0,9.0,1.0
0.818815331010453,0.7202173189782607,0.31160970582015995,5.4638318050256105,2.9067767396614164,0.062286216765642166,1.5789327444327474,55.0,9.0,1.0
0.8700854700854701,0.7060623298941926,0.2936791019972985,6.234410725718371,3.2755356796562056,0.062286216765642166,1.5660125913868652,56.0,9.0,1.0
0.8098720292504571,0.6029792865797262,0.32049172380393975,6.095824562432225,3.208810703734761,0.062286216765642166,1.6500064532344645,57.0,9.0,1.0
0.8108747044917257,0.47484060260683664,0.30713203873368833,5.840641657373398,3.0863895830282515,0.062286216765642166,1.7427057487826099,58.0,9.0,1.0
0.9285714285714286,0.6923082139393048,0.32040285171034627,5.342334251964811,2.84918602712269,0.062286216765642166,1.2089364487263583,59.0,9.0,1.0
0.8895238095238095,0.7799121687660224,0.3259560146487868,6.148468295917647,3.2341379656877605,0.062286216765642166,1.4372849343974696,60.0,9.0,1.0
0.8195488721804511,0.7239892340645391,0.2865992433082047,5.389071729816501,2.8713202441079924,0.062286216765642166,1.6273859980372012,61.0,9.0,1.0
0.8850574712643678,0.6630003006211879,0.3407623576919882,5.44673737166631,2.898663870118441,0.062286216765642166,1.2865926797132152,62.0,9.0,1.0
0.8731182795698925,0.8182973856200093,0.20659189181094456,6.008813185442595,3.1670017395333008,0.062286216765642166,1.7260200780469441,63.0,9.0,1.0
0.8094170403587444,0.5887449328562705,0.3354757917100727,5.891644211825771,3.1108096154451643,0.062286216765642166,1.700880191229472,64.0,9.0,1.0
0.8388059701492537,0.6139909475832094,0.22695354696310976,5.641907070938114,2.9914773142196367,0.062286216765642166,1.5381579496397575,65.0,9.0,1.0
0.8524096385542169,0.6640469647139724,0.27212079908928005,5.648974238161206,2.9948456661727745,0.062286216765642166,1.4989753475328016,66.0,9.0,1.0
0.9047619047619048,0.6598551637770832,0.2258762899405401,5.43372200355424,2.892489058363821,0.062286216765642166,1.2480816121996607,67.0,9.0,1.0
0.8820754716981132,0.6881173044904177,0.18966584008480483,5.926926025970411,3.1277168565226234,0.062286216765642166,1.4697832672129734,68.0,9.0,1.0
0.9288135593220339,0.38631369761127826,0.27102633490807887,5.616771097666572,2.9795011941353966,0.062286216765642166,1.2130345487334697,69.0,9.0,1.0
0.9251700680272109,0.7142491971267815,0.21698744897537692,5.60947179518496,2.976024646048169,0.062286216765642166,1.3272883585548023,70.0,9.0,1.0
0.8991228070175439,0.7976849723969532,0.25626153944399344,6.018593214496234,3.1716977037998157,0.062286216765642166,1.4416413033920914,71.0,9.0,1.0
0.8513011152416357,0.7154001000567517,0.2778597838418704,5.438079308923196,2.894556062106034,0.062286216765642166,1.4252118199728472,72.0,9.0,1.0
0.9075829383886256,0.6139190318647231,0.29452323349542114,5.950642552587727,3.139088428061438,0.062286216765642166,1.4520545317843065,73.0,9.0,1.0
0.8321678321678322,0.6252889007657486,0.30155033445022733,5.8805329864007,3.1054874638185948,0.062286216765642166,1.665002291393573,74.0,9.0,1.0
0.837037037037037,0.45899849791482666,0.24596229551661933,5.8289456176102075,3.080793006039081,0.07962576299905777,1.6176114608176237,1.0,10.0,1.0
0.8486590038314177,0.5778261714693746,0.3228173392070013,6.095824562432225,3.208810703734761,0.07962576299905777,1.9422675670356138,2.0,10.0,1.0
0.8665377176015474,0.3849500647619007,0.33638319081241835,6.1070228877422545,3.2141963044016575,0.07962576299905777,1.4791897229087971,3.0,10.0,1.0
0.8430379746835444,0.3213142939036732,0.29121809804591,5.8111409929767,3.0722759846910446,0.07962576299905777,1.6140537066835041,4.0,10.0,1.0
0.8417508417508418,0.8014695050775651,0.34149873463981695,5.5254529391317835,2.9360481460402674,0.07962576299905777,1.5724122537472085,5.0,10.0,1.0
0.8523985239852399,0.5718013332276053,0.3248933710818969,5.44673737166631,2.898663870118441,0.07962576299905777,1.5135582087400723,6.0,10.0,1.0
0.8022727272727272,0.206767728336614,0.29152919350302375,5.869296913133774,3.1001066938284993,0.07962576299905777,1.6933373139729049,7.0,10.0,1.0
0.7842696629213484,0.873006965781171,0.27793639856415076,5.857933154483459,3.09466599198655,0.07962576299905777,1.8304637962862524,8.0,10.0,1.0
0.8602941176470589,0.4930536606111899,0.30052090224859757,5.863631175598097,3.0973939182078127,0.07962576299905777,1.5752513638787176,9.0,10.0,1.0
0.8947368421052632,0.7684752474973561,0.3690205449977662,5.402677381872279,2.877768349286718,0.07962576299905777,1.3448095430486549,10.0,10.0,1.0
0.921146953405018,0.5683223767000029,0.3547868164310461,5.552959584921617,2.9491276624177987,0.07962576299905777,1.2011957513252205,11.0,10.0,1.0
0.7409948542024014,0.8356820897943977,0.31439614413716116,6.762729506931879,3.531273095486952,0.07962576299905777,3.1613505789177854,12.0,10.0,1.0
0.7938144329896907,0.5624739241914891,0.26847854836684104,5.733341276897746,3.0350959579035486,0.07962576299905777,1.6611632758168278,13.0,10.0,1.0
0.8520286396181385,0.5221352844166326,0.24108249676221244,5.8805329864007,3.1054874638185948,0.07962576299905777,1.8603291340490582,14.0,10.0,1.0
0.8917378917378918,0.3616370512532352,0.29588503211512346,5.749392985908253,3.0427620955781656,0.07962576299905777,1.3069704071029375,15.0,10.0,1.0
0.8810975609756098,0.5653455797048929,0.3338667688802804,5.66988092298052,3.004813208801392,0.07962576299905777,1.4251046235885827,16.0,10.0,1.0
0.8745387453874539,0.561476454287321,0.2612543582183644,5.472270673671475,2.910782940416834,0.07962576299905777,1.398052733888483,17.0,10.0,1.0
0.8610421836228288,0.4940989779794272,0.2428213619911571,5.8522024797744745,3.091922743965858,0.07962576299905777,1.5489333842236508,18.0,10.0,1.0
0.8634615384615385,0.5763410439014521,0.3084876038676285,6.1092475827643655,3.2152663537569754,0.07962576299905777,1.7374853727503676,19.0,10.0,1.0
0.8685121107266436,0.5351970683087017,0.2309273951343123,5.529429087511423,2.9379383183474608,0.07962576299905777,1.442632052280951,20.0,10.0,1.0
0.7741176470588236,0.6544981226215218,0.29260031782291984,5.799092654460526,3.0665142789978814,0.07962576299905777,1.952269291223541,21.0,10.0,1.0
0.8498789346246973,0.3316055182566147,0.36414362661937055,5.863631175598097,3.0973939182078127,0.07962576299905777,1.5844355717190581,22.0,10.0,1.0
0.8929765886287625,0.778094265789382,0.26946300898702713,5.5909869805108565,2.9672230972061335,0.07962576299905777,1.3561821914701078,23.0,10.0,1.0
0.9015873015873016,0.6144361989780394,0.2974722164271477,5.652489180268651,2.996521148598113,0.07962576299905777,1.3611891224296977,24.0,10.0,1.0
0.8922155688622755,0.7104088653693945,0.3050561253373467,5.700443573390686,3.0193923792804047,0.07962576299905777,1.492874968232466,25.0,10.0,1.0
0.85995085995086,0.6175253737499883,0.27749197410713805,5.860786223465865,3.096031859554354,0.07962576299905777,1.5048534574823655,26.0,10.0,1.0
0.8376237623762376,0.3792733598639103,0.3372650028649654,6.049733455231958,3.186655623772265,0.07962576299905777,1.902716484560553,27.0,10.0,1.0
0.8164383561643835,0.3928425849650165,0.28934384751628855,5.700443573390686,3.0193923792804047,0.07962576299905777,1.7780037991318354,28.0,10.0,1.0
0.8638888888888889,0.5617328570905478,0.3950885573328794,5.7430031878094825,3.0397100845444807,0.07962576299905777,1.4212026207543587,29.0,10.0,1.0
0.851963746223565,0.5787193197217873,0.2555173428375601,5.645446897643238,2.993164401484698,0.07962576299905777,1.5920905173030202,30.0,10.0,1.0
0.7868852459016393,0.5207396671234003,0.2927659731214524,5.666426688112432,3.003166047426715,0.07962576299905777,2.052336577745686,31.0,10.0,1.0
0.8470873786407767,0.7195769798288896,0.25736621371947815,5.857933154483459,3.09466599198655,0.07962576299905777,1.602779119752237,32.0,10.0,1.0
0.8441926345609065,0.647747543338308,0.3295552774810857,5.700443573390686,3.0193923792804047,0.07962576299905777,1.5080349613116542,33.0,10.0,1.0
0.8542805100182149,0.7793030708112832,0.21905357517134025,6.152732694704104,3.2361906317473745,0.07962576299905777,1.5395412943578088,34.0,10.0,1.0
0.8633879781420765,0.6374634965214226,0.24514910073117802,5.75890177387728,3.047304603298942,0.07962576299905777,1.6052802393756087,35.0,10.0,1.0
0.7795698924731183,0.7029854479382328,0.24243917167241813,4.983606621708336,2.6801639324069306,0.07962576299905777,1.6027988500340802,36.0,10.0,1.0
0.7107843137254902,0.6096571696030548,0.32195702386493974,5.673323267171493,3.0064548212072264,0.07962576299905777,2.703307645979152,37.0,10.0,1.0
0.8121546961325967,0.49867045887587264,0.3055865192993055,5.68697535633982,3.012966525513552,0.07962576299905777,1.7402662889509624,38.0,10.0,1.0
0.8674242424242424,0.7785390446783762,0.3358147588886369,5.438079308923196,2.894556062106034,0.07962576299905777,1.4514037832007456,39.0,10.0,1.0
0.8312655086848635,0.6905001629992921,0.35127055149768865,5.817111159963204,3.0751315334710707,0.07962576299905777,1.660110106487729,40.0,10.0,1.0
0.8295019157088123,0.6722762408889009,0.2356508031138519,6.073044534100405,3.1978584782637562,0.07962576299905777,2.0294077931758263,41.0,10.0,1.0
0.856338028169014,0.5011502363062655,0.30817965628479366,5.720311776607412,3.0288750842692833,0.07962576299905777,1.4634103307015622,42.0,10.0,1.0
0.8343434343434344,0.6395116717459385,0.2664654790400352,6.025865973825314,3.175190334547559,0.07962576299905777,1.7915628664753445,43.0,10.0,1.0
0.9061662198391421,0.5444008488524764,0.34647516253797916,5.82600010738045,3.0793837807874476,0.07962576299905777,1.3664643713628337,44.0,10.0,1.0
0.8674242424242424,0.5984601073223097,0.25874544426876833,5.438079308923196,2.894556062106034,0.07962576299905777,1.3948293993534986,45.0,10.0,1.0
0.7547528517110266,0.876559216853511,0.2987225180439516,6.678342114654332,3.490290533233106,0.07962576299905777,3.468242022124712,46.0,10.0,1.0
0.7925696594427245,0.8313953854774329,0.34765508598214756,5.54907608489522,2.9472805524664683,0.07962576299905777,1.8204491320168565,47.0,10.0,1.0
0.9035714285714286,0.22588623460019985,0.33081161605429554,5.537334267018537,2.9416967689887894,0.07962576299905777,1.3096383317453377,48.0,10.0,1.0
0.8409785932721713,0.7131775062389443,0.3295060639578136,5.62040086571715,2.9812302046644343,0.07962576299905777,1.6326164577434605,49.0,10.0,1.0
0.927437641723356,0.6691041120128361,0.2628685531727757,6.016157159698354,3.1705279314042873,0.08251988142728806,1.1967170104368523,1.0,11.0,1.0
0.8703125,0.40254388798116414,0.3877246781776343,6.324358962381311,3.3189276391464566,0.08251988142728806,1.6584020018694359,2.0,11.0,1.0
0.8121827411167513,0.5303096413209243,0.2521763046039131,5.771441123130016,3.0532962245824553,0.08251988142728806,1.762369060849995,3.0,11.0,1.0
0.8109161793372319,0.821310839275877,0.23699513936110805,6.725033642166843,3.5129603049290647,0.08251988142728806,2.489663542385855,4.0,11.0,1.0
0.8808510638297873,0.43492583544300306,0.2893635168775746,6.432940092739179,3.3713930781499397,0.08251988142728806,1.5296069871992604,5.0,11.0,1.0
0.8837209302325582,0.49609510035401694,0.30137372729524275,6.124683390894205,3.222691947404774,0.08251988142728806,1.3826883324667114,6.0,11.0,1.0
0.8155737704918032,0.7585993614149841,0.2890916350481372,6.393590753950631,3.352369345593839,0.08251988142728806,2.095993287713779,7.0,11.0,1.0
0.7749307479224377,0.8965954860351432,0.25812594999692956,7.02108396428914,3.6570256561425833,0.08251988142728806,2.4311277066837245,8.0,11.0,1.0
0.8495238095238096,0.7381358977578534,0.2705208689824858,6.102558594613569,3.212049166133297,0.08251988142728806,1.610697425882902,9.0,11.0,1.0
0.8980769230769231,0.7820773972949753,0.2761145068644911,6.148468295917647,3.2341379656877605,0.08251988142728806,1.455678257401477,10.0,11.0,1.0
0.7355371900826446,0.7581443814890779,0.3556925855597872,5.877735781779639,3.104147817354147,0.08251988142728806,2.0385619447528995,11.0,11.0,1.0
0.9457364341085271,0.5831238651013676,0.27032897600777944,6.415096959171596,3.362765223648051,0.08251988142728806,1.1947318024690345,12.0,11.0,1.0
0.9059139784946236,0.2568671617083447,0.35159393879906387,5.823045895483019,3.0779704761968443,0.08251988142728806,1.2825590025186115,13.0,11.0,1.0
0.9070422535211268,0.5692842373583304,0.3565905498721559,6.4692503167957724,3.3889578874918995,0.08251988142728806,1.4086370744670003,14.0,11.0,1.0
0.8314606741573034,0.47665529341131313,0.2834205370487415,6.09807428216624,3.2098925725250473,0.08251988142728806,1.6832920966832512,15.0,11.0,1.0
0.8287092882991556,0.590557331416129,0.38916516233111353,6.5337888379333435,3.4202020021865542,0.08251988142728806,1.6473481151043916,16.0,11.0,1.0
0.8792372881355932,0.4342865502907399,0.27661953972335224,6.030685260261263,3.1775049819767096,0.08251988142728806,1.4129530627168703,17.0,11.0,1.0
0.9022556390977443,0.36044895825649614,0.38018410289934307,5.8888779583328805,3.109484502806863,0.08251988142728806,1.3512036481942404,18.0,11.0,1.0
0.8796296296296297,0.7419827149779656,0.2550890712888893,5.942799375126701,3.1353272180420215,0.08251988142728806,1.426256801725394,19.0,11.0,1.0
0.7852233676975945,0.42913974990440684,0.27688854314494543,6.126869184114185,3.2237436162807276,0.08251988142728806,2.0031233154543724,20.0,11.0,1.0
0.8711538461538462,0.5653664603840208,0.2518831962104085,6.118097198041348,3.219523324828327,0.08251988142728806,1.5118296498441497,21.0,11.0,1.0
0.8356997971602435,0.5695240388634522,0.2708459901231178,6.023447592961033,3.1740288920704893,0.08251988142728806,1.8049609036571594,22.0,11.0,1.0
0.7908407382091592,0.8629666725984338,0.2803777673533212,7.05444965813294,3.673295703418459,0.08251988142728806,3.2470813299781063,23.0,11.0,1.0
0.9146757679180887,0.2835616331974844,0.2956638443105096,6.285998094508865,3.3004140194890073,0.08251988142728806,1.373500756660572,24.0,11.0,1.0
0.8685015290519877,0.4467813488546024,0.35977513861875504,6.343880434126331,3.328353506144283,0.08251988142728806,1.4061657261414848,25.0,11.0,1.0
0.910958904109589,0.4523838405872867,0.32179201582020206,5.991464547107982,3.158673752678844,0.08251988142728806,1.4052927842930643,26.0,11.0,1.0
0.8665594855305466,0.3489985875984993,0.27209778626542025,6.29156913955832,3.3031019751298745,0.08251988142728806,1.5562538438956384,27.0,11.0,1.0
0.8599290780141844,0.57525626229362,0.26649394611252913,6.186208623900494,3.252309572886743,0.08251988142728806,1.7809367802394445,28.0,11.0,1.0
0.7924773022049286,0.5634878905148658,0.29127534023883467,6.416732282512326,3.3635558662074105,0.08251988142728806,2.01313158125635,29.0,11.0,1.0
0.8704268292682927,0.1959692707393307,0.3148755385167735,6.349138991379798,3.330893090766943,0.08251988142728806,1.5339167126575013,30.0,11.0,1.0
0.885,0.6485873388544258,0.35245264078685207,6.2766434893416445,3.2959011055689853,0.08251988142728806,1.3597831771258237,31.0,11.0,1.0
0.9190871369294605,0.17375010032361804,0.2498939075769013,6.095824562432225,3.208810703734761,0.08251988142728806,1.1889361402230878,32.0,11.0,1.0
0.8501628664495114,0.3442246888494021,0.2656750041561099,6.259581464064923,3.2876717382596228,0.08251988142728806,1.6438197028539798,33.0,11.0,1.0
0.9107438016528926,0.46855286829498916,0.3328909465076813,6.313548046277095,3.313708921488392,0.08251988142728806,1.4594970470807682,34.0,11.0,1.0
0.8497495826377296,0.5351774938435984,0.2972684351518883,6.234410725718371,3.2755356796562056,0.08251988142728806,1.6401978165399123,35.0,11.0,1.0
0.8589981447124304,0.839810229626248,0.3525636382514534,6.139884552226255,3.23000665263668,0.08251988142728806,1.5980895547609444,36.0,11.0,1.0
0.8631578947368421,0.33411526623214954,0.31503943702969034,5.796057750765372,3.0650631622973936,0.08251988142728806,1.4081248704897495,37.0,11.0,1.0
0.8893528183716075,0.5743831276567423,0.2643183790199105,6.056784013228625,3.190043482747458,0.08251988142728806,1.488140821423373,38.0,11.0,1.0
0.9298245614035088,0.629563726596201,0.37185543940099464,5.918893854273146,3.1238667774048077,0.08251988142728806,1.1836136381243068,39.0,11.0,1.0
0.8316666666666667,0.5508422878583031,0.3245525209383235,6.214608098422191,3.2659914932493757,0.08251988142728806,1.7782827244544632,40.0,11.0,1.0
0.8685612788632326,0.3918594937992866,0.2640797749687674,6.194405391104672,3.2562578148232486,0.08251988142728806,1.4510026485566867,41.0,11.0,1.0
0.7835820895522388,0.7200901030692366,0.38433753770490076,6.852242569051878,3.574795928714045,0.08251988142728806,2.3568495160185483,42.0,11.0,1.0
0.846749226006192,0.6836643307490213,0.2792342540469502,6.306275286948016,3.3101986870821287,0.08251988142728806,1.5583403504566506,43.0,11.0,1.0
0.9136807817589576,0.5352571666220414,0.28069824001176175,6.331501849893691,3.3223762073861303,0.08251988142728806,1.3349958685706966,44.0,11.0,1.0
0.7631168831168831,0.8518593750978428,0.3223238419119533,7.293017679772782,3.789810012582601,0.10411012172698975,2.882961272532737,1.0,12.0,1.0
0.8070175438596491,0.9331949362968708,0.5170112074135228,3.8501476017100584,2.157910687799803,0.10411012172698975,1.2777818978487938,2.0,12.0,1.0
0.7295825771324864,0.8486538089619341,0.31055248837215604,7.606387389772652,3.9433016824723666,0.10411012172698975,3.5840382609251873,3.0,12.0,1.0
0.8294573643410853,0.9851994163180854,0.44135861918329955,4.68213122712422,2.539398375400319,0.10411012172698975,2.103606650679784,4.0,12.0,1.0
0.7665615141955836,0.6043287345479211,0.29885148252712973,7.43955930913332,3.8615282660567067,0.10411012172698975,2.0548898353606173,5.0,12.0,1.0
0.8066448801742919,0.8140018831467375,0.32534618795245673,7.301147805856032,3.793786081865444,0.10411012172698975,1.816831707020047,6.0,12.0,1.0
0.7908954477238619,0.813446739494995,0.23504615723113279,7.366445148327599,3.825732305640291,0.10411012172698975,2.0641905683303636,7.0,12.0,1.0
0.7253574115876599,0.8120536087257739,0.3606427316459223,7.564757012905729,3.9228837581059137,0.10411012172698975,2.4399757919725737,8.0,12.0,1.0
0.7329681615884971,0.7304802550697961,0.3336184743632277,7.669495251007694,3.97426826337783,0.10411012172698975,2.44445227727252,9.0,12.0,1.0
0.6600734670810964,0.7470638534352174,0.27103563251045665,7.756623334538858,4.017049994791884,0.10411012172698975,2.681278118282608,10.0,12.0,1.0
0.8117770767613038,0.8789040983329413,0.30297760178204686,7.3427791893318455,3.814151406236295,0.10411012172698975,1.918877920506829,11.0,12.0,1.0
0.7287128712871287,0.8337150929270084,0.26388457346419725,7.518064181233078,3.8999924060332596,0.10411012172698975,2.191319800029403,12.0,12.0,1.0
0.7183006535947712,0.9028103355347551,0.36373679992751845,7.695757990554761,3.9871603789395764,0.10411012172698975,3.4018871866209737,13.0,12.0,1.0
0.7859340659340659,0.8005856566893131,0.32383059214115717,7.489412083508719,3.885950654062793,0.10411012172698975,2.1411680602138623,14.0,12.0,1.0
0.6685059422750425,0.8899825766637458,0.27463850210837376,8.055475141757274,4.164028008080337,0.10411012172698975,2.642512011721193,15.0,12.0,1.0
0.9090909090909091,0.9526814301973032,0.6722381863272456,4.61512051684126,2.508280643053058,0.10411012172698975,1.7921301308956625,16.0,12.0,1.0
0.7551837031647872,0.9142182081957505,0.3637765389775264,7.638679823876112,3.959145138218181,0.10411012172698975,4.001515310355809,17.0,12.0,1.0
0.8307692307692308,0.9838878068675985,0.5294024825635831,4.007333185232471,2.2291387036566714,0.10411012172698975,2.0667795854444564,18.0,12.0,1.0
0.7584793142005218,0.7807048321312331,0.2942008371842084,7.618742377670413,3.9493627887953138,0.10411012172698975,2.247215204368791,19.0,12.0,1.0
0.8604651162790697,0.9013037573440771,0.6784657508547179,3.6375861597263857,2.062252467068668,0.10411012172698975,1.1412610014279911,20.0,12.0,1.0
0.7087702573879886,0.9423742418446717,0.33164871910667854,7.99799931797973,4.135733959670791,0.10411012172698975,5.205020072691188,21.0,12.0,1.0
0.6267797637079673,0.8227837565479355,0.36146882618613346,7.635303886259415,3.9574886026517904,0.10411012172698975,3.7589775982960525,22.0,12.0,1.0
0.8315916398713826,0.9157888600005183,0.2527878802186471,7.635303886259415,3.9574886026517904,0.10411012172698975,2.0030507672940727,23.0,12.0,1.0
0.7803180914512923,0.8557454031004034,0.3314841161117485,7.359467638255621,3.8223175780409084,0.10411012172698975,2.07161460437089,24.0,12.0,1.0
0.815009874917709,0.8498875711932027,0.3362044073117935,7.122059881629142,3.706283961765638,0.10411012172698975,1.9994325980028564,25.0,12.0,1.0
0.8576228475430492,0.9045296963192422,0.3919980376645286,7.622174594817622,3.951046686614643,0.10411012172698975,1.844910405860612,26.0,12.0,1.0
0.6852791878172588,0.9875902954510158,0.6259213179645042,4.912654885736052,2.646924953330111,0.10411012172698975,3.389926603133777,27.0,12.0,1.0
0.7368421052631579,0.8490500042064436,0.3703591914134087,7.695757990554761,3.9871603789395764,0.10411012172698975,2.1878059901930733,28.0,12.0,1.0
0.8376151236063984,0.6996805016139589,0.33096291973757663,7.455298485683291,3.8692374415058377,0.10411012172698975,1.7257213433935967,29.0,12.0,1.0
0.8403162055335969,0.8657046827006879,0.31243092192962735,7.6624678152002375,3.9708190770208898,0.10411012172698975,2.0422124531885855,30.0,12.0,1.0
0.8017086330935251,0.9016829109400594,0.31323552753931316,7.486613313139955,3.8845792479397536,0.10411012172698975,2.17099104012755,31.0,12.0,1.0
0.7449971412235563,0.7533880403950286,0.35043498953723395,7.1731917424865985,3.7312491897204954,0.10411012172698975,2.094636826556867,32.0,12.0,1.0
0.842671194114318,0.8203241768146803,0.27986424988090913,7.306531398939505,3.7964191371068474,0.10411012172698975,1.6780429308468867,33.0,12.0,1.0
0.7563971340839304,0.9117772207634688,0.312741577826788,7.2991214627108,3.7927950589229047,0.10411012172698975,2.3681395578388895,34.0,12.0,1.0
0.7828474862695395,0.9000386525536465,0.38240590417862147,7.5251007461258,3.9034414607428483,0.10411012172698975,2.1336009895357537,35.0,12.0,1.0
0.7241689128481581,0.872592581485671,0.27189763685711094,7.385851078125209,3.835230669614967,0.10411012172698975,2.5066536804684034,36.0,12.0,1.0
0.8331896551724138,0.8745154362207461,0.2987716247819582,7.56734567601324,3.9241531561105822,0.10411012172698975,1.8772111245871668,37.0,12.0,1.0
0.7646540326134861,0.8505416965811019,0.3058709297389707,7.459338895220295,3.8712166600654196,0.10411012172698975,2.2183774443682105,38.0,12.0,1.0
0.8485436893203884,0.9292849818922655,0.32935663612242666,7.689828668736484,3.9842494718279977,0.10411012172698975,2.051509816601533,39.0,12.0,1.0
0.7141379310344828,0.8847678548876359,0.3276628597365551,7.6362696033793735,3.9579624642721125,0.10411012172698975,3.204691190157011,40.0,12.0,1.0
0.6557482337829159,0.5345636621555616,0.2237629516906665,7.622174594817622,3.951046686614643,0.10411012172698975,2.830886078018074,41.0,12.0,1.0
0.8375586854460094,0.9007461492475549,0.40204783620010526,7.487173694213739,3.8848538334097658,0.10411012172698975,1.9675905858506344,42.0,12.0,1.0
0.7841085271317829,0.8969734302841305,0.30494949714306163,7.6128310304073565,3.946462716093908,0.10411012172698975,3.100565609555406,43.0,12.0,1.0
0.7692307692307693,0.9886107763712434,0.4474188660036828,4.394449154672439,2.4062719167378948,0.10411012172698975,2.6756636187362615,44.0,12.0,1.0
0.8603297769156159,0.929405105906906,0.30847771422269954,7.4815557019095165,3.8821010975053722,0.10411012172698975,1.8466170069098777,45.0,12.0,1.0
0.7198697068403909,0.6978305443998355,0.3489714326476885,7.344719054149673,3.815100569304401,0.10411012172698975,2.2446756830341,46.0,12.0,1.0
0.7769002961500494,0.7849653982893324,0.3140347164074388,7.362010551259734,3.823562027270086,0.10411012172698975,2.1980511852698825,47.0,12.0,1.0
0.6697247706422018,0.751215964337065,0.31369624400742147,7.335633981927201,3.810655468448416,0.10411012172698975,3.301917543950567,48.0,12.0,1.0
0.9393939393939394,0.796205666023833,0.5405492075969774,4.143134726391533,2.2910049458161814,0.10411012172698975,1.1315889684645273,49.0,12.0,1.0
0.7247318817029574,0.7671426861769183,0.29698845345954905,7.7102051944325325,3.9942536429528426,0.10411012172698975,2.2998046934776446,50.0,12.0,1.0
0.6829268292682927,0.8563002413031799,0.273628801321628,7.714677473800927,3.996449617581026,0.10411012172698975,3.6924141984990966,51.0,12.0,1.0
0.8666666666666667,0.8585140498566493,0.6623094386213044,3.6888794541139363,2.085265255882364,0.10411012172698975,1.1857619613049957,52.0,12.0,1.0
0.8979591836734694,0.9067674001046558,0.46924411535834754,3.8066624897703196,2.1382787596317785,0.10411012172698975,1.3254038659000935,53.0,12.0,1.0
0.7086092715231788,0.6778825442751527,0.335322475742432,7.617759576608505,3.948880621411679,0.10411012172698975,2.4572314953450287,54.0,12.0,1.0
0.7988187523071244,0.8714108306504325,0.28769256737064286,7.68017564043659,3.979510796630368,0.10411012172698975,2.981362509807941,55.0,12.0,1.0
0.782608695652174,0.9527821319648909,0.49712219656190754,3.6109179126442243,2.050305556619791,0.10411012172698975,1.6284546465433511,56.0,12.0,1.0
0.8478260869565217,0.9675464781781958,0.45420766260409495,4.3694478524670215,2.3947608173700305,0.10411012172698975,1.9051468526522612,57.0,12.0,1.0
0.8101910828025478,0.623021504234967,0.2746959689565737,6.456769655572163,3.382919345827802,0.1074461117386818,1.6931127353931024,1.0,13.0,1.0
0.7489711934156379,0.5350082095655958,0.23739289214551595,6.304448802421981,3.3093171909672208,0.1074461117386818,2.516333456269357,2.0,13.0,1.0
0.8538102643856921,0.634364121712532,0.3464578684917119,6.309918278226516,3.3119569429711246,0.1074461117386818,1.8400390404895566,3.0,13.0,1.0
0.8008565310492506,0.7731601515147051,0.2639862853609911,6.618738983517219,3.4613734660452677,0.1074461117386818,2.3342352847428467,4.0,13.0,1.0
0.8313106796116505,0.27245542579033005,0.35334458148621745,6.530877627725885,3.418791985002002,0.1074461117386818,1.9524278694334123,5.0,13.0,1.0
0.9123020706455542,0.586125889890702,0.29331850949815114,6.620073206530356,3.4620205092464453,0.1074461117386818,1.3661903576811294,6.0,13.0,1.0
0.8387942332896461,0.5257903494235575,0.2782415835275508,6.46302945692067,3.3859478922708695,0.1074461117386818,1.6825307807968957,7.0,13.0,1.0
0.8528072837632777,0.7060806650870479,0.3395807616697826,6.333279628139691,3.3232345766671405,0.1074461117386818,1.6923880780060905,8.0,13.0,1.0
0.8588672237697307,0.6483556964204512,0.2636964963110561,6.8308742346461795,3.564401599619654,0.1074461117386818,1.7809956160739477,9.0,13.0,1.0
0.8056371109806224,0.9222206376694517,0.2672249833552455,7.224753405767971,3.7564387810689186,0.1074461117386818,2.7581126981736164,10.0,13.0,1.0
0.8311874105865522,0.5362503329424918,0.29457610073153967,6.366470447731438,3.339264725630266,0.1074461117386818,1.7902070998821475,11.0,13.0,1.0
0.8602540834845736,0.6008748150751491,0.40293509550272316,6.163314804034641,3.2412849880539736,0.1074461117386818,1.5420946387824215,12.0,13.0,1.0
0.8421052631578947,0.6541819230641256,0.2861376536747386,6.385194398997726,3.348311594327416,0.1074461117386818,1.6188225824127855,13.0,13.0,1.0
0.8226256983240223,0.7030688380554074,0.31298646424405024,6.380122536899765,3.3458607509755636,0.1074461117386818,2.1080504363214576,14.0,13.0,1.0
0.8621212121212121,0.7248071279048601,0.2371653130734414,6.345636360828596,3.3292014950260556,0.1074461117386818,1.539308335549092,15.0,13.0,1.0
0.8012519561815337,0.7129680414441126,0.30564242153085214,6.240275845170769,3.278363082792804,0.1074461117386818,2.4439609233693864,16.0,13.0,1.0
0.8720238095238095,0.5839801887663102,0.3131250471996808,6.375024819828097,3.3433976136291093,0.1074461117386818,1.7824743798613,17.0,13.0,1.0
0.9206081081081081,0.5579145307040622,0.35485715674598545,6.302618975744905,3.3084341084606064,0.1074461117386818,1.283053013647548,18.0,13.0,1.0
0.8346094946401225,0.44498661056756644,0.324287884042097,6.302618975744905,3.3084341084606064,0.1074461117386818,1.880901405115143,19.0,13.0,1.0
0.8797996661101837,0.4514596287179122,0.33874672458583704,6.269096283706261,3.2922606426771264,0.1074461117386818,1.445499403512417,20.0,13.0,1.0
0.8290909090909091,0.7207438631735368,0.36188348287549826,6.124683390894205,3.222691947404774,0.1074461117386818,1.818588180610364,21.0,13.0,1.0
0.7745803357314148,0.538685199243094,0.37049814778464774,6.472346294500901,3.390455999451512,0.1074461117386818,2.71533584919864,22.0,13.0,1.0
0.9004065040650406,0.20452867791907445,0.24703143307302108,6.095824562432225,3.208810703734761,0.1074461117386818,1.3056429737469324,23.0,13.0,1.0
0.8980169971671388,0.6981551724428858,0.28434991376963936,6.453624998892692,3.3813980438449125,0.1074461117386818,1.463557177023442,24.0,13.0,1.0
0.8285340314136126,0.6729094055068886,0.3124194485523755,6.452048954437226,3.3806356228915106,0.1074461117386818,1.802460559414456,25.0,13.0,1.0
0.804945054945055,0.7734474900166857,0.29439749877299787,6.375024819828097,3.3433976136291093,0.1074461117386818,1.8375762793686232,26.0,13.0,1.0
0.8032345013477089,0.6231875419791956,0.30733806091465576,6.391917113392602,3.351560473221019,0.1074461117386818,2.0718611281247092,27.0,13.0,1.0
0.8256029684601113,0.5313553601496439,0.3832353687600446,6.100318952020064,3.210972056475935,0.1074461117386818,1.6225727349523873,28.0,13.0,1.0
0.8528925619834711,0.16905541915347255,0.4005302133366646,6.248042874508429,3.2821077731980286,0.1074461117386818,1.6147734344580145,29.0,13.0,1.0
0.8212389380530973,0.22218544864240547,0.3783035302830535,6.142037405587356,3.231042751474132,0.1074461117386818,1.9477365213156352,30.0,13.0,1.0
0.7557803468208093,0.5974071075427136,0.306518517744534,6.261491684321042,3.288592960078605,0.1074461117386818,2.12671849205885,31.0,13.0,1.0
0.8095238095238095,0.4355139596715635,0.35473799820816954,6.5722825426940075,3.438851795443043,0.1074461117386818,1.842304298423448,32.0,13.0,1.0
0.8143382352941176,0.45986013494196437,0.29948978469432386,6.095824562432225,3.208810703734761,0.1074461117386818,1.8505332103821617,33.0,13.0,1.0
0.9182156133828996,0.45825672384252436,0.3840494459047724,6.20455776256869,3.2611488119915713,0.1074461117386818,1.2526809495584699,34.0,13.0,1.0
0.8701754385964913,0.5249673236827548,0.2748395688184213,6.208590026096629,3.263091628576238,0.1074461117386818,1.4409407399232224,35.0,13.0,1.0
0.8190327613104524,0.5542857660640055,0.3078709194591381,6.26530121273771,3.290430229380671,0.1074461117386818,1.754846229149125,36.0,13.0,1.0
0.8292263610315186,0.8935469583431859,0.26532264568016123,7.277938572945661,3.782436428000944,0.1074461117386818,2.374304344927662,37.0,13.0,1.0
0.8596214511041009,0.2852730632087955,0.3081222545639813,6.302618975744905,3.3084341084606064,0.1074461117386818,1.7804899054152148,38.0,13.0,1.0
0.8711985688729875,0.7128120698508101,0.36152514264424845,6.1903154058531475,3.254287669250494,0.1074461117386818,1.4719754668547538,39.0,13.0,1.0
0.7737306843267108,0.6605592326233045,0.28981647420664686,6.553933404025811,3.429960506875607,0.1074461117386818,2.315242854699508,40.0,13.0,1.0
0.8517940717628705,0.7864907784944293,0.289577702845353,6.304448802421981,3.3093171909672208,0.1074461117386818,1.8197667441535352,41.0,13.0,1.0
0.7762938230383973,0.5386038854747384,0.2550847048897476,6.836259277277067,3.5670208057570925,0.1074461117386818,2.0765400955021778,42.0,13.0,1.0
0.8990476190476191,0.5678071890602173,0.2646932550155459,6.159095388491933,3.239253596776368,0.1074461117386818,1.4554216812744367,43.0,13.0,1.0
0.8045801526717558,0.578789015582036,0.31498972123471075,6.269096283706261,3.2922606426771264,0.1074461117386818,2.272215443846249,44.0,13.0,1.0
0.8283313325330132,0.6786484987196122,0.357721270343761,6.53813982376767,3.4223094752618923,0.1074461117386818,1.9985463334054145,45.0,13.0,1.0
0.8614982578397212,0.8002193471546557,0.28677493781081564,6.897704943128636,3.5969200188451684,0.1074461117386818,1.6986501358496462,46.0,13.0,1.0
0.9068493150684932,0.7892931877173697,0.27895725514612635,6.4967749901858625,3.4022792812655616,0.1074461117386818,1.3378772673302806,47.0,13.0,1.0
0.8671586715867159,0.6726765655870183,0.3034216404716746,6.559615237493242,3.4327134483569126,0.1074461117386818,1.7119866872104905,48.0,13.0,1.0
0.8406040268456376,0.6959537772569505,0.43296472628948,6.218600119691729,3.2679152510115372,0.1074461117386818,1.6206902240200332,49.0,13.0,1.0
0.886535552193646,0.5905221373002523,0.28855058126142136,6.375024819828097,3.3433976136291093,0.1074461117386818,1.5521829016354436,50.0,13.0,1.0
0.8815261044176707,0.5002675734656141,0.2553478912172444,6.0867747269123065,3.2044591667776596,0.08176295459270477,1.4096227541728568,1.0,14.0,1.0
0.9142857142857143,0.376186332410688,0.24189755808457222,5.666426688112432,3.003166047426715,0.08176295459270477,1.2445348131219878,2.0,14.0,1.0
0.8523676880222841,0.5899023067681608,0.273074176480052,5.726847747587197,3.031995440911716,0.08176295459270477,1.4444248857993645,3.0,14.0,1.0
0.8747152619589977,0.6269419885006899,0.29296786302645905,5.953243334287785,3.1403357621918144,0.08176295459270477,1.351930189750022,4.0,14.0,1.0
0.9296482412060302,0.6300604887673543,0.2621955607971572,5.916202062607435,3.122576648603987,0.08176295459270477,1.2675538870391485,5.0,14.0,1.0
0.85,0.5981663189782697,0.24884191525155944,6.131226489483141,3.2258402046274908,0.08176295459270477,1.7138820893086115,6.0,14.0,1.0
0.8937728937728938,0.38877218797531937,0.27750469909280034,5.501258210544727,2.9245501886414424,0.08176295459270477,1.2750707123937148,7.0,14.0,1.0
0.8961038961038961,0.6230454437563043,0.3092457118109671,5.846438775057724,3.0891640000198266,0.08176295459270477,1.2728135065046893,8.0,14.0,1.0
0.8724373576309795,0.5067981591094984,0.25662392428429903,5.950642552587727,3.139088428061438,0.08176295459270477,1.4067762131257449,9.0,14.0,1.0
0.8944444444444445,0.590939487517673,0.2358250658898062,5.777652323222656,3.0562646669363067,0.08176295459270477,1.3386469432812198,10.0,14.0,1.0
0.9348441926345609,0.7682471280381822,0.2425627501074487,5.802118375377063,3.0679610941199775,0.08176295459270477,1.2160237281691133,11.0,14.0,1.0
0.9025,0.3541622485902266,0.2557502098827134,5.891644211825771,3.1108096154451643,0.08176295459270477,1.2794043144616007,12.0,14.0,1.0
0.9135446685878963,0.5446051866292152,0.21607245360645247,5.762051382780177,3.048809421238675,0.08176295459270477,1.1990756197024002,13.0,14.0,1.0
0.7712418300653595,0.5151820281615818,0.2662198533922042,5.872117789475416,3.101457452879022,0.08176295459270477,1.9549226598087368,14.0,14.0,1.0
0.871244635193133,0.7510614797761854,0.23222308347497836,6.008813185442595,3.1670017395333008,0.08176295459270477,1.4898253307014158,15.0,14.0,1.0
0.867816091954023,0.5584311185924486,0.2697078826455669,5.713732805509369,3.025734630798558,0.08176295459270477,1.3016657729695436,16.0,14.0,1.0
0.8713235294117647,0.7764069597294705,0.3136259357178088,5.472270673671475,2.910782940416834,0.08176295459270477,1.3520259938269525,17.0,14.0,1.0
0.8498659517426274,0.5125219028573464,0.2937815558094007,5.762051382780177,3.048809421238675,0.08176295459270477,1.4163076526165668,18.0,14.0,1.0
0.9635922330097088,0.48757879232005313,0.29078379517210867,5.986452005284438,3.156268052106129,0.08176295459270477,1.1205963237613976,19.0,14.0,1.0
0.8623188405797102,0.9083816615452462,0.23336159330455764,6.5722825426940075,3.438851795443043,0.08176295459270477,1.671619546343788,20.0,14.0,1.0
0.82,0.7633505411452601,0.19762316677540195,6.280395838960195,3.297711255897661,0.08176295459270477,1.9232481534479418,21.0,14.0,1.0
0.8624078624078624,0.644606109593379,0.22522370217433724,5.863631175598097,3.0973939182078127,0.08176295459270477,1.4452095602355903,22.0,14.0,1.0
0.8908554572271387,0.5362753199007189,0.24532029478129436,5.713732805509369,3.025734630798558,0.08176295459270477,1.2674854759037588,23.0,14.0,1.0
0.8704663212435233,0.44108699509336635,0.3030051241640385,5.820082930352362,3.0765530684378692,0.08176295459270477,1.4083242566531262,24.0,14.0,1.0
0.8820375335120644,0.44978615223634305,0.27359122858724305,5.799092654460526,3.0665142789978814,0.08176295459270477,1.3311040166070414,25.0,14.0,1.0
0.9264367816091954,0.3914985481013073,0.2599315446900641,6.0014148779611505,3.163449948097688,0.08176295459270477,1.2283140139137023,26.0,14.0,1.0
0.9466666666666667,0.49885220324765817,0.28672638316875015,5.652489180268651,2.996521148598113,0.08176295459270477,1.1615507198564894,27.0,14.0,1.0
0.9458689458689459,0.7070110489357808,0.28872071657904114,5.808142489980444,3.0708419217261693,0.08176295459270477,1.164390695090465,28.0,14.0,1.0
0.8888888888888888,0.6911589497072207,0.3044150754829487,5.84354441703136,3.0877787618435875,0.08176295459270477,1.3929403616110019,29.0,14.0,1.0
0.9263456090651558,0.32098986109395256,0.30848089090091046,5.793013608384144,3.0636077182062085,0.08176295459270477,1.2680064378567675,30.0,14.0,1.0
0.9192307692307692,0.5317763477017522,0.34953973305630026,5.480638923341991,2.91475638775334,0.08176295459270477,1.1770132010080618,31.0,14.0,1.0
0.8861111111111111,0.5427803101401107,0.2541078074638777,5.768320995793772,3.051805203465507,0.08176295459270477,1.2787951757563893,32.0,14.0,1.0
0.8932874354561101,0.7551562501148055,0.2890933629396332,6.253828811575473,3.2848976456499384,0.08176295459270477,1.4094315529824653,33.0,14.0,1.0
0.9135802469135802,0.6707503849625421,0.28499760715912,5.407171771460119,2.8798988262931906,0.08176295459270477,1.2176988696021485,34.0,14.0,1.0
0.9278350515463918,0.5748616462994617,0.23778504249630752,5.602118820879701,2.9725230971050007,0.08176295459270477,1.1867783723592138,35.0,14.0,1.0
0.8934624697336562,0.5496935086210524,0.23163384904251388,5.91350300563827,3.121283105238069,0.08176295459270477,1.270988992424079,36.0,14.0,1.0
0.9396825396825397,0.40845514666830585,0.24452720215047272,5.6937321388027,3.0161900410920905,0.08176295459270477,1.1654301636632995,37.0,14.0,1.0
0.886435331230284,0.893434229170567,0.22044417128617042,6.738152494595957,3.5193324254818585,0.08176295459270477,1.703264485851627,38.0,14.0,1.0
0.9,0.5791304883421796,0.2543042707183522,5.983936280687191,3.155060750185239,0.08176295459270477,1.2842082835139346,39.0,14.0,1.0
0.9044585987261147,0.5088572673480449,0.23380204452359235,5.652489180268651,2.996521148598113,0.08176295459270477,1.2934131437468195,40.0,14.0,1.0
0.9571865443425076,0.6570218746997313,0.29293293462143105,5.749392985908253,3.0427620955781656,0.08176295459270477,1.1499866760319175,41.0,14.0,1.0
0.8914473684210527,0.6521572858343813,0.23858484664490393,5.605802066295998,2.974277019288197,0.08176295459270477,1.4124745893835247,42.0,14.0,1.0
0.900990099009901,0.6947257063114324,0.3328229380482805,5.6131281063880705,2.977766022716529,0.08176295459270477,1.4160355705862064,43.0,14.0,1.0
0.9064171122994652,0.7378154750402262,0.21282565798093692,5.8289456176102075,3.080793006039081,0.08176295459270477,1.3440857381646123,44.0,14.0,1.0
0.9244186046511628,0.5715975394134283,0.3659961104969523,5.765191102784844,3.0503096117785278,0.08176295459270477,1.1751284448543453,45.0,14.0,1.0
0.8439306358381503,0.7090008507573651,0.2801302970288494,5.680172609017068,3.00972154874075,0.08176295459270477,1.4733296784191383,46.0,14.0,1.0
0.8901869158878505,0.5500401509722607,0.2791458151229045,5.945420608606575,3.1365841725049277,0.08176295459270477,1.3625753093543524,47.0,14.0,1.0
0.8775510204081632,0.5843740234453089,0.2575743652363376,5.961005339623274,3.144058785551736,0.08176295459270477,1.3691088685821362,48.0,14.0,1.0
0.8831417624521073,0.7772713784350712,0.2378005697469581,6.135564891081739,3.2279278580058395,0.08176295459270477,1.5582886159300962,49.0,14.0,1.0
0.812133072407045,0.4156118689778701,0.3359816492024593,6.030685260261263,3.1775049819767096,0.08176295459270477,1.7185337076316907,50.0,14.0,1.0
0.8574610244988864,0.955484914241972,0.28234801293734935,6.647688373563329,3.475415502820987,0.06889264285564423,2.015193098343906,1.0,15.0,1.0
0.8637992831541219,0.7135455420535121,0.32892599984311244,5.488937726156687,2.9186976166432883,0.06889264285564423,1.4147182279816162,2.0,15.0,1.0
0.9041095890410958,0.6239398953638541,0.34430570375267583,5.579729825986222,2.9618647580378745,0.06889264285564423,1.2362632832340226,3.0,15.0,1.0
0.8235294117647058,0.5755192369056544,0.34911843919700586,5.777652323222656,3.0562646669363067,0.06889264285564423,1.659350437006341,4.0,15.0,1.0
0.9319371727748691,0.8260366940796405,0.2994924169134014,6.282266746896006,3.298613832542201,0.06889264285564423,1.339578015804218,5.0,15.0,1.0
0.8809160305343512,0.8663038393816618,0.276992083950408,6.359573868672378,3.3359331827196006,0.06889264285564423,1.5945886545655465,6.0,15.0,1.0
0.8829337094499294,0.9063480300740716,0.3430772754856102,6.440946540632921,3.3752652907168783,0.06889264285564423,1.6165886219826284,7.0,15.0,1.0
0.9130434782608695,0.6449443479585087,0.3268238651005144,5.755742213586912,3.045795129144854,0.06889264285564423,1.286271154575656,8.0,15.0,1.0
0.8939759036144578,0.9361075047499453,0.23654715662154027,6.610696044717759,3.4574732352151702,0.06889264285564423,1.7605698214100878,9.0,15.0,1.0
0.9342301943198804,0.9266297047346227,0.2625766535703827,6.439350371100098,3.3744932859561216,0.06889264285564423,1.5130743670947187,10.0,15.0,1.0
0.8527980535279805,0.897779712999094,0.3097943650742647,6.553933404025811,3.429960506875607,0.06889264285564423,1.7313635580383842,11.0,15.0,1.0
0.8932461873638344,0.8323776967996486,0.31415464424417483,6.018593214496234,3.1716977037998157,0.06889264285564423,1.3564314284716814,12.0,15.0,1.0
0.8959227467811158,0.9509880777521438,0.3427848289376717,6.728628613084702,3.5147063490458668,0.06889264285564423,1.8438667628387102,13.0,15.0,1.0
0.896414342629482,0.5733523618892695,0.30119527459352013,5.420534999272286,2.886234740362867,0.06889264285564423,1.335777101790104,14.0,15.0,1.0
0.8755656108597285,0.809955833399196,0.34927357945237963,5.961005339623274,3.144058785551736,0.06889264285564423,1.4572560709870759,15.0,15.0,1.0
0.8941908713692946,0.8762608318813276,0.3026734430138065,6.068425588244111,3.1956383237685504,0.06889264285564423,1.446983223819705,16.0,15.0,1.0
0.909310761789601,0.9146972121053881,0.29877483615134426,6.6240652277998935,3.463956549175465,0.06889264285564423,1.607608217943724,17.0,15.0,1.0
0.8642149929278642,0.8572062232988285,0.26429422322669394,6.416732282512326,3.3635558662074105,0.06889264285564423,1.6291011904330086,18.0,15.0,1.0
0.9285714285714286,0.9599648201303552,0.26278763693729473,6.814542897259958,3.5564594063406005,0.06889264285564423,1.969307143554372,19.0,15.0,1.0
0.8964992389649924,0.9007134342545572,0.3812778027925922,6.380122536899765,3.3458607509755636,0.06889264285564423,1.5883454861368784,20.0,15.0,1.0
0.9363957597173145,0.8540262196611624,0.28533229376019315,6.274762021241939,3.2949935195029982,0.06889264285564423,1.3989786654596779,21.0,15.0,1.0
0.9014598540145985,0.19695050370300632,0.3766886834524695,5.5134287461649825,2.9303331491791136,0.06889264285564423,1.259584023579216,22.0,15.0,1.0
0.9009009009009009,0.18643161433412295,0.26861958501287353,5.303304908059076,2.8307214899683775,0.06889264285564423,1.234374389120157,23.0,15.0,1.0
0.8756218905472637,0.9157816094682045,0.265545053788386,6.558197802812269,3.432026656384674,0.06889264285564423,1.8038577694431157,24.0,15.0,1.0
0.847972972972973,0.37642206085004615,0.29355183347442076,5.529429087511423,2.9379383183474608,0.06889264285564423,1.417685215137612,25.0,15.0,1.0
0.9478991596638655,0.8529390820179711,0.3704924779350883,6.336825731146441,3.324946824918697,0.06889264285564423,1.3506705419344747,26.0,15.0,1.0
0.9560117302052786,0.7242479793026658,0.334401615152011,5.7899601708972535,3.0621479206782674,0.06889264285564423,1.1462909370051586,27.0,15.0,1.0
0.9123173277661796,0.8568460447899772,0.2505440351695735,6.082218910376446,3.202268809820244,0.06889264285564423,1.4618578144254053,28.0,15.0,1.0
0.9478079331941545,0.7057941653402066,0.2547090955702037,6.12029741895095,3.220581811519655,0.06889264285564423,1.1838763971929667,29.0,15.0,1.0
0.945054945054945,0.8249844636549453,0.44905860514936263,6.066108090103747,3.1945244593809208,0.06889264285564423,1.221856195123013,30.0,15.0,1.0
0.8836424957841484,0.8900577909468721,0.25789953864980647,6.263398262591624,3.2895124549543606,0.06889264285564423,1.5211839866715924,31.0,15.0,1.0
0.953125,0.6893742486928356,0.35924404979864266,5.905361848054571,3.1173818047395194,0.06889264285564423,1.1436876286482607,32.0,15.0,1.0
0.9302752293577982,0.8940282340058763,0.24596167798201435,6.230481447578482,3.2736416465680107,0.06889264285564423,1.4563586640664725,33.0,15.0,1.0
0.9512195121951219,0.6763436784726359,0.3880322745880429,5.968707559985366,3.147753676731401,0.06889264285564423,1.1736248143110877,34.0,15.0,1.0
0.9016393442622951,0.4926882472144478,0.3719807222549094,5.3981627015177525,2.875628482614035,0.06889264285564423,1.2098785659429128,35.0,15.0,1.0
0.8571428571428571,0.6518061927989218,0.2952318441376333,5.056245805348308,2.714260959676752,0.06889264285564423,1.3815522940274123,36.0,15.0,1.0
0.8942115768463074,0.7690107448773936,0.36108255270257356,6.1070228877422545,3.2141963044016575,0.06889264285564423,1.4073791955464736,37.0,15.0,1.0
0.9005424954792043,0.8775036686711892,0.2624873223317117,6.212606095751519,3.2650267762701417,0.06889264285564423,1.4529505131661868,38.0,15.0,1.0
0.9086115992970123,0.8939968352490603,0.2791554469857864,6.249975242259483,3.2830394951334,0.06889264285564423,1.5343136021113875,39.0,15.0,1.0
0.9331550802139037,0.5381091574197434,0.38869960633042494,5.857933154483459,3.09466599198655,0.06889264285564423,1.2350839992451368,40.0,15.0,1.0
0.9442508710801394,0.46783174980311915,0.3289626184979041,5.605802066295998,2.974277019288197,0.06889264285564423,1.1054155408598705,41.0,15.0,1.0
0.9232365145228216,0.8226565394837838,0.28399219145730187,6.100318952020064,3.210972056475935,0.06889264285564423,1.350785833270892,42.0,15.0,1.0
0.8981481481481481,0.82875885222114,0.30816159406913646,5.963579343618446,3.1452935205900445,0.06889264285564423,1.388647653678248,43.0,15.0,1.0
0.9040590405904059,0.8003137936840872,0.2806872460246354,6.19644412779452,3.257239926085709,0.06889264285564423,1.394644295510043,44.0,15.0,1.0
0.9113082039911308,0.877982733670887,0.4541134952208046,6.021023349349527,3.172864686238923,0.06889264285564423,1.5022253435064798,45.0,15.0,1.0
0.858433734939759,0.845651402615674,0.307703298998372,6.3473892096560105,3.3300480215475106,0.06889264285564423,1.6060129037941198,46.0,15.0,1.0
0.8550420168067226,0.8607975546391582,0.3016218682459472,6.0112671744041615,3.168179962863699,0.06889264285564423,1.619551967105907,47.0,15.0,1.0
0.8954423592493298,0.8900205198972349,0.3244375793023335,6.505784060128229,3.4066407028003685,0.06889264285564423,1.546588168967676,48.0,15.0,1.0
0.8771929824561403,0.7236919057746439,0.3094130493405619,5.993961427306569,3.159872180588705,0.06889264285564423,1.5385591017095432,49.0,15.0,1.0
0.9215686274509803,0.7806711574596072,0.3187793840530225,5.799092654460526,3.0665142789978814,0.06889264285564423,1.2553398221625252,50.0,15.0,1.0
0.8767605633802817,0.6067592411380888,0.3730101202038646,5.521460917862246,2.934150599309053,0.06889264285564423,1.3938831357214978,51.0,15.0,1.0
0.91,0.9017291740534321,0.3030724421926932,5.8998973535824915,3.1147635268,0.06889264285564423,1.4592065035018085,52.0,15.0,1.0
0.9259259259259259,0.7176883713139371,0.3790595591581406,5.420534999272286,2.886234740362867,0.06889264285564423,1.1914801926461114,53.0,15.0,1.0
0.9207119741100324,0.8578760639446775,0.2841233662210914,6.345636360828596,3.3292014950260556,0.06889264285564423,1.4407490548318058,54.0,15.0,1.0
0.8696498054474708,0.7547498733322634,0.26985720230222365,6.104793232414985,3.2131239119730264,0.06889264285564423,1.4401218796819042,55.0,15.0,1.0
0.9388185654008439,0.7690814631294506,0.30668303061735136,6.100318952020064,3.210972056475935,0.06889264285564423,1.2746376363578562,56.0,15.0,1.0
0.9243697478991597,0.784045422369047,0.29940722022682004,6.089044875446846,3.2055506818059016,0.06889264285564423,1.2996225604840947,57.0,15.0,1.0
0.926948051948052,0.8682863885368092,0.2616530230032743,6.349138991379798,3.330893090766943,0.06889264285564423,1.4986452765607199,58.0,15.0,1.0
0.9035222052067381,0.888833043024106,0.3051505894978735,6.3818160174060985,3.346679058663301,0.06889264285564423,1.5236180973280935,59.0,15.0,1.0
0.8917835671342685,0.8444628357954098,0.3862692488505884,6.100318952020064,3.210972056475935,0.06889264285564423,1.5551519585894225,60.0,15.0,1.0
0.9107981220657277,0.6933443198901268,0.35588286093471855,5.272999558563747,2.8163964448261147,0.06889264285564423,1.2614877764656511,61.0,15.0,1.0
0.8443223443223443,0.8546421458419223,0.2812975906325189,6.135564891081739,3.2279278580058395,0.06889264285564423,1.6360959057829416,62.0,15.0,1.0
0.9458333333333333,0.8460391946836413,0.32761629766609734,6.12029741895095,3.220581811519655,0.06889264285564423,1.2667669535404305,63.0,15.0,1.0
0.9214586255259467,0.8552253466519001,0.32179846252082156,6.489204931325317,3.398614966409901,0.06889264285564423,1.503043396188928,64.0,15.0,1.0
0.9272349272349273,0.771795983626027,0.296103124993144,6.102558594613569,3.212049166133297,0.06889264285564423,1.2778428530518169,65.0,15.0,1.0
0.9090909090909091,0.7037130380752241,0.30254672551281525,5.942799375126701,3.1353272180420215,0.06889264285564423,1.3545775468416565,66.0,15.0,1.0
0.8792569659442725,0.6525426097224548,0.36097894681417697,5.652489180268651,2.996521148598113,0.06889264285564423,1.4169878045230877,67.0,15.0,1.0
0.9249448123620309,0.7130036518524601,0.2985096607338116,6.040254711277414,3.1821016892896967,0.06889264285564423,1.2539335654007053,68.0,15.0,1.0
0.932806324110672,0.7738978251286619,0.33309371492389883,6.159095388491933,3.239253596776368,0.06889264285564423,1.3140588340027577,69.0,15.0,1.0
0.8838383838383839,0.7647884068037994,0.3557944789522062,5.860786223465865,3.096031859554354,0.06889264285564423,1.4441829764561012,70.0,15.0,1.0
0.8985507246376812,0.8366086071667241,0.3621338744889617,6.208590026096629,3.263091628576238,0.06889264285564423,1.470606064069423,71.0,15.0,1.0
0.9437706725468578,0.9172989295474849,0.2722226109553706,6.75343791859778,3.5267583364226742,0.06889264285564423,1.477853000831703,72.0,15.0,1.0
0.8984198645598194,0.7465708086650711,0.377284355957834,5.988961416889864,3.1574723813761874,0.06889264285564423,1.356096462182369,73.0,15.0,1.0
0.8968692449355433,0.642718122269103,0.2987760613861867,6.1903154058531475,3.254287669250494,0.07584624737501144,1.4826383307059803,1.0,16.0,1.0
0.8642201834862385,0.7953394064519669,0.23804929459510596,6.156978985585555,3.238234734370268,0.07584624737501144,1.4540527205507425,2.0,16.0,1.0
0.94375,0.4485138864599131,0.24587721174620963,5.713732805509369,3.025734630798558,0.07584624737501144,1.1171579492879857,3.0,16.0,1.0
0.8589743589743589,0.6284974453785517,0.2799743408742974,5.594711379601839,2.968996182651891,0.07584624737501144,1.3943688263570213,4.0,16.0,1.0
0.8854748603351955,0.6334473360123276,0.23573517108314312,5.762051382780177,3.048809421238675,0.07584624737501144,1.3943028866075884,5.0,16.0,1.0
0.9296296296296296,0.6466224633709878,0.324232974444657,5.529429087511423,2.9379383183474608,0.07584624737501144,1.2013294497976832,6.0,16.0,1.0
0.8680351906158358,0.509312955440898,0.3552022149999857,5.6937321388027,3.0161900410920905,0.07584624737501144,1.4795041265666102,7.0,16.0,1.0
0.8368055555555556,0.4682778677009012,0.2583132548063405,5.488937726156687,2.9186976166432883,0.07584624737501144,1.4720753011290864,8.0,16.0,1.0
0.868,0.36669488071634204,0.3044174937989706,5.384495062789089,2.8691517013481738,0.07584624737501144,1.438332859401744,9.0,16.0,1.0
0.9090909090909091,0.5302802924209137,0.25220981426821254,5.707110264748875,3.022573818272304,0.07584624737501144,1.267023238152203,10.0,16.0,1.0
0.8530612244897959,0.5604592828693069,0.2925486619240825,5.3471075307174685,2.851445441348,0.07584624737501144,1.3837316683490215,11.0,16.0,1.0
0.8050847457627118,0.5951843121983348,0.253000811410511,5.942799375126701,3.1353272180420215,0.07584624737501144,1.7031906935404695,12.0,16.0,1.0
0.8875739644970414,0.6254659035511168,0.24449366214580956,5.707110264748875,3.022573818272304,0.07584624737501144,1.350584712304439,13.0,16.0,1.0
0.8504672897196262,0.4061337508244666,0.29885714413601944,5.6131281063880705,2.977766022716529,0.07584624737501144,1.4259119949978565,14.0,16.0,1.0
0.8414985590778098,0.3389645983938679,0.25469709112322164,5.680172609017068,3.00972154874075,0.07584624737501144,1.4335262742646002,15.0,16.0,1.0
0.8781869688385269,0.631664626016447,0.28253856305683583,5.739792912179234,3.0381768875019994,0.07584624737501144,1.3502892647911722,16.0,16.0,1.0
0.9281767955801105,0.696185856816591,0.2750710397878909,5.820082930352362,3.0765530684378692,0.07584624737501144,1.1861613229403487,17.0,16.0,1.0
0.834319526627219,0.7524197571279443,0.251508331863401,5.645446897643238,2.993164401484698,0.07584624737501144,1.5920905173030202,18.0,16.0,1.0
0.8521739130434782,0.621659787382717,0.2318182240615694,5.68697535633982,3.012966525513552,0.07584624737501144,1.6545350794215188,19.0,16.0,1.0
0.8722741433021807,0.30429991321948696,0.32851075557787185,5.638354669333745,2.9897843636388495,0.07584624737501144,1.3710386324065567,20.0,16.0,1.0
0.7783251231527094,0.5734694413612528,0.24213686075856394,5.75890177387728,3.047304603298942,0.07584624737501144,1.7846775299746782,21.0,16.0,1.0
0.8502673796791443,0.6757241554073601,0.25715884261770533,5.765191102784844,3.0503096117785278,0.07584624737501144,1.510734389990503,22.0,16.0,1.0
0.8970588235294118,0.652103815599381,0.3191246255001625,5.214935757608986,2.788980541848176,0.07584624737501144,1.2313396229375935,23.0,16.0,1.0
0.8294117647058824,0.5622412208476623,0.22555514004128982,5.645446897643238,2.993164401484698,0.07584624737501144,1.6170200356265676,24.0,16.0,1.0
0.8329621380846325,0.1940997497448209,0.27026648132058306,5.926926025970411,3.1277168565226234,0.07584624737501144,1.6546106659943425,25.0,16.0,1.0
0.824773413897281,0.4918304504664101,0.24222029772044576,5.6131281063880705,2.977766022716529,0.07584624737501144,1.6041509943725882,26.0,16.0,1.0
0.84375,0.44045261264788277,0.32889750171752197,5.602118820879701,2.9725230971050007,0.07584624737501144,1.4660072181047734,27.0,16.0,1.0
0.8868421052631579,0.6778857788507668,0.2691219928327826,5.823045895483019,3.0779704761968443,0.07584624737501144,1.3618030228474007,28.0,16.0,1.0
0.9313725490196079,0.5873523561200057,0.2332187381912922,5.655991810819852,2.998190888656356,0.07584624737501144,1.2267787586630061,29.0,16.0,1.0
0.8557588805166846,0.8768116782219431,0.2603050800473103,6.679599185844383,3.490900676352285,0.07584624737501144,1.8763076912031773,30.0,16.0,1.0
0.8621794871794872,0.5760403700543149,0.2953314802278346,5.598421958998375,2.970762833670308,0.07584624737501144,1.4200615305490818,31.0,16.0,1.0
0.8562691131498471,0.4141068949304624,0.2643689282783866,5.638354669333745,2.9897843636388495,0.07584624737501144,1.4274393908784426,32.0,16.0,1.0
0.872,0.5784100939209457,0.2391737125405164,5.793013608384144,3.0636077182062085,0.07584624737501144,1.456206520583262,33.0,16.0,1.0
0.857566765578635,0.7861683153922198,0.27399932762243406,5.66988092298052,3.004813208801392,0.07584624737501144,1.4996611059781586,34.0,16.0,1.0
0.8628048780487805,0.6030331971781269,0.25947769585463865,5.648974238161206,2.9948456661727745,0.07584624737501144,1.5967309998064572,35.0,16.0,1.0
0.8733850129198967,0.5337947510518621,0.25776176673980106,5.82600010738045,3.0793837807874476,0.07584624737501144,1.4428542459790055,36.0,16.0,1.0
0.9109311740890689,0.4122832579524954,0.29539210239187297,5.420534999272286,2.886234740362867,0.07584624737501144,1.2707420591400043,37.0,16.0,1.0
0.8308157099697885,0.33616806062305155,0.22330707723911994,5.62040086571715,2.9812302046644343,0.07584624737501144,1.6177336019391813,38.0,16.0,1.0
0.884375,0.5985825981110613,0.3115638706849134,5.648974238161206,2.9948456661727745,0.07584624737501144,1.4123075245440428,39.0,16.0,1.0
0.7754716981132076,0.7560861580498689,0.2550965897722376,6.021023349349527,3.172864686238923,0.07584624737501144,2.468460124781957,40.0,16.0,1.0
0.9097472924187726,0.4310656585289204,0.25754376586176403,5.53338948872752,2.9398211737233946,0.07584624737501144,1.2115679604259861,41.0,16.0,1.0
0.7557603686635944,0.5965421061997883,0.2209987266989226,5.796057750765372,3.0650631622973936,0.07584624737501144,1.994501648491031,42.0,16.0,1.0
0.8125,0.8938145490688094,0.2314941934573195,6.536691597591305,3.4216079874112246,0.07584624737501144,2.44979605238167,43.0,16.0,1.0
0.8306264501160093,0.5519055889272976,0.2944563941348867,5.883322388488279,3.1068234468444036,0.07584624737501144,1.5908421643968667,44.0,16.0,1.0
0.9074074074074074,0.6724472038019876,0.3021127509592781,5.68697535633982,3.012966525513552,0.07584624737501144,1.2891233231707462,45.0,16.0,1.0
0.8943089430894309,0.577568088384351,0.2487046688995027,5.802118375377063,3.0679610941199775,0.07584624737501144,1.3011546069502198,46.0,16.0,1.0
0.903954802259887,0.46154275270437334,0.3181999097171373,5.771441123130016,3.0532962245824553,0.07584624737501144,1.2369435902759025,47.0,16.0,1.0
0.8676056338028169,0.5457029828714284,0.2520686373364793,5.733341276897746,3.0350959579035486,0.07584624737501144,1.3810997444669497,48.0,16.0,1.0
0.8867924528301887,0.6102007895133681,0.24945191508841943,5.645446897643238,2.993164401484698,0.07584624737501144,1.3478970618640458,49.0,16.0,1.0
0.8888888888888888,0.6186261666665159,0.3249199144338611,5.37989735354046,2.866973427027827,0.07584624737501144,1.3759393935821886,50.0,16.0,1.0
0.7870370370370371,0.9352835931577882,0.2549105961159086,5.831882477283517,3.0821981755735477,0.07461226731538773,1.9637355809572794,1.0,17.0,1.0
0.918918918918919,0.32242002218988347,0.2525878664652163,5.60947179518496,2.976024646048169,0.07461226731538773,1.221953920415334,2.0,17.0,1.0
0.8266666666666667,0.5144620220775503,0.255858664770536,5.739792912179234,3.0381768875019994,0.07461226731538773,1.606648368915538,3.0,17.0,1.0
0.883008356545961,0.6944520280211468,0.20038503550900225,5.762051382780177,3.048809421238675,0.07461226731538773,1.4163076526165668,4.0,17.0,1.0
0.9017341040462428,0.35339975293235293,0.24073138674784617,5.746203190540153,3.041238477168779,0.07461226731538773,1.281035350788346,5.0,17.0,1.0
0.7270833333333333,0.7757885395154817,0.2170481579727407,5.857933154483459,3.09466599198655,0.07461226731538773,2.0944207988047787,6.0,17.0,1.0
0.9424657534246575,0.7331839736206286,0.26509871868391227,5.84354441703136,3.0877787618435875,0.07461226731538773,1.2134603032250222,7.0,17.0,1.0
0.8637413394919169,0.5960056314429565,0.23995359823073578,5.926926025970411,3.1277168565226234,0.07461226731538773,1.6327012087023987,8.0,17.0,1.0
0.935064935064935,0.6764655375762928,0.2835088261813143,5.37989735354046,2.866973427027827,0.07461226731538773,1.2663037874152625,9.0,17.0,1.0
0.9320388349514563,0.6271614548023778,0.32571991333112055,5.262690188904886,2.8115257642062725,0.07461226731538773,1.1330029103441497,10.0,17.0,1.0
0.8450704225352113,0.6302281778498553,0.19530702693528731,5.707110264748875,3.022573818272304,0.07461226731538773,1.539549858402126,11.0,17.0,1.0
0.837471783295711,0.4543759221950087,0.23019898731246108,5.918893854273146,3.1238667774048077,0.07461226731538773,1.667990267067073,12.0,17.0,1.0
0.7646017699115044,0.8367843704001361,0.23527456381364156,6.762729506931879,3.531273095486952,0.07461226731538773,2.214324961026888,13.0,17.0,1.0
0.8647959183673469,0.33743608314696555,0.2511810543791314,5.8289456176102075,3.080793006039081,0.07461226731538773,1.4385980387637283,14.0,17.0,1.0
0.8066666666666666,0.8709787970823546,0.27365067778689856,5.493061443340548,2.9206563127707246,0.07461226731538773,1.6695653977348737,15.0,17.0,1.0
0.8614457831325302,0.4196545353954678,0.2647976753024515,5.659482215759621,2.9998549258303298,0.07461226731538773,1.497226690322013,16.0,17.0,1.0
0.8217592592592593,0.25163533529930804,0.3167439562672916,5.87493073085203,3.102804487185762,0.07461226731538773,1.6331390622433788,17.0,17.0,1.0
0.7170124481327801,0.6035385078870084,0.29523444435385465,6.762729506931879,3.531273095486952,0.07461226731538773,2.8426747640455523,18.0,17.0,1.0
0.8641975308641975,0.6301520500546357,0.32103666604904385,5.638354669333745,2.9897843636388495,0.07461226731538773,1.484976970372415,19.0,17.0,1.0
0.8416075650118203,0.5029597986792949,0.2749442472393308,5.877735781779639,3.104147817354147,0.07461226731538773,1.6509815194443576,20.0,17.0,1.0
0.9,0.4799193429483575,0.28787760147779795,5.198497031265826,2.7812260090094854,0.07461226731538773,1.2244519320096157,21.0,17.0,1.0
0.937125748502994,0.40069180760914974,0.2653967179539443,5.749392985908253,3.0427620955781656,0.07461226731538773,1.1652086386236964,22.0,17.0,1.0
0.9293286219081273,0.4915138041812006,0.29596041323463174,5.575949103146316,2.9600654559509008,0.07461226731538773,1.1427750870827886,23.0,17.0,1.0
0.8101983002832861,0.4538392323922717,0.22051829998782108,5.659482215759621,2.9998549258303298,0.07461226731538773,1.6754247706090368,24.0,17.0,1.0
0.782991202346041,0.9454818977756588,0.280220753364621,5.5909869805108565,2.9672230972061335,0.07461226731538773,2.013033274627741,25.0,17.0,1.0
0.9029649595687331,0.3841821781070039,0.2637227648876638,5.817111159963204,3.0751315334710707,0.07461226731538773,1.278229353528644,26.0,17.0,1.0
0.7839506172839507,0.27554045169709973,0.23820078281589116,5.945420608606575,3.1365841725049277,0.07461226731538773,1.918511440374981,27.0,17.0,1.0
0.8571428571428571,0.6309278858109925,0.2362633340735967,5.6240175061873385,2.9829530981877586,0.07461226731538773,1.5660231298868552,28.0,17.0,1.0
0.9046242774566474,0.763642784969529,0.22141181579399274,5.749392985908253,3.0427620955781656,0.07461226731538773,1.4159327228512646,29.0,17.0,1.0
0.8142548596112311,0.7779490849902093,0.26598665932807397,5.934894195619588,3.1315368469780993,0.07461226731538773,1.735269338740208,30.0,17.0,1.0
0.8447937131630648,0.5237714734259031,0.27480542477586395,6.066108090103747,3.1945244593809208,0.07461226731538773,1.532924768865358,31.0,17.0,1.0
0.7946428571428571,0.28517377828510615,0.2571445752368508,5.877735781779639,3.104147817354147,0.07461226731538773,1.8515664343036626,32.0,17.0,1.0
0.8840262582056893,0.43355807014009995,0.2721185304457047,6.003887067106539,3.1646367460432785,0.07461226731538773,1.395935889782174,33.0,17.0,1.0
0.8788732394366198,0.5412962753269576,0.20794182702743405,5.746203190540153,3.041238477168779,0.07461226731538773,1.385328153361449,34.0,17.0,1.0
0.8493723849372385,0.440137788658842,0.24276601547161836,6.008813185442595,3.1670017395333008,0.07461226731538773,1.7386661866735706,35.0,17.0,1.0
0.9225806451612903,0.5302196883784707,0.26866287595974864,6.063785208687608,3.19340805480027,0.07461226731538773,1.3145876444568725,36.0,17.0,1.0
0.7916666666666666,0.8741080336754927,0.34901215669285274,5.780743515792329,3.057742143447135,0.07461226731538773,1.7907115708046162,37.0,17.0,1.0
0.8828571428571429,0.4353456326724577,0.2830186700570285,5.736572297479192,3.0366388555496324,0.07461226731538773,1.5313817159723315,38.0,17.0,1.0
0.8850931677018633,0.5581114324130574,0.27565999790479717,5.655991810819852,2.998190888656356,0.07461226731538773,1.4120159174896734,39.0,17.0,1.0
0.8436018957345972,0.6506314006510301,0.24952362276262222,5.877735781779639,3.104147817354147,0.07461226731538773,1.5224089456619379,40.0,17.0,1.0
0.8181818181818182,0.6951598371599205,0.24769784774485892,5.568344503761097,2.9564467719424368,0.07461226731538773,1.5567724475000781,41.0,17.0,1.0
0.8722222222222222,0.3556518584713683,0.2738104471910662,5.752572638825633,3.044280969691109,0.07461226731538773,1.4298392543931582,42.0,17.0,1.0
0.8892988929889298,0.8199168737874077,0.2453535809195995,6.180016653652572,3.2493273787293653,0.07461226731538773,1.5056598596100252,43.0,17.0,1.0
0.8941176470588236,0.3985034367004125,0.28687820265608527,5.720311776607412,3.0288750842692833,0.07461226731538773,1.4444758544214402,44.0,17.0,1.0
0.8598901098901099,0.7230317927041898,0.28730241325364436,5.749392985908253,3.0427620955781656,0.07461226731538773,1.5637612053312226,45.0,17.0,1.0
0.8957345971563981,0.2139127019431971,0.21331207914498343,5.937536205082426,3.1328035721870147,0.07461226731538773,1.267649429614245,46.0,17.0,1.0
0.7951612903225806,0.47402251093983244,0.21480861213268213,6.202535517187923,3.2601745087280762,0.07461226731538773,1.8366231381141038,47.0,17.0,1.0
0.8346055979643766,0.3709490729459193,0.27667588324386994,5.796057750765372,3.0650631622973936,0.07461226731538773,1.5184786413531,48.0,17.0,1.0
0.851063829787234,0.7321744314294142,0.29389122622635083,5.638354669333745,2.9897843636388495,0.07461226731538773,1.4610062050829267,49.0,17.0,1.0
0.9027777777777778,0.45557816377603466,0.31510732018477444,5.278114659230518,2.818813548128382,0.07461226731538773,1.1918247859227777,50.0,17.0,1.0
0.8743718592964824,0.7562210375598821,0.31006154898017446,5.855071922202427,3.0932962940146203,0.08546169102191925,1.4613404605503395,1.0,18.0,1.0
0.8148148148148148,0.6527564976983646,0.36098727618467835,5.3981627015177525,2.875628482614035,0.08546169102191925,1.600892553688374,2.0,18.0,1.0
0.8532608695652174,0.8215952819531702,0.20691105987833808,6.156978985585555,3.238234734370268,0.08546169102191925,1.5709457831301852,3.0,18.0,1.0
0.9333333333333333,0.6626742942844821,0.23833954878487726,5.860786223465865,3.096031859554354,0.08546169102191925,1.2580277305463303,4.0,18.0,1.0
0.9183673469387755,0.6570971479385734,0.2823484991761651,5.755742213586912,3.045795129144854,0.08546169102191925,1.2357903956648086,5.0,18.0,1.0
0.8268156424581006,0.650561929512433,0.2644549073387498,5.6937321388027,3.0161900410920905,0.08546169102191925,1.5266043004906331,6.0,18.0,1.0
0.91005291005291,0.5018436213707193,0.2275840460551055,5.84354441703136,3.0877787618435875,0.08546169102191925,1.2681880075634069,7.0,18.0,1.0
0.8291316526610645,0.4177479398618328,0.2667017941339235,5.6937321388027,3.0161900410920905,0.08546169102191925,1.4891982956873706,8.0,18.0,1.0
0.7752100840336135,0.6373308140611591,0.27851210904386386,5.91350300563827,3.121283105238069,0.08546169102191925,1.7863350965097666,9.0,18.0,1.0
0.8009535160905841,0.942126076800724,0.19606939817231964,6.511745329644728,3.409526966341127,0.08546169102191925,2.0659339333015048,10.0,18.0,1.0
0.847457627118644,0.8084492996060664,0.28877314209918886,5.707110264748875,3.022573818272304,0.08546169102191925,1.519998833488974,11.0,18.0,1.0
0.9178082191780822,0.7378412318975481,0.21238613208800222,5.817111159963204,3.0751315334710707,0.08546169102191925,1.2937374914259345,12.0,18.0,1.0
0.9246987951807228,0.6785240284958904,0.2745196837563411,5.730099782973575,3.0335481634840415,0.08546169102191925,1.2208071576405797,13.0,18.0,1.0
0.8725490196078431,0.6740163307651068,0.26556213262793665,5.877735781779639,3.104147817354147,0.08546169102191925,1.4162640403976174,14.0,18.0,1.0
0.927461139896373,0.7108878837972524,0.2660095776355248,5.883322388488279,3.1068234468444036,0.08546169102191925,1.3134741296322792,15.0,18.0,1.0
0.864406779661017,0.5807511438779202,0.2701914393957265,5.545177444479562,2.9454264031731636,0.08546169102191925,1.3811622031821267,16.0,18.0,1.0
0.8761329305135952,0.5265447491002647,0.255918352233211,5.673323267171493,3.0064548212072264,0.08546169102191925,1.43377086794578,17.0,18.0,1.0
0.926923076923077,0.5875668378155616,0.3098003715609025,5.488937726156687,2.9186976166432883,0.08546169102191925,1.1767920086706345,18.0,18.0,1.0
0.9427710843373494,0.6198513315677667,0.26958699244560763,5.749392985908253,3.0427620955781656,0.08546169102191925,1.2264882334627345,19.0,18.0,1.0
0.8671586715867159,0.6373201644883358,0.1966714764092182,5.4638318050256105,2.9067767396614164,0.08546169102191925,1.3384741601812238,20.0,18.0,1.0
0.8995433789954338,0.6070921396384477,0.26467658586797604,5.288267030694535,2.8236118868773676,0.08546169102191925,1.2422773027123672,21.0,18.0,1.0
0.8725490196078431,0.7225343323219563,0.29253524574146855,5.877735781779639,3.104147817354147,0.08546169102191925,1.4670364980319126,22.0,18.0,1.0
0.8181818181818182,0.42517632805595235,0.3217872700270999,5.459585514144159,2.9047611858976925,0.08546169102191925,1.494153616320328,23.0,18.0,1.0
0.8419117647058824,0.592935801440516,0.2637374591071866,5.438079308923196,2.894556062106034,0.08546169102191925,1.499910553627804,24.0,18.0,1.0
0.9042145593869731,0.6678431600785648,0.24518643513387056,5.4680601411351315,2.9087839681737657,0.08546169102191925,1.2593343602277658,25.0,18.0,1.0
0.8597014925373134,0.747801314466066,0.2966673886725898,5.666426688112432,3.003166047426715,0.08546169102191925,1.420422699386179,26.0,18.0,1.0
0.8328611898016998,0.45863981698349876,0.3535339096822395,5.68697535633982,3.012966525513552,0.08546169102191925,1.595220878246548,27.0,18.0,1.0
0.8686567164179104,0.4897820911023887,0.2972891069904043,5.676753802268282,3.0080909221463434,0.08546169102191925,1.3829021872321543,28.0,18.0,1.0
0.8269794721407625,0.4323955060253634,0.2532466054123094,5.645446897643238,2.993164401484698,0.08546169102191925,1.7831220858859334,29.0,18.0,1.0
0.8410596026490066,0.7059012597333122,0.2926832655057894,5.541263545158426,2.9435651603027786,0.08546169102191925,1.425593091033539,30.0,18.0,1.0
0.9133858267716536,0.6599224192095318,0.26354607597696633,5.4510384535657,2.9007048223163214,0.08546169102191925,1.2365369743497547,31.0,18.0,1.0
0.7771428571428571,0.8132023508654739,0.20610185443490053,5.60947179518496,2.976024646048169,0.08546169102191925,1.761659869096267,32.0,18.0,1.0
0.8746438746438746,0.6789573474324944,0.2676925412334512,5.730099782973575,3.0335481634840415,0.08546169102191925,1.3948105323521032,33.0,18.0,1.0
0.8814432989690721,0.3094184580556286,0.2973211362108008,5.147494476813453,2.757187751154611,0.08546169102191925,1.3008091828458328,34.0,18.0,1.0
0.9121338912133892,0.5926910784054292,0.20366907996922842,5.389071729816501,2.8713202441079924,0.08546169102191925,1.2650933274087375,35.0,18.0,1.0
0.90625,0.9353886483850609,0.24697545698693524,6.546785410760524,3.42649751558829,0.08546169102191925,1.6676150709484305,36.0,18.0,1.0
0.9034749034749034,0.4126245859230975,0.29528422471010907,5.459585514144159,2.9047611858976925,0.08546169102191925,1.3441941352247333,37.0,18.0,1.0
0.8900709219858156,0.7421042243598427,0.3026066254526797,5.529429087511423,2.9379383183474608,0.08546169102191925,1.4176852151376116,38.0,18.0,1.0
0.9014084507042254,0.7404444683962392,0.24355608135088697,5.54907608489522,2.9472805524664683,0.08546169102191925,1.3318245818108185,39.0,18.0,1.0
0.8931750741839762,0.5319224514884483,0.31470334503389435,5.71042701737487,3.0241567860074383,0.08546169102191925,1.3097279929346302,40.0,18.0,1.0
0.890295358649789,0.5160751509618763,0.2594932013122838,5.356586274672012,2.855932944936758,0.08546169102191925,1.3486379506233297,41.0,18.0,1.0
0.9112627986348123,0.5404672618691648,0.24049551712553865,5.5909869805108565,2.9672230972061335,0.08546169102191925,1.254201866797304,42.0,18.0,1.0
0.8052173913043478,0.8192984826246035,0.22234498991120874,6.139884552226255,3.23000665263668,0.08546169102191925,1.8117080385739723,43.0,18.0,1.0
0.8555555555555555,0.7009008957124107,0.3034903330134351,5.043425116919247,2.7082379976400226,0.08546169102191925,1.355293325679895,44.0,18.0,1.0
0.8987854251012146,0.5424522679738376,0.34013094199015337,5.407171771460119,2.8798988262931906,0.08546169102191925,1.2320793607283633,45.0,18.0,1.0
0.9093959731543624,0.6282679265420162,0.3170301756006428,5.605802066295998,2.974277019288197,0.08546169102191925,1.248797192895032,46.0,18.0,1.0
0.9245283018867925,0.6565687002971209,0.3093102284157919,5.2832037287379885,2.821218655676358,0.08546169102191925,1.1098804019697792,47.0,18.0,1.0
0.8739837398373984,0.5437660716625496,0.3452747952415111,5.375278407684165,2.8647853327443094,0.08546169102191925,1.4358479446073567,48.0,18.0,1.0
0.9090909090909091,0.7410384997588397,0.2937400298086487,5.602118820879701,2.9725230971050007,0.08546169102191925,1.289385549888355,49.0,18.0,1.0
0.8583333333333333,0.3292923549261443,0.29375666202964196,5.332718793265369,2.8446353798941684,0.08546169102191925,1.365563859421975,50.0,18.0,1.0
0.8899637243047158,0.7469701285373423,0.3893201648765181,6.602587892189336,3.4535418386459438,0.0782199576497078,1.5014205731155181,1.0,19.0,1.0
0.9165727170236753,0.7716801677213595,0.4126476547522194,6.70196036600254,3.5017558840111507,0.0782199576497078,1.3977099132951327,2.0,19.0,1.0
0.8408304498269896,0.6827759278026262,0.417002114932204,6.18826412308259,3.253299618946441,0.0782199576497078,1.6209812190764916,3.0,19.0,1.0
0.8440748440748441,0.7316073068214263,0.4401466516888314,6.70073110954781,3.501159055261464,0.0782199576497078,1.803047522589331,4.0,19.0,1.0
0.8934782608695652,0.4790147294146634,0.3286500235973261,6.021023349349527,3.172864686238923,0.0782199576497078,1.337467012013752,5.0,19.0,1.0
0.8842337375964718,0.7281985477155263,0.3997190866446767,6.688354713946762,3.495150633904451,0.0782199576497078,1.5396873221475398,6.0,19.0,1.0
0.8586666666666667,0.7130336830051268,0.4006930253047822,6.4692503167957724,3.3889578874918995,0.0782199576497078,1.6819596524579914,7.0,19.0,1.0
0.8366394399066511,0.7635711901726812,0.35680719658687654,6.576469569048224,3.4408810039183138,0.0782199576497078,2.2050659967624426,8.0,19.0,1.0
0.8987898789878987,0.704178354359943,0.4552844546083312,6.706862336602747,3.5041359904765264,0.0782199576497078,1.443562186647062,9.0,19.0,1.0
0.928082191780822,0.771693370128306,0.460023407056083,6.70196036600254,3.5017558840111507,0.0782199576497078,1.3817015094482632,10.0,19.0,1.0
0.8388969521044993,0.6244017354198953,0.4856489306089428,6.361302477572996,3.336768190274,0.0782199576497078,1.696694546998545,11.0,19.0,1.0
0.8664302600472813,0.7384895045367863,0.30616370502152623,6.598509028614515,3.4515642961346744,0.0782199576497078,1.6688170713122874,12.0,19.0,1.0
0.8568019093078759,0.48470570668272883,0.4085115775180388,5.886104031450156,3.1081557865296174,0.0782199576497078,1.4795297138569865,13.0,19.0,1.0
0.8613496932515338,0.7744444831100233,0.32318490182215937,6.555356891810665,3.430650188351136,0.0782199576497078,2.0370957243352867,14.0,19.0,1.0
0.7957920792079208,0.6672566775993443,0.3197029957153284,6.467698726104354,3.38820711538559,0.0782199576497078,2.0909836907552304,15.0,19.0,1.0
0.917989417989418,0.8229401260591305,0.32898352740058523,6.543911845564792,3.425105461687157,0.0782199576497078,1.3895469934461795,16.0,19.0,1.0
0.8325991189427313,0.7945855348040771,0.33873843076212345,6.342121418721152,3.327504049817454,0.0782199576497078,1.7523679758515527,17.0,19.0,1.0
0.9188876013904983,0.7877372747648911,0.3330040566969168,6.677083461247136,3.489679632917633,0.0782199576497078,1.3944848139254218,18.0,19.0,1.0
0.8868471953578336,0.8776136875694479,0.4081897998827904,6.822197390620491,3.560181697950282,0.0782199576497078,1.7759050513205241,19.0,19.0,1.0
0.9038076152304609,0.5460232782648418,0.3606219641978182,6.113682179832232,3.2173994642586936,0.0782199576497078,1.303213793619049,20.0,19.0,1.0
0.8140929535232384,0.3752267874577876,0.42740622115246957,6.298949246855942,3.306663161251125,0.0782199576497078,1.9154886280506958,21.0,19.0,1.0
0.827140549273021,0.20261062519815587,0.3041362441076208,6.240275845170769,3.278363082792804,0.0782199576497078,1.6837668583459087,22.0,19.0,1.0
0.8560700876095119,0.73125949988347,0.2566952120022136,6.529418838262226,3.4180854571544943,0.0782199576497078,1.661313098697285,23.0,19.0,1.0
0.951310861423221,0.7366957793616034,0.3013233792540763,6.2324480165505225,3.274589577583748,0.0782199576497078,1.1700901929675305,24.0,19.0,1.0
0.8521199586349535,0.8453616222850454,0.3314032718836778,6.715383386334681,3.5082736911893924,0.0782199576497078,1.785790887124549,25.0,19.0,1.0
0.8707482993197279,0.4597526526997761,0.4102602103783979,5.953243334287785,3.1403357621918144,0.0782199576497078,1.4976880127795713,26.0,19.0,1.0
0.7338129496402878,0.7550389430727101,0.3745449159411734,5.726847747587197,3.031995440911716,0.0782199576497078,2.126469990330482,27.0,19.0,1.0
0.8870703764320785,0.7937953796001799,0.3468426319701837,6.297109319933935,3.305775284959049,0.0782199576497078,1.4778045311963528,28.0,19.0,1.0
0.8862275449101796,0.6040190328464226,0.33937063403296985,6.09807428216624,3.2098925725250473,0.0782199576497078,1.4310281602780208,29.0,19.0,1.0
0.9519832985386222,0.7207954730594114,0.3955722095667075,6.124683390894205,3.222691947404774,0.0782199576497078,1.1578966315821422,30.0,19.0,1.0
0.8246869409660107,0.6697126362491246,0.3704976401046169,6.135564891081739,3.2279278580058395,0.0782199576497078,1.9462806313634822,31.0,19.0,1.0
0.8675,0.5913574142145028,0.3962739919906507,5.8522024797744745,3.091922743965858,0.0782199576497078,1.4960841292910907,32.0,19.0,1.0
0.9,0.4063542712117661,0.4167375663861747,6.169610732491456,3.244316372307624,0.0782199576497078,1.3641505598346486,33.0,19.0,1.0
0.9325396825396826,0.8331010480691275,0.3873731694410323,5.4638318050256105,2.9067767396614164,0.0782199576497078,1.3034329043628885,34.0,19.0,1.0
0.9150485436893204,0.4619346106053097,0.36407583347362216,5.934894195619588,3.1315368469780993,0.0782199576497078,1.2663599538535266,35.0,19.0,1.0
0.789838337182448,0.7292583397375175,0.2882244356400661,5.83773044716594,3.0849964409545847,0.0782199576497078,2.0278804629238407,36.0,19.0,1.0
0.8072072072072072,0.6262480822306135,0.2926478263304672,6.1070228877422545,3.2141963044016575,0.0782199576497078,2.097605645901912,37.0,19.0,1.0
0.9324137931034483,0.6701435426623522,0.41820949705084565,6.517671272912275,3.412396382914837,0.0782199576497078,1.2896741192142267,38.0,19.0,1.0
0.9022222222222223,0.39336950303147716,0.2889873018413563,6.008813185442595,3.1670017395333008,0.0782199576497078,1.3238420796197212,39.0,19.0,1.0
0.9036608863198459,0.6912448115623903,0.3915632309798292,6.152732694704104,3.2361906317473745,0.0782199576497078,1.4710760274811798,40.0,19.0,1.0
0.8069164265129684,0.8167866537788885,0.4055389131133898,6.329720905522696,3.321516334310741,0.0782199576497078,2.2344785585091533,41.0,19.0,1.0
0.8646288209606987,0.8444754640561907,0.35318094599980376,6.675823221634848,3.4890679735167316,0.0782199576497078,1.6457651852971507,42.0,19.0,1.0
0.8154506437768241,0.45055409438955457,0.4159039622501357,5.942799375126701,3.1353272180420215,0.0782199576497078,1.7307964066767654,43.0,19.0,1.0
0.8734939759036144,0.323176262268123,0.36203290144573164,5.673323267171493,3.0064548212072264,0.0782199576497078,1.3582704697778878,44.0,19.0,1.0
0.8623655913978494,0.47859654697105997,0.34621079352834505,5.996452088619021,3.1610676795726267,0.0782199576497078,1.4457964266743129,45.0,19.0,1.0
0.8303834808259587,0.7323117974945732,0.3122928565099983,6.335054251498059,3.324091447428883,0.0782199576497078,1.7022077598372451,46.0,19.0,1.0
0.8476923076923077,0.6365254436589486,0.35438890066177187,6.313548046277095,3.313708921488392,0.0782199576497078,1.643294386733672,47.0,19.0,1.0
0.8533333333333334,0.5973973015767339,0.4008102892383083,5.771441123130016,3.0532962245824553,0.0782199576497078,1.5012923000530625,48.0,19.0,1.0
0.8413978494623656,0.5737557965084256,0.2948993741415829,5.749392985908253,3.0427620955781656,0.0782199576497078,1.8060878483349514,49.0,19.0,1.0
0.7846153846153846,0.8309420378887477,0.35330686991087057,6.641182169740591,3.4722591329190298,0.0782199576497078,2.7029437270058745,50.0,19.0,1.0
0.83,0.2684638903207244,0.3396402765252967,6.030685260261263,3.1775049819767096,0.0782199576497078,1.700960172986674,51.0,19.0,1.0
0.8170212765957446,0.7238535250594246,0.3968293060600302,6.3578422665081,3.3350967525460318,0.0782199576497078,1.816603150728598,52.0,19.0,1.0
0.8683127572016461,0.6291454903893077,0.3928600907469847,6.0473721790462776,3.185521106364606,0.0782199576497078,1.4197517136162319,53.0,19.0,1.0
0.9030373831775701,0.8537103813959743,0.2947496737848282,6.651571873589727,3.477299653281769,0.0782199576497078,1.4904894028254676,54.0,19.0,1.0
0.8335287221570926,0.8162965661995764,0.3338011672727286,6.568077911411976,3.4368141803298893,0.0782199576497078,1.9669870392065079,55.0,19.0,1.0
0.8216783216783217,0.5576788125364006,0.43470966446323256,5.4638318050256105,2.9067767396614164,0.0782199576497078,1.6843487186735695,56.0,19.0,1.0
0.8610271903323263,0.713773084415966,0.3471364634025224,5.655991810819852,2.998190888656356,0.0782199576497078,1.3658735952084726,57.0,19.0,1.0
0.9255663430420712,0.49496917913626565,0.3286125307027434,5.659482215759621,2.9998549258303298,0.0782199576497078,1.2441922692291627,58.0,19.0,1.0
0.892436974789916,0.5616222028801465,0.36640369969714465,6.2766434893416445,3.2959011055689853,0.0782199576497078,1.3293756530875136,59.0,19.0,1.0
0.8762475049900199,0.5658890765326486,0.42204884960333944,6.0867747269123065,3.2044591667776596,0.0782199576497078,1.420614509034835,60.0,19.0,1.0
0.7997382198952879,0.7094533850809334,0.3616364666711168,6.416732282512326,3.3635558662074105,0.0782199576497078,1.7906488908785378,61.0,19.0,1.0
0.8646616541353384,0.7962759515274058,0.28873514141834045,6.53813982376767,3.4223094752618923,0.0782199576497078,1.6900442289213315,62.0,19.0,1.0
0.894134477825465,0.6022240040625251,0.3710731598204628,6.439350371100098,3.3744932859561216,0.0782199576497078,1.3884517382694128,63.0,19.0,1.0
0.8816568047337278,0.4726149389403551,0.33467929610311725,5.700443573390686,3.0193923792804047,0.0782199576497078,1.3727575081316088,64.0,19.0,1.0
0.7803203661327232,0.7339869978031263,0.43532329677660364,5.834810737062605,3.0835993128074524,0.0782199576497078,2.004034324926455,65.0,19.0,1.0
0.9137577002053389,0.6622061999642438,0.35829341062433306,6.100318952020064,3.210972056475935,0.0782199576497078,1.3570412777549616,66.0,19.0,1.0
0.8815943728018757,0.74125707367939,0.3516521383923905,6.6240652277998935,3.463956549175465,0.0782199576497078,1.4032428337235254,67.0,19.0,1.0
0.8598130841121495,0.4767463052599814,0.32021261703952797,5.6240175061873385,2.9829530981877586,0.0782199576497078,1.448126918282478,68.0,19.0,1.0
0.8147448015122873,0.7833155859123615,0.33516486974036325,6.760414691083428,3.53014827933841,0.0782199576497078,2.2096498015346944,69.0,19.0,1.0
0.8262548262548263,0.7753978030151548,0.34186529821420414,6.75343791859778,3.5267583364226742,0.0782199576497078,2.3001401248046958,70.0,19.0,1.0
0.8954802259887006,0.6562353542246732,0.4322099686637919,5.762051382780177,3.048809421238675,0.0782199576497078,1.3204721516885276,71.0,19.0,1.0
0.8314606741573034,0.8630250668582746,0.36925566814136396,6.790097235513905,3.5445742856458438,0.0782199576497078,1.8577964770087774,72.0,19.0,1.0
0.9431396786155748,0.6008464615260735,0.2826215639085449,6.638567789166521,3.4709908946402375,0.0782199576497078,1.2348456138346589,73.0,19.0,1.0
0.7797619047619048,0.9242423355414557,0.2736633034422623,6.486160788944089,3.3971415569724446,0.06475664675235748,2.1241177768580526,1.0,20.0,1.0
0.7569573283858998,0.6095799787637181,0.24586478188096975,6.013715156042802,3.169355355606696,0.06475664675235748,2.288730195172249,2.0,20.0,1.0
0.7947826086956522,0.8793862377527376,0.29930941426224056,6.126869184114185,3.2237436162807276,0.06475664675235748,2.3130884230836406,3.0,20.0,1.0
0.8883161512027491,0.7922959864549907,0.27706592857193985,6.249975242259483,3.2830394951334,0.06475664675235748,1.637851448445187,4.0,20.0,1.0
0.8508946322067594,0.4248472232116331,0.2265523459996209,6.061456918928017,3.1922890983518433,0.06475664675235748,1.5682524868308838,5.0,20.0,1.0
0.8240740740740741,0.7377351825715521,0.2722381060562795,6.100318952020064,3.210972056475935,0.06475664675235748,1.6829947916138448,6.0,20.0,1.0
0.8320855614973262,0.8726634963684778,0.26695594462126887,6.658011045870748,3.480423962915012,0.06475664675235748,2.124655524046833,7.0,20.0,1.0
0.926829268292683,0.746680605089697,0.361042809141127,6.20455776256869,3.2611488119915713,0.06475664675235748,1.3101466873388228,8.0,20.0,1.0
0.7547169811320755,0.7962048790370011,0.2941755417173565,5.993961427306569,3.159872180588705,0.06475664675235748,2.6159085370491817,9.0,20.0,1.0
0.82174688057041,0.649070857313835,0.2773950587605362,6.135564891081739,3.2279278580058395,0.06475664675235748,1.8823911852893342,10.0,20.0,1.0
0.7395498392282959,0.9288560055897532,0.26521664284268553,6.133398042996649,3.226885143400894,0.06475664675235748,2.4703003467585716,11.0,20.0,1.0
0.7632850241545893,0.7981069676219402,0.3034813976005572,6.163314804034641,3.2412849880539736,0.06475664675235748,2.3835893948882036,12.0,20.0,1.0
0.8358714043993232,0.8800587946975904,0.2780298430522467,6.20455776256869,3.2611488119915713,0.06475664675235748,1.9693656410928204,13.0,20.0,1.0
0.9135135135135135,0.5576643732994225,0.2611032181122907,5.82600010738045,3.0793837807874476,0.06475664675235748,1.2501774536323285,14.0,20.0,1.0
0.8212180746561886,0.8262747296949845,0.2501931841639531,6.037870919922137,3.180956553878238,0.06475664675235748,1.8044024224065454,15.0,20.0,1.0
0.8860759493670886,0.40651854481888794,0.24771340342089512,5.638354669333745,2.9897843636388495,0.06475664675235748,1.3064071585795316,16.0,20.0,1.0
0.7436762225969646,0.7865375678596376,0.2908219374735363,6.091309882077698,3.206639769098842,0.06475664675235748,2.7001531573235247,17.0,20.0,1.0
0.8592592592592593,0.7892268746367047,0.30522846528274633,6.142037405587356,3.231042751474132,0.06475664675235748,1.9336969203848389,18.0,20.0,1.0
0.7640692640692641,0.7507416669843505,0.2968334200409797,5.869296913133774,3.1001066938284993,0.06475664675235748,2.2845851526998535,19.0,20.0,1.0
0.8197879858657244,0.49416006228782466,0.2909775864929736,5.4510384535657,2.9007048223163214,0.06475664675235748,1.560778642769478,20.0,20.0,1.0
0.8337662337662337,0.6555317783598837,0.28816091887197853,5.7745515455444085,3.0547827031513104,0.06475664675235748,1.8413487052671573,21.0,20.0,1.0
0.7805255023183926,0.8526096891696011,0.27118646686739867,6.226536669287466,3.2717402691855377,0.06475664675235748,2.2062687013086455,22.0,20.0,1.0
0.797979797979798,0.6405544218352001,0.21514169677589762,5.75890177387728,3.047304603298942,0.06475664675235748,1.7846775299746782,23.0,20.0,1.0
0.7771084337349398,0.7634908072824426,0.2730260719505071,5.961005339623274,3.144058785551736,0.06475664675235748,2.5294948696055433,24.0,20.0,1.0
0.7282252783235101,0.9672440932014664,0.31094449306864663,7.014814351275545,3.6539691425421603,0.06475664675235748,3.521275232148724,25.0,20.0,1.0
0.7936507936507936,0.802526970133721,0.2607135241247595,5.993961427306569,3.159872180588705,0.06475664675235748,2.298934875044677,26.0,20.0,1.0
0.8629441624365483,0.7303441270181072,0.27672956758294015,6.236369590203704,3.276479959863799,0.06475664675235748,1.6713964150976233,27.0,20.0,1.0
0.8189300411522634,0.7373368878379264,0.3140693501745299,5.988961416889864,3.1574723813761874,0.06475664675235748,1.8911651565520087,28.0,20.0,1.0
0.8156028368794326,0.7398907783160372,0.3167593357565196,6.133398042996649,3.226885143400894,0.06475664675235748,1.9468210268701132,29.0,20.0,1.0
0.9028132992327366,0.5712440248332884,0.3052234251924804,5.869296913133774,3.1001066938284993,0.06475664675235748,1.3083993130896256,30.0,20.0,1.0
0.755,0.4300849485275895,0.27670507199164684,5.713732805509369,3.025734630798558,0.06475664675235748,2.227423640808519,31.0,20.0,1.0
0.8012820512820513,0.41997184946317556,0.3155985958825882,5.5254529391317835,2.9360481460402674,0.06475664675235748,1.7564826389764714,32.0,20.0,1.0
0.8168224299065421,0.7927037158171738,0.27555911687584633,6.082218910376446,3.202268809820244,0.06475664675235748,1.8027388386068077,33.0,20.0,1.0
0.835820895522388,0.4766141761471688,0.3748298942732913,5.820082930352362,3.0765530684378692,0.06475664675235748,1.5582192210254484,34.0,20.0,1.0
0.933579335793358,0.8477567503028263,0.22575492636219516,6.2285110035911835,3.2726918794891433,0.06475664675235748,1.2998075781367013,35.0,20.0,1.0
0.8021276595744681,0.8149430874149268,0.2394750099109457,5.934894195619588,3.1315368469780993,0.06475664675235748,1.826116820667786,36.0,20.0,1.0
0.872791519434629,0.6310897342985257,0.35468213182230623,6.20455776256869,3.2611488119915713,0.06475664675235748,1.4008959950856132,37.0,20.0,1.0
0.8571428571428571,0.7901243740422285,0.23958133331029202,6.111467339502679,3.2163340703086214,0.06475664675235748,1.9068308553106166,38.0,20.0,1.0
0.8043010752688172,0.8200593719240924,0.291149465843147,5.926926025970411,3.1277168565226234,0.06475664675235748,1.9445358879297414,39.0,20.0,1.0
0.8163636363636364,0.6767811114658826,0.2880272313521906,6.1092475827643655,3.2152663537569754,0.06475664675235748,1.8294221764339709,40.0,20.0,1.0
0.689727463312369,0.840870840868075,0.27228618890995626,5.799092654460526,3.0665142789978814,0.06475664675235748,2.7183531562642833,41.0,20.0,1.0
0.7645161290322581,0.9451470228200158,0.3049831514012564,7.078341579557671,3.684950030173262,0.06475664675235748,2.6554325029287855,42.0,20.0,1.0
0.7958833619210978,0.713956433278644,0.391049843861787,6.142037405587356,3.231042751474132,0.06475664675235748,2.007226343692603,43.0,20.0,1.0
0.7656903765690377,0.8958010326336244,0.23213474448384713,6.309918278226516,3.3119569429711246,0.06475664675235748,2.6803127340448594,44.0,20.0,1.0
0.8007448789571695,0.654869054501348,0.2926749530273794,6.066108090103747,3.1945244593809208,0.06475664675235748,1.9507460973482538,45.0,20.0,1.0
0.7750511247443763,0.8611112902667751,0.2993323915244983,5.940171252720432,3.1340670235501786,0.06475664675235748,2.0184871455574216,46.0,20.0,1.0
0.8744186046511628,0.6715905755917483,0.31054112427102226,5.932245187448011,3.1302668308155708,0.06475664675235748,1.4042576170251504,47.0,20.0,1.0
0.9007299270072993,0.8409596905351222,0.4437586401603215,6.42648845745769,3.3682731816433544,0.06475664675235748,1.4580859384785456,48.0,20.0,1.0
0.7894736842105263,0.7589724876005596,0.2864288852228182,5.929589143389895,3.128993506456731,0.06475664675235748,2.105037935294512,49.0,20.0,1.0
0.750465549348231,0.6826416971370263,0.28227084663610147,6.0014148779611505,3.163449948097688,0.06475664675235748,2.2612658324456754,50.0,20.0,1.0
0.6647264260768335,0.5244802395082496,0.34754302201900317,6.349138991379798,3.330893090766943,0.06784167885780334,3.275052796703169,1.0,21.0,1.0
0.8715890850722311,0.784026572043501,0.34265007451529206,6.298949246855942,3.306663161251125,0.06784167885780334,1.9303838871221355,2.0,21.0,1.0
0.7239010989010989,0.6343262422610468,0.3539772128282398,6.269096283706261,3.2922606426771264,0.06784167885780334,2.6440474553000537,3.0,21.0,1.0
0.6191176470588236,0.34574388792871474,0.3835573612180279,6.045005314036012,3.1843839530583917,0.06784167885780334,3.514723542802605,4.0,21.0,1.0
0.6763258611262986,0.9386929615826153,0.3004983514428026,7.121252453244542,3.705889850024571,0.06784167885780334,5.956619141479248,5.0,21.0,1.0
0.8359375,0.7457682910781808,0.3467980101215894,6.284134161070802,3.2995147517041805,0.06784167885780334,1.748664469784339,6.0,21.0,1.0
0.7428571428571429,0.7121576294165755,0.38430549277815745,6.255750041753367,3.285824087631947,0.06784167885780334,3.1317402539633092,7.0,21.0,1.0
0.8221709006928406,0.5655658096740874,0.3308895755652858,5.877735781779639,3.104147817354147,0.06784167885780334,1.933837194920661,8.0,21.0,1.0
0.7358490566037735,0.9438203287775044,0.30365836975866384,5.459585514144159,2.9047611858976925,0.06784167885780334,2.1415419285837327,9.0,21.0,1.0
0.8634686346863468,0.9417693658364723,0.3453893285783307,5.459585514144159,2.9047611858976925,0.06784167885780334,1.675126532764859,10.0,21.0,1.0
0.6992700729927007,0.6000945760453085,0.34616138901860005,6.173786103901937,3.2463269274599886,0.06784167885780334,2.681822951200605,11.0,21.0,1.0
0.7377358490566037,0.5148882315749664,0.3006238459850851,5.971261839790462,3.148979129142304,0.06784167885780334,2.3052189360366198,12.0,21.0,1.0
0.6225165562913907,0.6977609828725754,0.31764755059494704,5.932245187448011,3.1302668308155708,0.06784167885780334,2.8998364353846875,13.0,21.0,1.0
0.8559782608695652,0.5031551604322034,0.3491130186258799,5.755742213586912,3.045795129144854,0.06784167885780334,1.825753006055097,14.0,21.0,1.0
0.7146974063400576,0.7461923696532645,0.3415971380051424,6.208590026096629,3.263091628576238,0.06784167885780334,2.4935939906445914,15.0,21.0,1.0
0.8755364806866953,0.5323751449992987,0.36096129414025363,6.013715156042802,3.169355355606696,0.06784167885780334,1.678575567106372,16.0,21.0,1.0
0.9493670886075949,0.9343069435186858,0.3722533980373795,5.707110264748875,3.022573818272304,0.06784167885780334,1.5022343399838638,17.0,21.0,1.0
0.830102622576967,0.8190944670462548,0.30930622621266285,6.591673732008658,3.448250623340655,0.06784167885780334,2.466865526810174,18.0,21.0,1.0
0.8805309734513275,0.5437082251484171,0.26741136033063195,5.988961416889864,3.1574723813761874,0.06784167885780334,1.505364882276507,19.0,21.0,1.0
0.6987829614604463,0.49560449761486364,0.38371933442521283,6.536691597591305,3.4216079874112246,0.06784167885780334,2.9613423125720053,20.0,21.0,1.0
0.7912621359223301,0.6382205524812098,0.4046444631020244,6.194405391104672,3.2562578148232486,0.06784167885780334,2.1746119248037226,21.0,21.0,1.0
0.91015625,0.860642798808359,0.3093078463426247,5.455321115357702,2.902737237029169,0.06784167885780334,1.300119321377554,22.0,21.0,1.0
0.7367387033398821,0.4034027668741328,0.2858367794395723,5.929589143389895,3.128993506456731,0.06784167885780334,2.2474408673836384,23.0,21.0,1.0
0.8858447488584474,0.5748752852576304,0.314334121753954,5.963579343618446,3.1452935205900445,0.06784167885780334,1.3852574338288837,24.0,21.0,1.0
0.7471451876019576,0.5131752210750613,0.3542994787177041,6.129050210060545,3.2247930321274607,0.06784167885780334,2.2613537852238332,25.0,21.0,1.0
0.7835570469798657,0.7184370360815687,0.3033537657872907,6.148468295917647,3.2341379656877605,0.06784167885780334,2.1724563410821935,26.0,21.0,1.0
0.8325581395348837,0.37070796549870066,0.31382139714594676,5.883322388488279,3.1068234468444036,0.06784167885780334,1.9819561316877647,27.0,21.0,1.0
0.7667342799188641,0.5418936206749604,0.3641227720339278,5.937536205082426,3.1328035721870147,0.06784167885780334,2.347521374345971,28.0,21.0,1.0
0.7870563674321504,0.5702958450432112,0.27699290721652414,5.934894195619588,3.1315368469780993,0.06784167885780334,1.8531642853700667,29.0,21.0,1.0
0.7703125,0.7232454142474516,0.3098900535911464,6.202535517187923,3.2601745087280762,0.06784167885780334,2.461837432423747,30.0,21.0,1.0
0.7845601436265709,0.7349633390660911,0.42714005868790805,6.082218910376446,3.202268809820244,0.06784167885780334,2.150405788018436,31.0,21.0,1.0
0.7755102040816326,0.5379854169232132,0.275372079202312,5.942799375126701,3.1353272180420215,0.06784167885780334,2.39362942199571,32.0,21.0,1.0
0.7309833024118738,0.5345708155634973,0.28599352537671635,5.978885764901122,3.1526371691065775,0.06784167885780334,2.293781080940241,33.0,21.0,1.0
0.6740331491712708,0.8211278129241484,0.25452551876856844,5.905361848054571,3.1173818047395194,0.06784167885780334,2.6068572919001753,34.0,21.0,1.0
0.6775244299674267,0.6740502313313901,0.4435829600321714,6.0330862217988015,3.1786582129639043,0.06784167885780334,2.8463853033383155,35.0,21.0,1.0
0.8427184466019417,0.5633142479783371,0.3497396132145268,6.075346031088684,3.1989647913230304,0.06784167885780334,1.696305081958679,36.0,21.0,1.0
0.7996545768566494,0.6307122402285361,0.34104349044659377,6.139884552226255,3.23000665263668,0.06784167885780334,2.038722543329749,37.0,21.0,1.0
0.7842227378190255,0.6150068738607449,0.3875283754577241,5.82600010738045,3.0793837807874476,0.06784167885780334,2.036822607667916,38.0,21.0,1.0
0.7693877551020408,0.6932388737838558,0.31407821442436584,5.934894195619588,3.1315368469780993,0.06784167885780334,2.454785455112567,39.0,21.0,1.0
0.8869969040247678,0.731206833514255,0.3431708309283572,6.352629396319567,3.332578877401803,0.06784167885780334,1.6253979467249002,40.0,21.0,1.0
0.6092140921409214,0.9478192450581828,0.37329024706858516,7.025538314638521,3.659197346855678,0.06784167885780334,6.788991342609597,41.0,21.0,1.0
0.7172897196261683,0.8837918264455149,0.33075103749543366,6.421622267806518,3.3659201866558828,0.06784167885780334,3.719058746712587,42.0,21.0,1.0
0.7487437185929648,0.7000018356724367,0.38552211169337075,6.104793232414985,3.2131239119730264,0.06784167885780334,2.312921645592275,43.0,21.0,1.0
0.8488120950323974,0.3058845020564799,0.368684168935107,5.976350909297934,3.1514208600279643,0.06784167885780334,1.8054460436239688,44.0,21.0,1.0
0.7581818181818182,0.6615403540723623,0.3513176450242329,6.035481432524756,3.1798087326686115,0.06784167885780334,2.2677973127918443,45.0,21.0,1.0
0.6822157434402333,0.6263841301598945,0.34237429979608897,6.150602768446279,3.235165373652169,0.06784167885780334,2.857720278978392,46.0,21.0,1.0
0.8700361010830325,0.7229351139110455,0.4105190276649305,6.180016653652572,3.2493273787293653,0.06784167885780334,1.527378434792669,47.0,21.0,1.0
0.8189233278955954,0.6808149342399261,0.3587886366015511,6.220590170099739,3.2688743066769077,0.06784167885780334,2.0719329183894977,48.0,21.0,1.0
0.7587822014051522,0.5464876759969185,0.36316717612358435,5.783825182329737,3.059215159942047,0.06784167885780334,2.1248334610856645,49.0,21.0,1.0
0.8368421052631579,0.7234946316823858,0.3795244284001829,5.765191102784844,3.0503096117785278,0.06784167885780334,1.7286130249611702,50.0,21.0,1.0
0.7186897880539499,0.8942623151819644,0.31757135464129493,6.616065185132817,3.460076821337005,0.06784167885780334,4.521568601288099,51.0,21.0,1.0
0.7303703703703703,0.5421358181170297,0.3388712237816334,6.202535517187923,3.2601745087280762,0.06784167885780334,2.298331488440021,52.0,21.0,1.0
0.8041666666666667,0.6775022566515864,0.304541283453547,6.363028103540465,3.337601780062446,0.07233236730098724,2.3134500755432144,1.0,22.0,1.0
0.7874396135265701,0.868269722798753,0.29050251892369955,6.481577129276431,3.394923127569323,0.07233236730098724,2.0467516019809993,2.0,22.0,1.0
0.7545327754532776,0.738002571150126,0.37801508684939594,6.295266001439646,3.3048857990963882,0.07233236730098724,2.100440220903776,3.0,22.0,1.0
0.9320066334991708,0.6727070774940992,0.28388789238049345,6.333279628139691,3.3232345766671405,0.07233236730098724,1.2495836629944865,4.0,22.0,1.0
0.844213649851632,0.823802200035709,0.3113748166300367,6.345636360828596,3.3292014950260556,0.07233236730098724,1.919528439687814,5.0,22.0,1.0
0.85431654676259,0.3985129188432979,0.3381883910015581,6.16541785423142,3.24229753446991,0.07233236730098724,1.7011992684287973,6.0,22.0,1.0
0.8532608695652174,0.7075897314676135,0.298384060999305,6.156978985585555,3.238234734370268,0.07233236730098724,1.723918900709207,7.0,22.0,1.0
0.7977369165487977,0.7305194876169198,0.28297087733356413,6.336825731146441,3.324946824918697,0.07233236730098724,2.0994615003346446,8.0,22.0,1.0
0.9027093596059114,0.7987609388884918,0.2540514958417061,6.598509028614515,3.4515642961346744,0.07233236730098724,1.469058253356089,9.0,22.0,1.0
0.9287469287469288,0.4751557931219689,0.2602232624344724,5.937536205082426,3.1328035721870147,0.07233236730098724,1.1692963361232946,10.0,22.0,1.0
0.7924528301886793,0.7171598485724356,0.2735466907754648,6.137727054086234,3.22896835793912,0.07233236730098724,2.145165608704373,11.0,22.0,1.0
0.8609271523178808,0.45085031097551564,0.27403311688312365,5.968707559985366,3.147753676731401,0.07233236730098724,1.5276643284368652,12.0,22.0,1.0
0.7528373266078184,0.7494870586512581,0.2906628515690394,6.393590753950631,3.352369345593839,0.07233236730098724,2.7633555637919494,13.0,22.0,1.0
0.7935323383084577,0.868516685505853,0.28694424270484026,6.86484777797086,3.580928909807168,0.07233236730098724,2.4972245949725846,14.0,22.0,1.0
0.8832,0.7636110865020594,0.2692613274407881,6.315358001522335,3.314582570774374,0.07233236730098724,1.4104129515739663,15.0,22.0,1.0
0.7952,0.5896108678785003,0.2641676387617121,6.210600077024653,3.2640601572299572,0.07233236730098724,2.1282360596479992,16.0,22.0,1.0
0.7748344370860927,0.7113334355880265,0.26278151696884305,5.863631175598097,3.0973939182078127,0.07233236730098724,2.165851689149066,17.0,22.0,1.0
0.944794952681388,0.8016017304859728,0.3082094809693142,6.396929655216146,3.3539831044573494,0.07233236730098724,1.3685913392308806,18.0,22.0,1.0
0.7893890675241158,0.6153913652166836,0.3067647953088591,6.198478716492308,3.2582200735808287,0.07233236730098724,2.3143343370854232,19.0,22.0,1.0
0.8458844133099825,0.9120398197987112,0.283343583954007,6.874198495453294,3.585479083968122,0.07233236730098724,1.974320565045201,20.0,22.0,1.0
0.7827260458839406,0.6608675213509179,0.33535341168262234,6.364750756851911,3.3384339569133052,0.07233236730098724,1.9288617682535538,21.0,22.0,1.0
0.7708649468892261,0.659561883608345,0.3150300271487609,6.2324480165505225,3.274589577583748,0.07233236730098724,2.0178961924955767,22.0,22.0,1.0
0.7393188854489164,0.9648587190336982,0.3125773220477202,7.085901464365611,3.688638374878943,0.07233236730098724,3.1102218676159374,23.0,22.0,1.0
0.7755102040816326,0.6725627748729011,0.27099254400076334,6.278521424165844,3.2968070156311455,0.07233236730098724,2.259773292502056,24.0,22.0,1.0
0.7631935047361299,0.7403551448807388,0.27464949636175606,6.336825731146441,3.324946824918697,0.07233236730098724,2.0229743512577136,25.0,22.0,1.0
0.8475177304964538,0.6026553714353808,0.2764982815959176,6.171700597410915,3.2453226809481306,0.07233236730098724,1.585783502143094,26.0,22.0,1.0
0.8601398601398601,0.9427607691519017,0.3058784372994569,7.115582126184454,3.703122224705452,0.07233236730098724,2.612614848156819,27.0,22.0,1.0
0.7446808510638298,0.45507381071928177,0.31699162761217853,6.1224928095143865,3.221638015754096,0.07233236730098724,2.220178974129157,28.0,22.0,1.0
0.7192982456140351,0.7716688509708024,0.27539556234183726,6.20050917404269,3.259198265185218,0.07233236730098724,3.1274538187352796,29.0,22.0,1.0
0.7897271268057785,0.5869044264516027,0.33624860686842695,6.20050917404269,3.259198265185218,0.07233236730098724,2.1575954144765217,30.0,22.0,1.0
0.8342696629213483,0.7715594489693899,0.304625303788413,6.38856140554563,3.349938720549436,0.07233236730098724,1.7902108269848824,31.0,22.0,1.0
0.7706422018348624,0.7212380211016559,0.3321565088674343,6.3784261836515865,3.3450410773038,0.07233236730098724,2.2745120587787198,32.0,22.0,1.0
0.7946554149085795,0.42868287455866494,0.316583278641235,6.338594078203183,3.325800714356344,0.07233236730098724,1.9284302176853858,33.0,22.0,1.0
0.7457943925233644,0.6719650940125517,0.3051797368310685,5.991464547107982,3.158673752678844,0.07233236730098724,2.4426969208276383,34.0,22.0,1.0
0.8776859504132232,0.4593342350711143,0.3420135056727088,6.2766434893416445,3.2959011055689853,0.07233236730098724,1.663446023213394,35.0,22.0,1.0
0.8405594405594405,0.8478074289362789,0.22241161035698487,6.400257445308821,3.3555915779487355,0.07233236730098724,1.9656213815537897,36.0,22.0,1.0
0.8215767634854771,0.6168104525169266,0.29979117580853193,5.983936280687191,3.155060750185239,0.07233236730098724,1.725696224242225,37.0,22.0,1.0
0.7974806201550387,0.8649473305178353,0.2534797083013374,6.714170529909472,3.507684715641343,0.07233236730098724,2.8338530205485273,38.0,22.0,1.0
0.7965860597439545,0.6186237774984568,0.28184033120083585,6.329720905522696,3.321516334310741,0.07233236730098724,2.3312393340984428,39.0,22.0,1.0
0.7886178861788617,0.4753258156391986,0.3182978648894863,5.963579343618446,3.1452935205900445,0.07233236730098724,2.038616460480428,40.0,22.0,1.0
0.9003115264797508,0.707450926331213,0.3116510908679437,6.361302477572996,3.336768190274,0.07233236730098724,1.4251046235885827,41.0,22.0,1.0
0.8584070796460177,0.770292298991658,0.2718132540567086,6.186208623900494,3.252309572886743,0.07233236730098724,1.5364762936016583,42.0,22.0,1.0
0.8128286014721346,0.46822864981971646,0.29175768498526766,6.651571873589727,3.477299653281769,0.07233236730098724,2.044111955829921,43.0,22.0,1.0
0.7234285714285714,0.4865105471422717,0.34473575719423416,6.452048954437226,3.3806356228915106,0.07233236730098724,2.7711010404144085,44.0,22.0,1.0
0.7697456492637216,0.8247792244550814,0.30521632048674674,6.3561076606958915,3.334258894875057,0.07233236730098724,2.5629002753940258,45.0,22.0,1.0
0.8115702479338843,0.6529163667895378,0.2959397212401331,6.198478716492308,3.2582200735808287,0.07233236730098724,1.9139049477883023,46.0,22.0,1.0
0.8330914368650217,0.7680935282603313,0.2489208713909901,6.354370040797351,3.3334196048032463,0.07233236730098724,2.046504698537877,47.0,22.0,1.0
0.7849872773536896,0.6698504005517765,0.32296320025767183,6.42648845745769,3.3682731816433544,0.07233236730098724,2.422631088905555,48.0,22.0,1.0
0.7888402625820569,0.7322176027621412,0.23567933868446347,6.582025138892826,3.4435736579940515,0.07233236730098724,2.1087765406139303,49.0,22.0,1.0
0.8055045871559633,0.56318436014341,0.20441481873318254,6.0867747269123065,3.2044591667776596,0.06955842673778534,1.731694630731941,1.0,23.0,1.0
0.8291746641074856,0.5046195509370276,0.2844982487815802,6.07073772800249,3.1967496595577645,0.06955842673778534,1.6509062237665548,2.0,23.0,1.0
0.8160469667318982,0.6505559326222118,0.28560548312752243,6.035481432524756,3.1798087326686115,0.06955842673778534,1.601127332195384,3.0,23.0,1.0
0.8666666666666667,0.7547214334432404,0.20388026162524903,6.1779441140506,3.248329267952155,0.06955842673778534,1.575892960549686,4.0,23.0,1.0
0.8687872763419483,0.8355017760230933,0.3107185728965191,6.082218910376446,3.202268809820244,0.06955842673778534,1.5050403536319699,5.0,23.0,1.0
0.7847826086956522,0.6916080261574018,0.23678442092503155,5.891644211825771,3.1108096154451643,0.06955842673778534,1.700880191229472,6.0,23.0,1.0
0.883054892601432,0.6406857029500881,0.2347762902105302,5.916202062607435,3.122576648603987,0.06955842673778534,1.3744499466797788,7.0,23.0,1.0
0.8283018867924529,0.7507038300774446,0.19394991321820212,6.0867747269123065,3.2044591667776596,0.06955842673778534,1.5600428960806374,8.0,23.0,1.0
0.8549747048903878,0.8502251736656995,0.2410856718228546,6.230481447578482,3.2736416465680107,0.06955842673778534,1.6246754880358991,9.0,23.0,1.0
0.8601694915254238,0.8151617027049876,0.22129945620563415,6.008813185442595,3.1670017395333008,0.06955842673778534,1.4558446659870874,10.0,23.0,1.0
0.88,0.8660612693196863,0.23763000575290522,6.184148890937483,3.2513175229518874,0.06955842673778534,1.5739218711798422,11.0,23.0,1.0
0.8578088578088578,0.7716124697522017,0.20518725428677273,5.910796644040527,3.1199861290795745,0.06955842673778534,1.5200269369389419,12.0,23.0,1.0
0.8577912254160364,0.8196416124636129,0.23405300382125793,6.342121418721152,3.327504049817454,0.06955842673778534,1.6321942091312835,13.0,23.0,1.0
0.8335949764521193,0.8438733902736996,0.2643308256096876,6.2766434893416445,3.2959011055689853,0.06955842673778534,1.796816890462268,14.0,23.0,1.0
0.8222222222222222,0.8143430940192585,0.23139138164673548,6.09807428216624,3.2098925725250473,0.06955842673778534,1.7157166343491974,15.0,23.0,1.0
0.8486997635933806,0.8171612015714165,0.21158401568748622,5.886104031450156,3.1081557865296174,0.06955842673778534,1.5581334618204197,16.0,23.0,1.0
0.8883333333333333,0.851424810143217,0.2280151686939591,6.280395838960195,3.297711255897661,0.06955842673778534,1.4708428092569494,17.0,23.0,1.0
0.9142857142857143,0.7113557268365042,0.26105674918858984,5.771441123130016,3.0532962245824553,0.06955842673778534,1.2747989408321507,18.0,23.0,1.0
0.8008752735229759,0.4261461757137812,0.2609688345886005,5.905361848054571,3.1173818047395194,0.06955842673778534,1.7549087344605054,19.0,23.0,1.0
0.8700564971751412,0.8281165133288272,0.1685719003085256,6.137727054086234,3.22896835793912,0.06955842673778534,1.5982117806963236,20.0,23.0,1.0
0.8608490566037735,0.7769736283328462,0.21733181284609857,5.902633333401366,3.116074419362811,0.06955842673778534,1.4516304990172244,21.0,23.0,1.0
0.8793774319066148,0.7487020601688995,0.22716426780870644,6.115892125483034,3.2184625457423364,0.06955842673778534,1.4660995483697812,22.0,23.0,1.0
0.8195991091314031,0.40286821509761434,0.22625946283766166,5.910796644040527,3.1199861290795745,0.06955842673778534,1.5971451655494326,23.0,23.0,1.0
0.8527542372881356,0.9328498417887218,0.19676977688007966,6.692083742506628,3.4969608723565644,0.06955842673778534,1.8279399888082333,24.0,23.0,1.0
0.9135514018691588,0.7062502634591897,0.23787907080070755,5.971261839790462,3.148979129142304,0.06955842673778534,1.327726835969331,25.0,23.0,1.0
0.841995841995842,0.760271915369577,0.23171631059960998,6.0063531596017325,3.1658206718738926,0.06955842673778534,1.5568046409995566,26.0,23.0,1.0
0.8817635270541082,0.6754144065926665,0.26606510564100244,6.089044875446846,3.2055506818059016,0.06955842673778534,1.4251662260260587,27.0,23.0,1.0
0.857707509881423,0.7774857572274154,0.24105538442543667,6.075346031088684,3.1989647913230304,0.06955842673778534,1.594568252470721,28.0,23.0,1.0
0.8878143133462283,0.7800530179648274,0.22035425800220193,6.131226489483141,3.2258402046274908,0.06955842673778534,1.446922659815934,29.0,23.0,1.0
0.8477366255144033,0.48964059041587676,0.2909395368423482,6.023447592961033,3.1740288920704893,0.06955842673778534,1.4821122622686824,30.0,23.0,1.0
0.8822170900692841,0.7546170818962388,0.22407710329247724,5.948034989180646,3.1378379036506057,0.06955842673778534,1.398719478314245,31.0,23.0,1.0
0.9166666666666666,0.8112574493013919,0.21325311339402986,6.037870919922137,3.180956553878238,0.06955842673778534,1.4140500822745394,32.0,23.0,1.0
0.8692946058091287,0.7613396319823734,0.26372226378166563,6.040254711277414,3.1821016892896967,0.06955842673778534,1.5363591413312914,33.0,23.0,1.0
0.8993135011441648,0.7923477430600592,0.2271220397349771,5.976350909297934,3.1514208600279643,0.06955842673778534,1.4467303472947326,34.0,23.0,1.0
0.8513513513513513,0.8013289379011141,0.20744413643297882,6.091309882077698,3.206639769098842,0.06955842673778534,1.5808275508376772,35.0,23.0,1.0
0.8393501805054152,0.8057165026378393,0.26176385837828425,6.144185634125646,3.232076663767271,0.06955842673778534,1.5799111089208464,36.0,23.0,1.0
0.9166666666666666,0.8285275206585115,0.2859871263672258,6.137727054086234,3.22896835793912,0.06955842673778534,1.3902523740531276,37.0,23.0,1.0
0.8837638376383764,0.7876093200237799,0.24239905269901052,6.173786103901937,3.2463269274599886,0.06955842673778534,1.5259976175007677,38.0,23.0,1.0
0.7744360902255639,0.535374316541772,0.26893117297213676,6.023447592961033,3.1740288920704893,0.06955842673778534,1.8581583190433748,39.0,23.0,1.0
0.8516129032258064,0.8731382954661329,0.2711789520547135,6.270988431858299,3.2931732943527003,0.06955842673778534,1.6851391686866475,40.0,23.0,1.0
0.8038897893030794,0.7260385019165775,0.2280815250208634,6.208590026096629,3.263091628576238,0.06955842673778534,1.8588857281689724,41.0,23.0,1.0
0.9004237288135594,0.7950508383913456,0.2659128051695118,6.054439346269371,3.1889167998345416,0.06955842673778534,1.3797071083000028,42.0,23.0,1.0
0.8820375335120644,0.7069492815590347,0.2904808638678622,5.799092654460526,3.0665142789978814,0.06955842673778534,1.352208937791109,43.0,23.0,1.0
0.8741418764302059,0.797366771879015,0.22594819923037165,5.948034989180646,3.1378379036506057,0.06955842673778534,1.439002465805372,44.0,23.0,1.0
0.913953488372093,0.8268628665780051,0.2861335467206293,5.976350909297934,3.1514208600279643,0.06955842673778534,1.3871991090389852,45.0,23.0,1.0
0.8558139534883721,0.8728278266609234,0.22534830741020473,5.910796644040527,3.1199861290795745,0.06955842673778534,1.5200269369389419,46.0,23.0,1.0
0.8690228690228691,0.7022825741079008,0.2561266701561513,6.037870919922137,3.180956553878238,0.06955842673778534,1.4804411222054643,47.0,23.0,1.0
0.8982725527831094,0.864455535398951,0.3274822294440257,6.150602768446279,3.235165373652169,0.06955842673778534,1.5395768936272656,48.0,23.0,1.0
0.8514285714285714,0.6959586958049899,0.2560981207452939,6.104793232414985,3.2131239119730264,0.06955842673778534,1.6352412948162585,49.0,23.0,1.0
0.8673913043478261,0.7792968161096618,0.27713426245648365,5.991464547107982,3.158673752678844,0.06955842673778534,1.5680551287783537,50.0,23.0,1.0
0.8660550458715597,0.8178836898160659,0.2737993978080434,6.159095388491933,3.239253596776368,0.06955842673778534,1.510998916667694,51.0,23.0,1.0
0.8832298136645963,0.9177067338096659,0.22371926447071216,6.568077911411976,3.4368141803298893,0.06955842673778534,1.6401273107675371,52.0,23.0,1.0
0.9296482412060302,0.910817199293196,0.26379711212870827,5.916202062607435,3.122576648603987,0.06955842673778534,1.4576773492371744,53.0,23.0,1.0
0.907051282051282,0.8203253671071812,0.3068942171966518,6.340359303727752,3.326653120934201,0.06955842673778534,1.3419902530036656,54.0,23.0,1.0
0.865979381443299,0.7476671977702635,0.3732038664954544,6.22455842927536,3.2707868084534972,0.07865693420171738,1.4965083582657461,1.0,24.0,1.0
0.8693379790940766,0.7019896655056624,0.29125440828442695,6.214608098422191,3.2659914932493757,0.07865693420171738,1.4648353883424197,2.0,24.0,1.0
0.7787162162162162,0.7419553872413295,0.31056284686733343,6.135564891081739,3.2279278580058395,0.07865693420171738,2.492114861364355,3.0,24.0,1.0
0.8307493540051679,0.8343001689217985,0.2050490399385195,6.467698726104354,3.38820711538559,0.07865693420171738,1.7990663681800654,4.0,24.0,1.0
0.8496932515337423,0.6422421637084248,0.2402798343293832,5.627621113690637,2.984669918120727,0.07865693420171738,1.5212821755755677,5.0,24.0,1.0
0.8167539267015707,0.2738211996502034,0.2911899271012837,5.746203190540153,3.041238477168779,0.07865693420171738,1.620077056921909,6.0,24.0,1.0
0.8139130434782609,0.7847255749893434,0.3008000902929985,6.150602768446279,3.235165373652169,0.07865693420171738,2.1138508705671466,7.0,24.0,1.0
0.7575757575757576,0.6835235709059406,0.22940821959217764,5.929589143389895,3.128993506456731,0.07865693420171738,2.490138452347407,8.0,24.0,1.0
0.7722772277227723,0.6593788564071973,0.331650612390439,5.968707559985366,3.147753676731401,0.07865693420171738,2.0719734679581516,9.0,24.0,1.0
0.759090909090909,0.570525898090329,0.24561536684406457,5.814130531825066,3.0737058470444705,0.07865693420171738,1.9482030450333157,10.0,24.0,1.0
0.7807606263982103,0.45964656444738644,0.2942752435260958,5.857933154483459,3.09466599198655,0.07865693420171738,2.1169776693117552,11.0,24.0,1.0
0.8251599147121536,0.8059125433237351,0.3300097493974524,5.961005339623274,3.144058785551736,0.07865693420171738,1.6723836267322438,12.0,24.0,1.0
0.8316633266533067,0.7410740878201005,0.3464569448990458,6.030685260261263,3.1775049819767096,0.07865693420171738,1.7185337076316907,13.0,24.0,1.0
0.8090839107005389,0.9450160113959108,0.2769942947551059,6.9584483932976555,3.6265004949666304,0.07865693420171738,2.381176009067795,14.0,24.0,1.0
0.8752941176470588,0.7445368007662493,0.24014267861533672,5.921578419643816,3.1251535097228054,0.07865693420171738,1.43984506657756,15.0,24.0,1.0
0.799645390070922,0.733329010261079,0.3117459941821191,6.113682179832232,3.2173994642586936,0.07865693420171738,1.9638021085867976,16.0,24.0,1.0
0.8365896980461812,0.4859567991340174,0.2865497423184007,6.156978985585555,3.238234734370268,0.07865693420171738,1.8268036777001626,17.0,24.0,1.0
0.7970204841713222,0.805031681044567,0.3062246682670093,6.061456918928017,3.1922890983518433,0.07865693420171738,1.941378330715101,18.0,24.0,1.0
0.8626760563380281,0.951728281879846,0.2696292080778415,6.8885724595653635,3.592474696455543,0.07865693420171738,2.152447290211449,19.0,24.0,1.0
0.8517034068136272,0.6947331010642986,0.24495415642703255,6.054439346269371,3.1889167998345416,0.07865693420171738,1.6283355801701012,20.0,24.0,1.0
0.767175572519084,0.766951608812756,0.26888860572605533,5.998936561946683,3.1622602639907784,0.07865693420171738,2.3585550147449563,21.0,24.0,1.0
0.876,0.7465380702229564,0.22913185809378367,6.0844994130751715,3.2033652131088193,0.07865693420171738,1.5439204515553429,22.0,24.0,1.0
0.8333333333333334,0.636585179662729,0.2509565852397302,5.755742213586912,3.045795129144854,0.07865693420171738,1.7450760061512764,23.0,24.0,1.0
0.8926829268292683,0.6168826129888514,0.23600005366005716,5.905361848054571,3.1173818047395194,0.07865693420171738,1.4099091874230532,24.0,24.0,1.0
0.8828451882845189,0.8157746712522729,0.26053401744503324,6.0473721790462776,3.185521106364606,0.07865693420171738,1.502246421626438,25.0,24.0,1.0
0.8558758314855875,0.6557845260142394,0.2359783530123425,5.958424693029782,3.1428209247966743,0.07865693420171738,1.5019802256383405,26.0,24.0,1.0
0.8244972577696527,0.8540527989260533,0.26253603977705303,6.113682179832232,3.2173994642586936,0.07865693420171738,1.8511323472701002,27.0,24.0,1.0
0.9102244389027432,0.6864446130231084,0.3167562495245924,5.902633333401366,3.116074419362811,0.07865693420171738,1.2493141097169649,28.0,24.0,1.0
0.8319148936170213,0.7277315768339767,0.23505519238135314,5.971261839790462,3.148979129142304,0.07865693420171738,1.948281804734127,29.0,24.0,1.0
0.7619047619047619,0.7240888859605853,0.31730862241195656,6.142037405587356,3.231042751474132,0.07865693420171738,2.163874073546143,30.0,24.0,1.0
0.7477638640429338,0.8158748988342049,0.2917609573468209,6.037870919922137,3.180956553878238,0.07865693420171738,2.576123683516778,31.0,24.0,1.0
0.765625,0.7984434203991331,0.2759089689647054,5.973809611869261,3.150201518454589,0.07865693420171738,2.4339534919272046,32.0,24.0,1.0
0.8507751937984496,0.7118705401369617,0.2382722579964417,6.0867747269123065,3.2044591667776596,0.07865693420171738,1.819367044301511,33.0,24.0,1.0
0.8388278388278388,0.48910880056992356,0.3184617751103454,6.129050210060545,3.2247930321274607,0.07865693420171738,1.7899262275093835,34.0,24.0,1.0
0.7914951989026063,0.8962456904895205,0.21214780816568768,6.359573868672378,3.3359331827196006,0.07865693420171738,2.49747655534683,35.0,24.0,1.0
0.8756302521008403,0.6977762802348203,0.24326907152950436,6.257667587882639,3.2867487829667077,0.07865693420171738,1.5225338431700333,36.0,24.0,1.0
0.8733624454148472,0.5061110782904678,0.3271716637178881,5.993961427306569,3.159872180588705,0.07865693420171738,1.4214125662170747,37.0,24.0,1.0
0.7727272727272727,0.6064347832367616,0.22471435453177319,5.545177444479562,2.9454264031731636,0.07865693420171738,1.7333098629592374,38.0,24.0,1.0
0.833634719710669,0.7129234041510002,0.3060751121255259,6.135564891081739,3.2279278580058395,0.07865693420171738,2.0074926606885852,39.0,24.0,1.0
0.8272506082725061,0.6543001025605418,0.29408077349450307,5.831882477283517,3.0821981755735477,0.07865693420171738,1.658700292564701,40.0,24.0,1.0
0.8792029887920298,0.8530557455775877,0.3431337117330541,6.561030665896573,3.433399282556618,0.07865693420171738,1.5689984296593598,41.0,24.0,1.0
0.8416666666666667,0.5207712436557969,0.21060580654574343,5.717027701406222,3.0273073859067696,0.07865693420171738,1.528331312067086,42.0,24.0,1.0
0.7443762781186094,0.5559917376649034,0.2640676069138444,5.8998973535824915,3.1147635268,0.07865693420171738,2.082429983583514,43.0,24.0,1.0
0.8596491228070176,0.7151353213779624,0.24168434175993822,5.840641657373398,3.0863895830282515,0.07865693420171738,1.5355647525330256,44.0,24.0,1.0
0.878839590443686,0.7996631453305005,0.22659374312758704,6.246106765481563,3.2811742778131374,0.07865693420171738,1.5552816619581031,45.0,24.0,1.0
0.9151785714285714,0.7900058974391418,0.1919085144050302,6.018593214496234,3.1716977037998157,0.07865693420171738,1.434720859915778,46.0,24.0,1.0
0.8642384105960265,0.29614745317503127,0.21072716632053864,5.568344503761097,2.9564467719424368,0.07865693420171738,1.4216444250639682,47.0,24.0,1.0
0.8727598566308243,0.6976891986324351,0.2710464180359229,6.1903154058531475,3.254287669250494,0.07865693420171738,1.5908273423382242,48.0,24.0,1.0
0.8013698630136986,0.6922451566437529,0.256615777779895,5.863631175598097,3.0973939182078127,0.07865693420171738,1.810189467702112,49.0,24.0,1.0
0.7823240589198036,0.8671292004106546,0.24999953258492402,6.171700597410915,3.2453226809481306,0.07865693420171738,2.0914320369370256,50.0,24.0,1.0
0.7664670658682635,0.4344883884968311,0.30038530962501603,6.46302945692067,3.3859478922708695,0.07778222113847733,2.0851281945181426,1.0,25.0,1.0
0.8193548387096774,0.8522490320749926,0.29277916495696793,6.92461239604856,3.610020466454018,0.07778222113847733,2.7476131566678275,2.0,25.0,1.0
0.7813163481953291,0.751347880861312,0.2521081828967088,5.910796644040527,3.1199861290795745,0.07778222113847733,1.7040030963355044,3.0,25.0,1.0
0.7517482517482518,0.5669311280862717,0.34361918959115423,6.066108090103747,3.1945244593809208,0.07778222113847733,2.758251886657349,4.0,25.0,1.0
0.8492063492063492,0.6539456998945441,0.3278896982712268,6.061456918928017,3.1922890983518433,0.07778222113847733,1.6204091549531623,5.0,25.0,1.0
0.8488023952095808,0.707513934382107,0.3178811023540622,6.342121418721152,3.327504049817454,0.07778222113847733,1.891238401025574,6.0,25.0,1.0
0.7164591977869986,0.5809100135763002,0.3520192964979209,6.251903883165888,3.2839694503775037,0.07778222113847733,2.4610018162782827,7.0,25.0,1.0
0.7022332506203474,0.9353632190896511,0.2729207030950451,7.255591274253665,3.771510935487403,0.07778222113847733,5.389310053371712,8.0,25.0,1.0
0.7376893939393939,0.8388159739957571,0.2702579322326678,6.659293919683638,3.4810464519087296,0.07778222113847733,2.8874648982359075,9.0,25.0,1.0
0.8019169329073482,0.6116434664403139,0.3302565900895418,6.220590170099739,3.2688743066769077,0.07778222113847733,1.8352475504049612,10.0,25.0,1.0
0.8359073359073359,0.5793241065949449,0.35782219212484634,6.073044534100405,3.1978584782637562,0.07778222113847733,1.8970220720989674,11.0,25.0,1.0
0.8275316455696202,0.5180736346167912,0.37865828260636053,6.261491684321042,3.288592960078605,0.07778222113847733,1.9032138190335914,12.0,25.0,1.0
0.8674242424242424,0.5968323254730741,0.34095314292638684,6.129050210060545,3.2247930321274607,0.07778222113847733,1.6998863521153487,13.0,25.0,1.0
0.8377281947261663,0.5329983396988509,0.3214791512200093,6.025865973825314,3.175190334547559,0.07778222113847733,1.6080811158729145,14.0,25.0,1.0
0.8842592592592593,0.6518913748491383,0.31814153425714287,6.352629396319567,3.332578877401803,0.07778222113847733,1.5004113622723556,15.0,25.0,1.0
0.7963636363636364,0.5652028126585099,0.3240096105925243,6.0844994130751715,3.2033652131088193,0.07778222113847733,1.8360339564874502,16.0,25.0,1.0
0.8264352469959947,0.5893615829652259,0.400428261420854,6.429719478039138,3.3698356066712125,0.07778222113847733,2.0785562760569527,17.0,25.0,1.0
0.7560975609756098,0.8294556724604901,0.34500120954109736,6.144185634125646,3.232076663767271,0.07778222113847733,2.092186293978179,18.0,25.0,1.0
0.8380462724935732,0.40652984935138176,0.3309031889048875,5.7899601708972535,3.0621479206782674,0.07778222113847733,1.5964232410382069,19.0,25.0,1.0
0.7560521415270018,0.47476262379980494,0.3639969371482845,6.008813185442595,3.1670017395333008,0.07778222113847733,2.1233710134805555,20.0,25.0,1.0
0.8677130044843049,0.5249094008499336,0.2983097545217403,5.961005339623274,3.144058785551736,0.07778222113847733,1.6203440295903504,21.0,25.0,1.0
0.8135860979462876,0.7612107419904712,0.37570061488694845,6.246106765481563,3.2811742778131374,0.07778222113847733,1.816573769581789,22.0,25.0,1.0
0.7849315068493151,0.7818019855853396,0.28456389037134994,6.352629396319567,3.332578877401803,0.07778222113847733,2.0303554904035197,23.0,25.0,1.0
0.8075539568345323,0.4087003374774521,0.31956796910769414,6.1092475827643655,3.2152663537569754,0.07778222113847733,1.671459423776514,24.0,25.0,1.0
0.8111510791366906,0.545847021467658,0.34471205074518,6.113682179832232,3.2173994642586936,0.07778222113847733,1.8723665008326515,25.0,25.0,1.0
0.8256029684601113,0.5063025598569726,0.3677350507040949,6.100318952020064,3.210972056475935,0.07778222113847733,1.924525094076835,26.0,25.0,1.0
0.822141560798548,0.8311466466552381,0.2716920251274094,6.118097198041348,3.219523324828327,0.07778222113847733,1.7137130630553155,27.0,25.0,1.0
0.805379746835443,0.5429274548025061,0.35682310832103253,6.234410725718371,3.2755356796562056,0.07778222113847733,2.0139317598973534,28.0,25.0,1.0
0.9118279569892473,0.4661157400404188,0.33821240143600456,6.052089168924417,3.187787517538405,0.07778222113847733,1.2676412366169971,29.0,25.0,1.0
0.7256637168141593,0.5462778564964919,0.3186798988947258,6.6052979209482015,3.4548557978999366,0.07778222113847733,2.6005003211232802,30.0,25.0,1.0
0.7512520868113522,0.42161469980517713,0.3357513888786084,6.111467339502679,3.2163340703086214,0.07778222113847733,2.0751153769561723,31.0,25.0,1.0
0.7828200972447326,0.7446667770837581,0.29238148700970923,6.182084906716632,3.2503234609725857,0.07778222113847733,2.316231522954578,32.0,25.0,1.0
0.7393939393939394,0.6095818967943115,0.35205328508664824,6.415096959171596,3.362765223648051,0.07778222113847733,2.408716936551455,33.0,25.0,1.0
0.9072398190045249,0.5724882676166689,0.36229591306618253,5.996452088619021,3.1610676795726267,0.07778222113847733,1.4063793004289238,34.0,25.0,1.0
0.8716981132075472,0.5266877455524434,0.33282618383200113,6.137727054086234,3.22896835793912,0.07778222113847733,1.716969983315124,35.0,25.0,1.0
0.7362637362637363,0.6959777679738773,0.28745359696295264,6.285998094508865,3.3004140194890073,0.07778222113847733,2.3075048868651447,36.0,25.0,1.0
0.8620283018867925,0.824914086831991,0.2637210528151716,6.595780513961311,3.450241504312641,0.07778222113847733,1.7051575441793996,37.0,25.0,1.0
0.7543307086614173,0.7214431113737809,0.3665957008554735,6.173786103901937,3.2463269274599886,0.07778222113847733,1.9830604155547824,38.0,25.0,1.0
0.8322147651006712,0.4437334417558893,0.32897385043743776,5.921578419643816,3.1251535097228054,0.07778222113847733,1.8178418219925816,39.0,25.0,1.0
0.8408360128617364,0.5725195175938912,0.3528483716627905,6.261491684321042,3.288592960078605,0.07778222113847733,1.7201510975932364,40.0,25.0,1.0
0.7269938650306749,0.5047610945015427,0.3018203495686515,6.163314804034641,3.2412849880539736,0.07778222113847733,2.2036497607567975,41.0,25.0,1.0
0.64376130198915,0.8972708080023724,0.32819417143890883,6.569481420414296,3.4374943237560047,0.07778222113847733,2.611301497246536,42.0,25.0,1.0
0.8321554770318021,0.6328531242116646,0.29503621255217655,6.156978985585555,3.238234734370268,0.07778222113847733,1.6482208440850485,43.0,25.0,1.0
0.76,0.7778880488567079,0.37411597477004477,6.3473892096560105,3.3300480215475106,0.07778222113847733,2.6169554640465367,44.0,25.0,1.0
0.8281036834924966,0.6898586906739241,0.3390183370873325,6.410174881966167,3.3603856311237044,0.07778222113847733,1.9384480387696492,45.0,25.0,1.0
0.7498677948175568,0.9255808857888881,0.3293267101185966,7.257707677160043,3.7725455225064395,0.07778222113847733,3.6415926691710703,46.0,25.0,1.0
0.6966442953020134,0.43568586427739014,0.36708474584117257,6.253828811575473,3.2848976456499384,0.07778222113847733,3.0506508584839214,47.0,25.0,1.0
0.7520661157024794,0.49952631432549527,0.3574770639516673,6.304448802421981,3.3093171909672208,0.07778222113847733,2.110161736967191,48.0,25.0,1.0
0.8755304101838756,0.699307391833849,0.24482760047137198,6.429719478039138,3.3698356066712125,0.07778222113847733,1.7149223649797232,49.0,25.0,1.0
0.8035019455252919,0.4482936032260414,0.3073304043694311,6.717804695023691,3.509449533013823,0.07778222113847733,2.1375213284779484,50.0,25.0,1.0
0.6220570012391574,0.7441669434933276,0.2836995512919554,6.220590170099739,3.2688743066769077,0.06923951208591461,3.07115427096834,1.0,26.0,1.0
0.6976456009913259,0.7127658593150055,0.321217944280842,6.335054251498059,3.324091447428883,0.06923951208591461,2.8162431245014834,2.0,26.0,1.0
0.8488372093023255,0.7798728693498472,0.2851621305176182,6.238324625039508,3.277422425243829,0.06923951208591461,1.9359730086603224,3.0,26.0,1.0
0.8650306748466258,0.619175333443734,0.4191825085698554,5.645446897643238,2.993164401484698,0.06923951208591461,1.3843742842322597,4.0,26.0,1.0
0.6103117505995204,0.9379872097245144,0.27031859601300506,6.926577033222725,3.610977164542641,0.06923951208591461,6.324943598971425,5.0,26.0,1.0
0.7494692144373672,0.6426363548194992,0.2369758462672072,5.869296913133774,3.1001066938284993,0.06923951208591461,2.4519060746033667,6.0,26.0,1.0
0.7672413793103449,0.7045642023492078,0.29216199466767223,6.100318952020064,3.210972056475935,0.06923951208591461,2.5682554745555977,7.0,26.0,1.0
0.8109854604200323,0.8238249132622555,0.3458048171978115,6.220590170099739,3.2688743066769077,0.06923951208591461,2.408209920106933,8.0,26.0,1.0
0.7734042553191489,0.8705031289702597,0.239434983152996,6.590301048196686,3.4475852017946806,0.06923951208591461,2.556030324100678,9.0,26.0,1.0
0.7373358348968105,0.9594957212009663,0.22723175196268378,7.07326971745971,3.6824757342645444,0.06923951208591461,3.7974398579717894,10.0,26.0,1.0
0.746031746031746,0.6157385800183417,0.30878736285390707,5.932245187448011,3.1302668308155708,0.06923951208591461,2.6914480780880994,11.0,26.0,1.0
0.7923875432525952,0.801915482450207,0.21704709883864534,6.129050210060545,3.2247930321274607,0.06923951208591461,2.8765559816207613,12.0,26.0,1.0
0.698,0.4032349370127433,0.27406177323350467,5.857933154483459,3.09466599198655,0.06923951208591461,2.3423833406916588,13.0,26.0,1.0
0.8173784977908689,0.8074435448319582,0.29216468939331025,6.320768294250582,3.3171942254202196,0.06923951208591461,2.162583991204051,14.0,26.0,1.0
0.7280550774526678,0.6380050531569025,0.32754044974068786,6.049733455231958,3.186655623772265,0.06923951208591461,2.697299135010285,15.0,26.0,1.0
0.7939698492462312,0.781197383209947,0.3052765843723198,6.163314804034641,3.2412849880539736,0.06923951208591461,2.379570039966238,16.0,26.0,1.0
0.6633663366336634,0.8081654394892401,0.2808308554581249,6.152732694704104,3.2361906317473745,0.06923951208591461,3.403977961779306,17.0,26.0,1.0
0.7299843014128728,0.7149037164215618,0.31735302629016293,6.144185634125646,3.232076663767271,0.06923951208591461,3.1102050612161323,18.0,26.0,1.0
0.8951048951048951,0.5860263053432653,0.25976434394247505,5.953243334287785,3.1403357621918144,0.06923951208591461,1.3938491192362543,19.0,26.0,1.0
0.6866952789699571,0.9074836033206168,0.3525889002302803,6.175867270105761,3.2473291203198698,0.06923951208591461,2.6864674484871514,20.0,26.0,1.0
0.7042513863216266,0.6641093789000082,0.2497807295219506,5.945420608606575,3.1365841725049277,0.06923951208591461,3.0744838527830303,21.0,26.0,1.0
0.767203513909224,0.7175930249731779,0.2744078034856433,6.263398262591624,3.2895124549543606,0.06923951208591461,2.2814811902001346,22.0,26.0,1.0
0.7314814814814815,0.586962750964329,0.3056285316658181,5.981414211254481,3.153850460820174,0.06923951208591461,2.579499138000466,23.0,26.0,1.0
0.6921739130434783,0.7227479145786075,0.23487738752160933,5.988961416889864,3.1574723813761874,0.06923951208591461,3.482903566151384,24.0,26.0,1.0
0.7489655172413793,0.7863265429160308,0.3155072955449044,6.298949246855942,3.306663161251125,0.06923951208591461,3.05867865549453,25.0,26.0,1.0
0.7440147329650092,0.4813233606483178,0.27983758217736293,6.003887067106539,3.1646367460432785,0.06923951208591461,2.474516122910639,26.0,26.0,1.0
0.8439108061749572,0.7303417923447609,0.23458778825574655,6.20050917404269,3.259198265185218,0.06923951208591461,1.8571392760054226,27.0,26.0,1.0
0.7693631669535284,0.7880281427681177,0.280576893662901,6.104793232414985,3.2131239119730264,0.06923951208591461,2.7045221026704267,28.0,26.0,1.0
0.8450704225352113,0.35729400086938656,0.3534315095643637,5.707110264748875,3.022573818272304,0.06923951208591461,1.8430440957380996,29.0,26.0,1.0
0.7584745762711864,0.5135774457316954,0.2785614903005343,5.883322388488279,3.1068234468444036,0.06923951208591461,1.957441764488992,30.0,26.0,1.0
0.6521739130434783,0.6442406874070163,0.26777546316671835,5.802118375377063,3.0679610941199775,0.06923951208591461,3.249491434489395,31.0,26.0,1.0
0.6803377563329313,0.5209859863859072,0.301028875501964,6.336825731146441,3.324946824918697,0.06923951208591461,3.2236821243497835,32.0,26.0,1.0
0.759349593495935,0.6567923011481354,0.2741131993582778,6.148468295917647,3.2341379656877605,0.06923951208591461,2.457186964018357,33.0,26.0,1.0
0.5961968680089486,0.49787748683393096,0.339530682402681,6.280395838960195,3.297711255897661,0.06923951208591461,3.334175903819847,34.0,26.0,1.0
0.836864406779661,0.388653686705675,0.30808339919003863,5.981414211254481,3.153850460820174,0.06923951208591461,2.0024890801681163,35.0,26.0,1.0
0.8245083207261724,0.8420153136438095,0.2671719901758789,6.302618975744905,3.3084341084606064,0.06923951208591461,1.880901405115143,36.0,26.0,1.0
0.6797235023041475,0.8051663401149286,0.315535591986235,5.69035945432406,3.0145809480811034,0.06923951208591461,2.2923293484109837,37.0,26.0,1.0
0.7897271268057785,0.7370877695053388,0.28942577595059205,6.20050917404269,3.259198265185218,0.06923951208591461,2.1977979597697312,38.0,26.0,1.0
0.8694992412746586,0.7842833917865061,0.3095795573861002,6.352629396319567,3.332578877401803,0.06923951208591461,2.087798228852788,39.0,26.0,1.0
0.8060263653483992,0.4757270254857544,0.32943814799032717,6.061456918928017,3.1922890983518433,0.06923951208591461,1.9506090855579796,40.0,26.0,1.0
0.7325038880248833,0.7769754076467658,0.27778911272401,6.156978985585555,3.238234734370268,0.06923951208591461,2.8332952112348435,41.0,26.0,1.0
0.7378497790868925,0.5757567292077355,0.25723716490654014,6.218600119691729,3.2679152510115372,0.06923951208591461,2.9371091636539477,42.0,26.0,1.0
0.6715867158671587,0.8809091913782924,0.30555256917488255,6.591673732008658,3.448250623340655,0.06923951208591461,4.648046031826764,43.0,26.0,1.0
0.8732673267326733,0.6788467002659374,0.32748999368601606,6.091309882077698,3.206639769098842,0.06923951208591461,1.8500483495069755,44.0,26.0,1.0
0.7716186252771619,0.6687043828364788,0.3364637850099509,5.855071922202427,3.0932962940146203,0.06923951208591461,2.5168575946190614,45.0,26.0,1.0
0.7971014492753623,0.6754760975289621,0.2880917456760258,5.955837369464831,3.1415799223694476,0.06923951208591461,2.3518317067279306,46.0,26.0,1.0
0.8068592057761733,0.6764603545971722,0.24042739596798066,6.104793232414985,3.2131239119730264,0.06923951208591461,2.56283283865311,47.0,26.0,1.0
0.7025641025641025,0.6616295806743638,0.37874286787072686,6.3080984415095305,3.3110786025216337,0.06923951208591461,2.3299713861037032,48.0,26.0,1.0
0.7312883435582822,0.7161898034226447,0.3646275972598948,6.391917113392602,3.351560473221019,0.06923951208591461,2.191850348131352,49.0,26.0,1.0
0.8835227272727273,0.7237820850631641,0.3251635727818226,5.7430031878094825,3.0397100845444807,0.09287767112255096,1.3549683685994605,1.0,27.0,1.0
0.8685446009389671,0.6937587707146281,0.3415427366942776,5.225746673713202,2.7940820741073558,0.09287767112255096,1.4662824916565969,2.0,27.0,1.0
0.8922155688622755,0.8079413249439047,0.2691251947639021,6.104793232414985,3.2131239119730264,0.09287767112255096,1.4857662211532747,3.0,27.0,1.0
0.8762626262626263,0.6557339042610488,0.3089646261178836,5.8522024797744745,3.091922743965858,0.09287767112255096,1.414157234323898,4.0,27.0,1.0
0.8861985472154964,0.7094440325320096,0.2856792445690773,5.905361848054571,3.1173818047395194,0.09287767112255096,1.3573669976882925,5.0,27.0,1.0
0.904,0.4714128047207726,0.2659274703291901,5.8289456176102075,3.080793006039081,0.09287767112255096,1.3243938816503,6.0,27.0,1.0
0.9278350515463918,0.3317063937573833,0.36617173593761093,5.602118820879701,2.9725230971050007,0.09287767112255096,1.1958716646099437,7.0,27.0,1.0
0.9467213114754098,0.624923466006161,0.31200828262201663,5.44673737166631,2.898663870118441,0.09287767112255096,1.1508498173474244,8.0,27.0,1.0
0.8825396825396825,0.30318926943980157,0.31006309924367953,5.631211781821365,2.9863807074166044,0.09287767112255096,1.321328535338478,9.0,27.0,1.0
0.9329268292682927,0.5520741930758714,0.30567507859448684,5.726847747587197,3.031995440911716,0.09287767112255096,1.1224820809828988,10.0,27.0,1.0
0.9352051835853131,0.7362911633234821,0.26154672145621755,6.073044534100405,3.1978584782637562,0.09287767112255096,1.17447224081182,11.0,27.0,1.0
0.9065934065934066,0.6060069328931409,0.28255643208621845,5.111987788356544,2.740471752138393,0.09287767112255096,1.294043194658532,12.0,27.0,1.0
0.910828025477707,0.6924397028259741,0.34496174628633985,5.659482215759621,2.9998549258303298,0.09287767112255096,1.284368296587751,13.0,27.0,1.0
0.9885057471264368,0.6178735255327384,0.36198075204742663,4.465908118654584,2.4392254651962633,0.09287767112255096,0.9415844954859317,14.0,27.0,1.0
0.9473684210526315,0.6944061912251028,0.2486292649179492,6.07073772800249,3.1967496595577645,0.09287767112255096,1.1671064777350741,15.0,27.0,1.0
0.9176470588235294,0.617592474930084,0.3170991527488088,5.746203190540153,3.041238477168779,0.09287767112255096,1.226860941419664,16.0,27.0,1.0
0.8355263157894737,0.8134413395953772,0.3930319230556881,4.852030263919617,2.6185766979258958,0.09287767112255096,1.4522357345642445,17.0,27.0,1.0
0.8442622950819673,0.8803990872219292,0.2999110147659897,5.332718793265369,2.8446353798941684,0.09287767112255096,1.6084393103474295,18.0,27.0,1.0
0.893719806763285,0.8744914078087764,0.2965968536494885,5.225746673713202,2.7940820741073558,0.09287767112255096,1.379341846140579,19.0,27.0,1.0
0.918918918918919,0.8213108878352838,0.3738047408972234,4.634728988229636,2.5173795651774262,0.09287767112255096,1.1996501403643938,20.0,27.0,1.0
0.9063545150501672,0.5091289654385774,0.23269994589682091,5.605802066295998,2.974277019288197,0.09287767112255096,1.3594720095494142,21.0,27.0,1.0
0.8910614525139665,0.49021223092062427,0.26287050265270895,5.768320995793772,3.051805203465507,0.09287767112255096,1.3765537923013098,22.0,27.0,1.0
0.8688946015424165,0.7582095214960788,0.2802812501031423,5.82600010738045,3.0793837807874476,0.09287767112255096,1.4788528308519204,23.0,27.0,1.0
0.8712121212121212,0.8213936041390271,0.37180780632612714,4.7535901911063645,2.572651808553629,0.09287767112255096,1.3067384691424933,24.0,27.0,1.0
0.9025641025641026,0.8768964605451475,0.24956974500456708,5.176149732573829,2.770689499484856,0.09287767112255096,1.361282626119843,25.0,27.0,1.0
0.8465011286681715,0.7431753972940193,0.2926295416701459,5.929589143389895,3.128993506456731,0.09287767112255096,1.4744352765904796,26.0,27.0,1.0
0.9014778325123153,0.422816414208268,0.30593171253256757,5.214935757608986,2.788980541848176,0.09287767112255096,1.281406934984932,27.0,27.0,1.0
0.9297520661157025,0.6287543078132449,0.36324692060015173,5.420534999272286,2.886234740362867,0.09287767112255096,1.1914801926461114,28.0,27.0,1.0
0.9097222222222222,0.3980213564685164,0.28290463055761406,5.572154032177765,2.9582594772777395,0.09287767112255096,1.241793543971617,29.0,27.0,1.0
0.8968253968253969,0.3384587600696884,0.301958176272519,5.424950017481403,2.888328474376144,0.09287767112255096,1.2548976729629335,30.0,27.0,1.0
0.9545454545454546,0.22296701454762963,0.2760915779774803,5.755742213586912,3.045795129144854,0.09287767112255096,1.149525857531806,31.0,27.0,1.0
0.8650793650793651,0.8486275746688144,0.2820861796593753,4.700480365792417,2.547930302431026,0.09287767112255096,1.2755433157646543,32.0,27.0,1.0
0.9305263157894736,0.6791704007909941,0.25497246811576235,6.093569770045136,3.2077264394885976,0.09287767112255096,1.2832890230299683,33.0,27.0,1.0
0.900398406374502,0.37595674160813264,0.32756042096741483,5.424950017481403,2.888328474376144,0.09287767112255096,1.1961466772198095,34.0,27.0,1.0
0.9631147540983607,0.7715709575341473,0.32352466411647784,5.4638318050256105,2.9067767396614164,0.09287767112255096,1.1139609750309591,35.0,27.0,1.0
0.9297124600638977,0.7005884742004174,0.3814418293890508,5.676753802268282,3.0080909221463434,0.09287767112255096,1.1890766693682007,36.0,27.0,1.0
0.8969359331476323,0.6676415239123817,0.28562563485675097,5.777652323222656,3.0562646669363067,0.09287767112255096,1.32983488643508,37.0,27.0,1.0
0.9444444444444444,0.763203250779676,0.3005389328917758,6.013715156042802,3.169355355606696,0.09287767112255096,1.1953057233845683,38.0,27.0,1.0
0.9546827794561934,0.5457667733478763,0.3071033166046379,5.75890177387728,3.047304603298942,0.09287767112255096,1.086960496141668,39.0,27.0,1.0
0.9245960502692998,0.786360582883074,0.2965374187092468,6.246106765481563,3.2811742778131374,0.09287767112255096,1.3339010360418138,40.0,27.0,1.0
0.9110320284697508,0.7904791545862034,0.357038691856628,5.54907608489522,2.9472805524664683,0.09287767112255096,1.274896510835086,41.0,27.0,1.0
0.9366197183098591,0.717011445655024,0.28747453727907457,5.991464547107982,3.158673752678844,0.09287767112255096,1.1680074631486599,42.0,27.0,1.0
0.9031007751937985,0.37474014913574244,0.32552909582828776,5.455321115357702,2.902737237029169,0.09287767112255096,1.261264851764359,43.0,27.0,1.0
0.896551724137931,0.8415556469534252,0.3682244097623044,5.056245805348308,2.714260959676752,0.09287767112255096,1.3074860931611798,44.0,27.0,1.0
0.9132947976878613,0.8896799831857595,0.25095926558672055,6.163314804034641,3.2412849880539736,0.09287767112255096,1.4761669656521372,45.0,27.0,1.0
0.8976109215017065,0.7417998069619345,0.30880139900278836,5.575949103146316,2.9600654559509008,0.09287767112255096,1.325370627223223,46.0,27.0,1.0
0.8787878787878788,0.6101966408358853,0.48021561331379986,4.983606621708336,2.6801639324069306,0.09287767112255096,1.284812073097938,47.0,27.0,1.0
0.8693181818181818,0.622362091334328,0.36309838233452313,5.0369526024136295,2.705198102736549,0.09287767112255096,1.395536778553319,48.0,27.0,1.0
0.8875878220140515,0.833937727147402,0.25523228180111474,5.940171252720432,3.1340670235501786,0.09287767112255096,1.4503929866428815,49.0,27.0,1.0
0.8908554572271387,0.5811603115972516,0.36866519287425537,5.713732805509369,3.025734630798558,0.09287767112255096,1.3016657729695436,50.0,27.0,1.0
0.8802083333333334,0.7031695719382914,0.2959039353711341,5.82600010738045,3.0793837807874476,0.09287767112255096,1.408815184114576,51.0,27.0,1.0
0.8781512605042017,0.7724108078445282,0.3251215914343465,5.3471075307174685,2.851445441348,0.09287767112255096,1.3459624643106545,52.0,27.0,1.0
0.8237704918032787,0.19330263307248033,0.4669917289049206,5.308267697401205,2.8330683747600656,0.09287767112255096,1.6063947733566406,53.0,27.0,1.0
0.9494470774091627,0.8573502948386659,0.306552503558735,6.400257445308821,3.3555915779487355,0.09287767112255096,1.3081632726682266,54.0,27.0,1.0
0.8992805755395683,0.7412813208805044,0.3595210324099354,4.836281906951478,2.6112207925948736,0.09287767112255096,1.2156621085126311,55.0,27.0,1.0
0.9575289575289575,0.6922176798315253,0.2995600988919585,5.517452896464707,2.9322456199783513,0.09287767112255096,1.0900368913374072,56.0,27.0,1.0
0.8954248366013072,0.8304406553988006,0.33864651144087604,4.927253685157205,2.6537586998343663,0.09287767112255096,1.2628514992195126,57.0,27.0,1.0
0.8978723404255319,0.25213809680653004,0.31001473739599517,5.356586274672012,2.855932944936758,0.09287767112255096,1.2301924001516782,58.0,27.0,1.0
0.8951890034364262,0.7559135485769869,0.2976424328879682,6.257667587882639,3.2867487829667077,0.09287767112255096,1.39588564699755,59.0,27.0,1.0
0.8418367346938775,0.469444363502044,0.2880854078134308,5.802118375377063,3.0679610941199775,0.09287767112255096,1.615154316157356,60.0,27.0,1.0
0.8827160493827161,0.49709582392117746,0.28653483643078836,5.659482215759621,2.9998549258303298,0.09287767112255096,1.3477749166726964,61.0,27.0,1.0
0.9380733944954128,0.7023880196017099,0.2603556206372939,6.016157159698354,3.1705279314042873,0.09287767112255096,1.2072121164989311,62.0,27.0,1.0
0.800711743772242,0.7186028642970517,0.2948477453438581,5.420534999272286,2.886234740362867,0.09287767112255096,1.7471247263857872,63.0,27.0,1.0
0.9444444444444444,0.6452266421790886,0.289721348205521,6.093569770045136,3.2077264394885976,0.09287767112255096,1.2160178378407394,64.0,27.0,1.0
0.9129032258064517,0.45662156034696283,0.34644246947614943,5.648974238161206,2.9948456661727745,0.09287767112255096,1.2047600457369942,65.0,27.0,1.0
0.8231046931407943,0.5277245527970874,0.34350603735442303,5.43372200355424,2.892489058363821,0.09287767112255096,1.5222671087484774,66.0,27.0,1.0
0.9033816425120773,0.6817295112461663,0.3361126032177098,5.926926025970411,3.1277168565226234,0.09287767112255096,1.3763087374326992,67.0,27.0,1.0
0.861003861003861,0.8062152658248404,0.3449915650024103,5.4116460518550396,2.882019996281493,0.09287767112255096,1.4970181558867155,68.0,27.0,1.0
0.830028328611898,0.5414885553272777,0.27917403960500475,5.683579767338681,3.0113467377374623,0.09287767112255096,1.4848911862530831,69.0,27.0,1.0
0.9109792284866469,0.7314178126641201,0.29478756746839974,5.730099782973575,3.0335481634840415,0.09287767112255096,1.319789621144403,70.0,27.0,1.0
0.8367346938775511,0.38528003515679876,0.3268790032224372,5.5093883366279774,2.928413127337617,0.09287767112255096,1.4675708679955537,71.0,27.0,1.0
0.8941908713692946,0.6925231728295111,0.33209809689318753,6.068425588244111,3.1956383237685504,0.09287767112255096,1.4246351485703928,72.0,27.0,1.0
0.9259259259259259,0.402273348105503,0.3437711371535852,5.707110264748875,3.022573818272304,0.09287767112255096,1.173987872704808,73.0,27.0,1.0
0.8900343642611683,0.5982923522241305,0.27393439525309926,5.560681631015528,2.95280097813573,0.09287767112255096,1.3026320489767247,74.0,27.0,1.0
0.9185667752442996,0.5546464640663707,0.3711966827197748,5.645446897643238,2.993164401484698,0.09287767112255096,1.289461741286744,75.0,27.0,1.0
0.9171744807859719,0.9165395681076531,0.26468354321736376,8.90598676523643,4.5839745697171415,0.08539541065692902,1.6571244707507415,1.0,28.0,1.0
0.9491159982751186,0.76824374548548,0.22289802758062163,8.390041405755754,4.328958284142229,0.08539541065692902,1.3208697982184285,2.0,28.0,1.0
0.912108703130375,0.8644664232695012,0.1817230744616254,8.576216531865699,4.420892588550073,0.08539541065692902,1.5978120893593353,3.0,28.0,1.0
0.9227330779054917,0.7561911688576775,0.23859138078595138,8.374707543119483,4.321391064175982,0.08539541065692902,1.4512032836980584,4.0,28.0,1.0
0.8882470562097312,0.7280232490583931,0.24469136146441298,8.293799608846818,4.281475662019584,0.08539541065692902,1.514748654124329,5.0,28.0,1.0
0.9632941176470589,0.7795649722238115,0.25260871691874737,8.31752199628717,4.293176754357101,0.08539541065692902,1.2945056078498385,6.0,28.0,1.0
0.9559240672048877,0.8023826464754971,0.20645350345558192,8.385260520155413,4.326598850466229,0.08539541065692902,1.3511352912199355,7.0,28.0,1.0
0.9439173161640122,0.8583174349363161,0.2092976200500669,8.625509334899697,4.445250715021838,0.08539541065692902,1.4820370133816905,8.0,28.0,1.0
0.9215367084486408,0.8454812384634832,0.19884040568379452,8.641532465671846,4.453170052593768,0.08539541065692902,1.4242751070602708,9.0,28.0,1.0
0.8844728171334432,0.8310389357192964,0.23434641216403446,8.3654396361887,4.316817737391905,0.08539541065692902,1.6595108500087703,10.0,28.0,1.0
0.9276967930029154,0.6527583248228186,0.24590188764126034,8.065579427282092,4.169003382283679,0.08539541065692902,1.3130483803880855,11.0,28.0,1.0
0.9436444444444444,0.8589525346294431,0.230379150521704,8.57715877258367,4.4213581334449765,0.08539541065692902,1.4617177248036826,12.0,28.0,1.0
0.9016741334590899,0.7991186871125014,0.24439949808745007,8.249313746260636,4.259537965755674,0.08539541065692902,1.523251090980232,13.0,28.0,1.0
0.9469266847691928,0.7511527001196693,0.22083131758893107,8.252446090246952,4.261082429801652,0.08539541065692902,1.3288630574727178,14.0,28.0,1.0
0.8417669482024067,0.9688090833078685,0.19737922595832488,9.329278296047697,4.793693288988512,0.08539541065692902,2.5524769219961816,15.0,28.0,1.0
0.8877426123448156,0.8593793959925424,0.2634732871569116,8.532672762264625,4.399381168604427,0.08539541065692902,1.639111695666231,16.0,28.0,1.0
0.890495378051671,0.7285187001813391,0.24575055412439473,8.231642179973411,4.250825269243324,0.08539541065692902,1.50992380824195,17.0,28.0,1.0
0.8943136128661688,0.6488072842092717,0.2639346476578599,8.043984431221553,4.158370410582942,0.08539541065692902,1.454236690426111,18.0,28.0,1.0
0.934841628959276,0.845513573270527,0.23672556247673676,8.326758814511733,4.297733320389188,0.08539541065692902,1.4336125729411042,19.0,28.0,1.0
0.941166962986908,0.8616380852063332,0.22765788001024692,8.669742589876522,4.4671144770871605,0.08539541065692902,1.4528088838747168,20.0,28.0,1.0
0.9403347077370846,0.484557458392517,0.20926045556869027,8.263074835802596,4.266323387372285,0.08539541065692902,1.3148100821422093,21.0,28.0,1.0
0.914237785699308,0.8175053895792649,0.2511971188503088,8.380456667842767,4.324228154877572,0.08539541065692902,1.4625695578273659,22.0,28.0,1.0
0.9354909731395861,0.789191702738864,0.21837249279832058,8.354674261918463,4.311505815471021,0.08539541065692902,1.4007327414399706,23.0,28.0,1.0
0.9256857855361597,0.79560635661373,0.21879974515598588,8.21959545417708,4.244886419674209,0.08539541065692902,1.382258486017966,24.0,28.0,1.0
0.9611814345991562,0.7784855963065721,0.22331509010012426,8.424419791263883,4.345926601200637,0.08539541065692902,1.2905654258356056,25.0,28.0,1.0
0.9432877255601825,0.8139702140898759,0.2206822277922577,8.467582690862903,4.367235901760963,0.08539541065692902,1.36007981534242,26.0,28.0,1.0
0.8544689495066744,0.8716319807082652,0.20154205469862696,8.681011276645632,4.472685266973452,0.08539541065692902,1.902063300475639,27.0,28.0,1.0
0.905319896883056,0.7241675410924435,0.26111457209042976,8.259458195332408,4.264540005745084,0.08539541065692902,1.4492241894141973,28.0,28.0,1.0
0.9203276247207743,0.7655275069587968,0.2132278812501105,8.21851757748959,4.244355067154707,0.08539541065692902,1.354626752540316,29.0,28.0,1.0
0.9086074453417372,0.8626158985990819,0.16910939212014023,8.4368504387337,4.35206296235281,0.08539541065692902,1.6258075744474385,30.0,28.0,1.0
0.9370386452453322,0.8359259264927487,0.23751958190661915,8.370315995555478,4.319223984069144,0.08539541065692902,1.4669328444897207,31.0,28.0,1.0
0.9395724258289704,0.7541113182240146,0.22174369785795722,8.36822903827628,4.318194162702465,0.08539541065692902,1.3417422186399368,32.0,28.0,1.0
0.9303860772154431,0.8225366478318469,0.20977893118999202,8.445052513638554,4.356112158364759,0.08539541065692902,1.447234268910335,33.0,28.0,1.0
0.9215024266722938,0.8359324643976275,0.21316524285054922,8.38206051742474,4.32501964471161,0.08539541065692902,1.5002970324058282,34.0,28.0,1.0
0.8743957326221037,0.9676490092390609,0.19215670497990667,9.258368340986765,4.7585339312076265,0.08539541065692902,2.327327966629389,35.0,28.0,1.0
0.9641434262948207,0.7547281251446721,0.22623441247331794,8.32239411311117,4.2955801581062545,0.08539541065692902,1.3009436383040214,36.0,28.0,1.0
0.9118158123370982,0.7871104126923563,0.23558163145602937,8.342601680684194,4.305549323250415,0.08539541065692902,1.4883642711646887,37.0,28.0,1.0
0.8969217735103078,0.5877150910205937,0.27280802429608303,8.063692634269517,4.168074292535212,0.08539541065692902,1.5056626494519783,38.0,28.0,1.0
0.9314476527204871,0.8463326346418008,0.20396381866481808,8.464425125877582,4.365676835541516,0.08539541065692902,1.496193020743711,39.0,28.0,1.0
0.8844396667562483,0.9281571978368631,0.2256602741319135,8.792245847467877,4.527693576123676,0.08539541065692902,1.8154572284587496,40.0,28.0,1.0
0.900068135362253,0.8335460872750347,0.22801835463091685,8.285008895449879,4.277140101992764,0.08539541065692902,1.5449537835422453,41.0,28.0,1.0
0.936568666935159,0.8468790584547653,0.19015222850351224,8.445052513638554,4.356112158364759,0.08539541065692902,1.4390012966589432,42.0,28.0,1.0
0.8538587848932676,0.6763243471080289,0.2505545400343093,8.200013648175434,4.235233946819408,0.08539541065692902,1.564614342913302,43.0,28.0,1.0
0.9354700854700855,0.8260218575446159,0.21345819333707935,8.384575666801398,4.326260871679709,0.08539541065692902,1.3907551457381204,44.0,28.0,1.0
0.9308110909562063,0.8503674985048373,0.1936254961470208,8.186742787113518,4.228693080007292,0.08539541065692902,1.460435976248239,45.0,28.0,1.0
0.9345861084681256,0.7780368521196864,0.228470782851599,8.276394704863307,4.272891849970468,0.08539541065692902,1.3873673189706714,46.0,28.0,1.0
0.9541469993256911,0.8070080051305313,0.18786963262108244,8.353732642263202,4.311041212871474,0.08539541065692902,1.3075984461260395,47.0,28.0,1.0
0.8637469586374696,0.6446317890689949,0.2390285165830669,8.069655306886165,4.1710104608008844,0.08539541065692902,1.6890083497930162,48.0,28.0,1.0
0.9636654478976234,0.7241417607299446,0.22868642609236592,8.34711636103872,4.307776767245312,0.08539541065692902,1.2810704656907346,49.0,28.0,1.0
0.936556927297668,0.8823966709493781,0.22972213349306475,8.605753368395717,4.435487439703831,0.08539541065692902,1.5175071539844145,50.0,28.0,1.0
0.8496,0.5127772869368913,0.3047917921063641,7.884576510596324,4.079935345090021,0.06121527776122093,1.646928627188308,1.0,29.0,1.0
0.6074328338504191,0.9430748521769857,0.23844332420682748,9.127284796838858,4.6935664388872835,0.06121527776122093,4.310869597896823,2.0,29.0,1.0
0.8197323537129363,0.3102116552544958,0.2929041546722329,8.047189562170502,4.1599484486702805,0.06121527776122093,1.9584557349098615,3.0,29.0,1.0
0.811121539183482,0.7069981352406938,0.21189788477341406,8.148445666243235,4.209820836594785,0.06121527776122093,2.460460769922916,4.0,29.0,1.0
0.8904408555216062,0.8628840451738967,0.2223176134360767,8.314097335405807,4.291487423373607,0.06121527776122093,1.719230529432448,5.0,29.0,1.0
0.8970588235294118,0.7537907683402918,0.26870822230951574,8.330622620332868,4.299639436004609,0.06121527776122093,1.5405966152081374,6.0,29.0,1.0
0.9197627224477053,0.6628477624750144,0.2621904522838133,7.988542982737695,4.131080004257876,0.06121527776122093,1.350287215034436,7.0,29.0,1.0
0.886962395856789,0.8423842629297809,0.2530455750248459,8.27893600229198,4.274145113639849,0.06121527776122093,1.7498879138873802,8.0,29.0,1.0
0.8706467661691543,0.4555817506257091,0.3354393564839321,8.160803920954665,4.215910238829691,0.06121527776122093,2.028492675474138,9.0,29.0,1.0
0.8377145339995655,0.6745047671592329,0.28309813871404205,8.257644958208228,4.263645906825726,0.06121527776122093,1.669811354707705,10.0,29.0,1.0
0.8545171339563863,0.6321128279265086,0.3708489806410265,7.917171988845776,4.095965648025188,0.06121527776122093,1.6733595511433794,11.0,29.0,1.0
0.7475342029907731,0.7472074278617207,0.21761962842771435,8.45531778769815,4.3611802035050165,0.06121527776122093,2.7102576372093803,12.0,29.0,1.0
0.920164609053498,0.33844764361357665,0.27758681025346643,7.71289096149013,3.995572395583766,0.06121527776122093,1.4970296672061885,13.0,29.0,1.0
0.9092345902009483,0.7728383475462273,0.28813260505435817,8.301025253838453,4.285039524034312,0.06121527776122093,1.5172855067278117,14.0,29.0,1.0
0.8579818473037907,0.3794869886597907,0.27773150815064696,8.07558263667172,4.17392935392108,0.06121527776122093,2.1126624752903025,15.0,29.0,1.0
0.8473484848484848,0.37473500483692074,0.30912868773830143,7.71333788887187,3.9957918467623332,0.06121527776122093,1.6458362256633774,16.0,29.0,1.0
0.9706477732793523,0.7080168496922451,0.19046221053030768,7.964850887447313,4.119421379928851,0.06121527776122093,1.2280706824140595,17.0,29.0,1.0
0.8342828833292049,0.6390219594366334,0.2644907568046553,8.122371243406553,4.1969747001646525,0.06121527776122093,1.8629170276944,18.0,29.0,1.0
0.9646191646191646,0.7593659938494746,0.29586072689881604,8.27563105457801,4.272515253147759,0.06121527776122093,1.2566690424978384,19.0,29.0,1.0
0.949205448354143,0.6388107162555766,0.25258856538736435,8.11552088154677,4.193600119350488,0.06121527776122093,1.3006782231372978,20.0,29.0,1.0
0.9236815415821501,0.6887022637993454,0.23970056648790244,8.200837258379849,4.235639903116531,0.06121527776122093,1.3954723222405534,21.0,29.0,1.0
0.7514712539610684,0.34484354354079694,0.2995831460586184,8.108021221376747,4.189905877589816,0.06121527776122093,2.278981345315875,22.0,29.0,1.0
0.8953651685393258,0.81217451252678,0.28966979350557454,7.844240718141811,4.060104243725386,0.06121527776122093,1.5976899296238976,23.0,29.0,1.0
0.9260312944523471,0.7810102507805842,0.2890895441053904,8.27052509505507,4.2699972809562325,0.06121527776122093,1.4367944376582555,24.0,29.0,1.0
0.8654580152671756,0.5720923275579335,0.24306994226705925,9.208137948420983,4.733634448411378,0.06121527776122093,1.715042539798988,25.0,29.0,1.0
0.9037476408735509,0.7298191255299674,0.28313747676972223,8.117610746466228,4.194629597309159,0.06121527776122093,1.5642841557882714,26.0,29.0,1.0
0.9017571884984026,0.7657858732180588,0.219188965537432,8.415603335654604,4.341574667068716,0.06121527776122093,1.5746819823757732,27.0,29.0,1.0
0.7504920183686857,0.9496327719194976,0.30527494788842935,8.141189793457691,4.206245830347633,0.06121527776122093,2.420238661370669,28.0,29.0,1.0
0.9521376714170476,0.7377974799093102,0.2771166786524827,8.17244681834278,4.221647644738669,0.06121527776122093,1.3019451737883814,29.0,29.0,1.0
0.9516261836146562,0.8152704625594202,0.2807690015015122,8.439015410352214,4.353131744349969,0.06121527776122093,1.3458915173624024,30.0,29.0,1.0
0.9450492483151892,0.6686866908610514,0.32132278175119927,8.20166019080868,4.236045527664165,0.06121527776122093,1.28147853422273,31.0,29.0,1.0
0.9229825099723842,0.5522348009830005,0.28610460213462335,8.009363076630045,4.141327103516695,0.06121527776122093,1.3416322590540988,32.0,29.0,1.0
0.8534267133566783,0.8724171467249635,0.2399288231107362,8.540714386457584,4.40335346236081,0.06121527776122093,1.7314777512145494,33.0,29.0,1.0
0.9035330793210946,0.7903082566835625,0.23327765494061178,8.559869465696673,4.4128161926192,0.06121527776122093,1.6784953069509316,34.0,29.0,1.0
0.8981972428419936,0.697739398949226,0.27260501092063477,8.128290171607052,4.199890578711488,0.06121527776122093,1.637841098341315,35.0,29.0,1.0
0.8506435863293387,0.6781899163771679,0.20675096613702904,8.251663923605589,4.260696764015229,0.06121527776122093,2.4806164052462623,36.0,29.0,1.0
0.8914634146341464,0.8341708401328093,0.29289743213339753,8.204124932574041,4.23726041623112,0.06121527776122093,1.5690332199360109,37.0,29.0,1.0
0.8162740899357601,0.4639501359244921,0.27121276502696945,8.246171559857563,4.257988681786813,0.06121527776122093,2.0755950412224924,38.0,29.0,1.0
0.825840574234983,0.7859906731777125,0.2506714020959105,8.38320455141292,4.325584223354734,0.06121527776122093,2.272210271448966,39.0,29.0,1.0
0.8392530951897706,0.8561032820917903,0.307419830174871,8.327484416188264,4.29809127483246,0.06121527776122093,2.0167933003016674,40.0,29.0,1.0
0.7182958856142398,0.895279451009403,0.26563616817893193,9.418085981110297,4.837741110458329,0.06121527776122093,2.613536175225695,41.0,29.0,1.0
0.8147846174752005,0.9235017497574206,0.24497542078727996,8.69901462316851,4.481586125232443,0.06121527776122093,3.457856254019569,42.0,29.0,1.0
0.7718371837183718,0.5466212334784202,0.252557541835408,8.163086375583216,4.217034953262407,0.06121527776122093,2.2800758778194843,43.0,29.0,1.0
0.9424173318129989,0.8901838964544239,0.22674618391489818,8.509161019718974,4.387768245343857,0.06121527776122093,1.5759332542206377,44.0,29.0,1.0
0.9125132555673383,0.6023153746301658,0.2972260567996122,8.144098463338524,4.207678924847283,0.06121527776122093,1.7663800111587213,45.0,29.0,1.0
0.8228285933897003,0.7719320957414552,0.23275348758945394,8.36240897761537,4.315322292540098,0.06121527776122093,1.8655690887533356,46.0,29.0,1.0
0.94368986983588,0.5652269200147583,0.27488981597682266,8.112527763478637,4.192125721521085,0.06121527776122093,1.3988565367107753,47.0,29.0,1.0
0.8417334860633829,0.669065150371882,0.26713628205380063,8.391629968440892,4.3297422778674095,0.06121527776122093,1.783519095274368,48.0,29.0,1.0
0.958,0.7850521141179182,0.2655262890536396,7.78155595923534,4.029298383983145,0.10072886198759079,1.297101062584968,1.0,30.0,1.0
0.9032258064516129,0.8395843308096664,0.2542904724688731,7.886457270977689,4.080860180035978,0.10072886198759079,1.45279292580532,2.0,30.0,1.0
0.9102822580645161,0.7426915916825225,0.2698073442249698,7.904703913873747,4.089833412811355,0.10072886198759079,1.4779958157251654,3.0,30.0,1.0
0.8531390134529148,0.7739398932894079,0.2607056842094682,7.7336835707759,4.005782930663204,0.10072886198759079,1.5972749554191787,4.0,30.0,1.0
0.8814616755793226,0.6095973177464293,0.24635651817203544,7.590346945602565,3.935433594400668,0.10072886198759079,1.527485906216388,5.0,30.0,1.0
0.845951126018208,0.9714950774842088,0.23340811279413778,8.862625169408922,4.562514644136537,0.10072886198759079,2.4420576433443624,6.0,30.0,1.0
0.9160571229536747,0.7976134901223718,0.321562901547941,7.875119281040293,4.075285111420519,0.10072886198759079,1.43243614021573,7.0,30.0,1.0
0.9186222558667676,0.7739984898873061,0.3049113930359916,7.794823152179389,4.035817076385863,0.10072886198759079,1.4717661947883618,8.0,30.0,1.0
0.7551091907041925,0.9726620485237448,0.23449478324762574,8.774467601446593,4.518899580928628,0.10072886198759079,3.277539676491518,9.0,30.0,1.0
0.9167712254286909,0.9078115078385623,0.2508502760024935,8.385944904806284,4.3269365994203595,0.10072886198759079,1.619462674306451,10.0,30.0,1.0
0.857916769268653,0.9104780599077307,0.2721004371248042,8.156223323194624,4.2136531341944234,0.10072886198759079,1.8172451655618935,11.0,30.0,1.0
0.8987816307403936,0.7818626342851247,0.2444095813402639,7.964850887447313,4.119421379928851,0.10072886198759079,1.4300583247461343,12.0,30.0,1.0
0.8562244301578025,0.7224291094161424,0.2696423736457192,7.983098940710892,4.128400860969116,0.10072886198759079,1.9247096307814962,13.0,30.0,1.0
0.8749251944943148,0.8167955130539112,0.26119036063566997,7.981049759665957,4.127392439102215,0.10072886198759079,1.6472862869639335,14.0,30.0,1.0
0.8466947960618847,0.7872535945425597,0.32056305331208335,8.010027528481734,4.141654155993281,0.10072886198759079,1.8238302525486636,15.0,30.0,1.0
0.8639338615225629,0.7614003212737545,0.22274367116717794,7.827639546366422,4.05194418011981,0.10072886198759079,1.8286221604129493,16.0,30.0,1.0
0.853566958698373,0.6839572458314692,0.3159087303368599,7.624130585661289,3.952006349022356,0.10072886198759079,1.559923890075859,17.0,30.0,1.0
0.9000942507068803,0.9414429218486667,0.22858249541575404,8.471358655072438,4.369100345867036,0.10072886198759079,1.8740559217048163,18.0,30.0,1.0
0.8775445292620865,0.7716573507360988,0.23510520880678037,7.9229859587111955,4.098825369933336,0.10072886198759079,1.5422518666504226,19.0,30.0,1.0
0.9089225069465885,0.8080797938826062,0.2953877090913758,7.987864096085687,4.13074590176717,0.10072886198759079,1.5057958144441743,20.0,30.0,1.0
0.8987467018469657,0.7256411693820758,0.25704027184595096,7.9105906122564775,4.092728620854035,0.10072886198759079,1.4426922923554601,21.0,30.0,1.0
0.8941398865784499,0.7403904290029708,0.287910124833436,7.951207156472972,4.112708420995504,0.10072886198759079,1.5145521709298575,22.0,30.0,1.0
0.8846931894807822,0.8494724330524822,0.26178374387922154,7.872836175025724,4.074162534125263,0.10072886198759079,1.496307191850727,23.0,30.0,1.0
0.798951048951049,0.7957998641043562,0.27449415743099503,8.070906088787819,4.171626393379751,0.10072886198759079,2.4527594064705704,24.0,30.0,1.0
0.9108974358974359,0.7508311498200233,0.28601314014455914,7.952615111650999,4.113401126934453,0.10072886198759079,1.543070634492789,25.0,30.0,1.0
0.954865556978233,0.7211251939669532,0.3250429638120496,8.001019961323651,4.137220646820121,0.10072886198759079,1.2907617015212285,26.0,30.0,1.0
0.8035909787606744,0.8750711270182329,0.30217914853663047,8.208219383496834,4.239278645916705,0.10072886198759079,2.1961414308562053,27.0,30.0,1.0
0.8701523545706371,0.7287333361068757,0.25036665279203796,7.829630389150193,4.0529226906696305,0.10072886198759079,1.6861249587979523,28.0,30.0,1.0
0.9616871704745167,0.8021592525760776,0.2733766155632374,7.914617709040679,4.094709314231851,0.10072886198759079,1.3062726759251686,29.0,30.0,1.0
0.9493348429097085,0.8359754795110546,0.22655847643153873,8.118207049405783,4.194923341990799,0.10072886198759079,1.3830582979666253,30.0,30.0,1.0
0.8915565147019153,0.804692898587148,0.24352756315285934,8.10349427838097,4.187676057805625,0.10072886198759079,1.5440985527989746,31.0,30.0,1.0
0.8163418290854573,0.7645310490573071,0.2948958029614391,7.68662133494462,3.982674945475235,0.10072886198759079,1.9061597944187307,32.0,30.0,1.0
0.7865505854097868,0.36667011343946104,0.2577805329232473,7.8713112033234065,4.073412734459144,0.10072886198759079,1.9440729039608333,33.0,30.0,1.0
0.8560086611331649,0.8163352719930743,0.31240065034253933,7.771910256435763,4.024559531894738,0.10072886198759079,1.671899247210126,34.0,30.0,1.0
0.9004046062869592,0.8120943928111714,0.23690657107682297,7.970394907191429,4.122149340427048,0.10072886198759079,1.6163662216566606,35.0,30.0,1.0
0.9369226708894167,0.7913339321050428,0.24665149823925084,8.174984532943087,4.22289824652882,0.10072886198759079,1.335292504526606,36.0,30.0,1.0
0.8852875754687003,0.6301906341531212,0.28759277568686037,7.932721027481948,4.1036140611189245,0.10072886198759079,1.7763613270391143,37.0,30.0,1.0
0.8806024981631153,0.6837823539342133,0.2545327786631019,7.7823903355874595,4.029708324257439,0.10072886198759079,1.5562404165793051,38.0,30.0,1.0
0.861329971635676,0.8334657641330541,0.25849841114550726,7.913521017283895,4.094169909395955,0.10072886198759079,1.5648220541245987,39.0,30.0,1.0
0.8984329657573998,0.8111330904524546,0.28253286482181117,8.038189179973203,4.155517229652984,0.10072886198759079,1.5660465610303471,40.0,30.0,1.0
0.8242715530189246,0.653933913013653,0.27043248048645463,7.917536353943631,4.096144864688463,0.10072886198759079,2.075508822231931,41.0,30.0,1.0
0.9126794258373205,0.6945307175453037,0.29785173365906203,7.736307096548285,4.007071385077183,0.10072886198759079,1.4471331928060032,42.0,30.0,1.0
0.8929316338354577,0.8112335709327341,0.22958238176894058,8.256866848974312,4.263262228095991,0.10072886198759079,1.5463019940063993,43.0,30.0,1.0
0.8700600695542207,0.7451030354034514,0.23664072388648447,7.920446505142607,4.097576270666779,0.10072886198759079,1.4854569332949463,44.0,30.0,1.0
0.9431818181818182,0.8972528027355244,0.3100569638890999,8.156797046675651,4.213935834305246,0.10072886198759079,1.4899694116681033,45.0,30.0,1.0
0.7603754940711462,0.872066924577558,0.23383462663886823,8.0323601479245,4.152647542795768,0.10072886198759079,2.161369989365958,46.0,30.0,1.0
0.9404704752760442,0.7726687984104077,0.34156666496146276,7.580699752224563,3.9307020582743903,0.10072886198759079,1.300873941322407,47.0,30.0,1.0
0.8715747771541763,0.7039035213577025,0.29915727509078643,7.878912912297132,4.07715044281095,0.10072886198759079,1.8761107986905872,48.0,30.0,1.0
0.9364721057723315,0.802962150997426,0.23147816195017668,7.974188669286011,4.124016146241972,0.10072886198759079,1.3866866471388444,49.0,30.0,1.0
0.958,0.7850521141179182,0.7481534044914635,7.78155595923534,4.029298383983145,0.18473556637763977,1.297101062584968,1.0,31.0,1.0
0.9032258064516129,0.8395843308096664,0.6591334762755168,7.886457270977689,4.080860180035978,0.18473556637763977,1.45279292580532,2.0,31.0,1.0
0.9102822580645161,0.7426915916825225,0.6441967674519989,7.904703913873747,4.089833412811355,0.18473556637763977,1.4779958157251654,3.0,31.0,1.0
0.8531390134529148,0.7739398932894079,0.6555434836458802,7.7336835707759,4.005782930663204,0.18473556637763977,1.5972749554191787,4.0,31.0,1.0
0.8814616755793226,0.6095973177464293,0.5945033219415562,7.590346945602565,3.935433594400668,0.18473556637763977,1.527485906216388,5.0,31.0,1.0
0.845951126018208,0.9714950774842088,0.7581558293815773,8.862625169408922,4.562514644136537,0.18473556637763977,2.4420576433443624,6.0,31.0,1.0
0.9160571229536747,0.7976134901223718,0.23130077658918918,7.875119281040293,4.075285111420519,0.18473556637763977,1.43243614021573,7.0,31.0,1.0
0.9186222558667676,0.7739984898873061,0.613425279302566,7.794823152179389,4.035817076385863,0.18473556637763977,1.4717661947883618,8.0,31.0,1.0
0.7551091907041925,0.9726620485237448,0.645254421687574,8.774467601446593,4.518899580928628,0.18473556637763977,3.277539676491518,9.0,31.0,1.0
0.9167712254286909,0.9078115078385623,0.6560447630325303,8.385944904806284,4.3269365994203595,0.18473556637763977,1.619462674306451,10.0,31.0,1.0
0.857916769268653,0.9104780599077307,0.8185051558919373,8.156223323194624,4.2136531341944234,0.18473556637763977,1.8172451655618935,11.0,31.0,1.0
0.8987816307403936,0.7818626342851247,0.565784356965263,7.964850887447313,4.119421379928851,0.18473556637763977,1.4300583247461343,12.0,31.0,1.0
0.8562244301578025,0.7224291094161424,0.6372677812946318,7.983098940710892,4.128400860969116,0.18473556637763977,1.9247096307814962,13.0,31.0,1.0
0.8749251944943148,0.8167955130539112,0.6680079437637011,7.981049759665957,4.127392439102215,0.18473556637763977,1.6472862869639335,14.0,31.0,1.0
0.8466947960618847,0.7872535945425597,0.8650921634350459,8.010027528481734,4.141654155993281,0.18473556637763977,1.8238302525486636,15.0,31.0,1.0
0.8639338615225629,0.7614003212737545,0.43683620228279013,7.827639546366422,4.05194418011981,0.18473556637763977,1.8286221604129493,16.0,31.0,1.0
0.853566958698373,0.6839572458314692,0.5783989356753356,7.624130585661289,3.952006349022356,0.18473556637763977,1.559923890075859,17.0,31.0,1.0
0.9000942507068803,0.9414429218486667,0.7195235276620715,8.471358655072438,4.369100345867036,0.18473556637763977,1.8740559217048163,18.0,31.0,1.0
0.8775445292620865,0.7716573507360988,0.6825343317860347,7.9229859587111955,4.098825369933336,0.18473556637763977,1.5422518666504226,19.0,31.0,1.0
0.9089225069465885,0.8080797938826062,0.471859047824077,7.987864096085687,4.13074590176717,0.18473556637763977,1.5057958144441743,20.0,31.0,1.0
0.8987467018469657,0.7256411693820758,0.7318174147330528,7.9105906122564775,4.092728620854035,0.18473556637763977,1.4426922923554601,21.0,31.0,1.0
0.8941398865784499,0.7403904290029708,0.6216105321769658,7.951207156472972,4.112708420995504,0.18473556637763977,1.5145521709298575,22.0,31.0,1.0
0.8846931894807822,0.8494724330524822,0.64920319455079,7.872836175025724,4.074162534125263,0.18473556637763977,1.496307191850727,23.0,31.0,1.0
0.798951048951049,0.7957998641043562,0.5873022845297227,8.070906088787819,4.171626393379751,0.18473556637763977,2.4527594064705704,24.0,31.0,1.0
0.9108974358974359,0.7508311498200233,0.6818445786406546,7.952615111650999,4.113401126934453,0.18473556637763977,1.543070634492789,25.0,31.0,1.0
0.954865556978233,0.7211251939669532,0.8302922623206782,8.001019961323651,4.137220646820121,0.18473556637763977,1.2907617015212285,26.0,31.0,1.0
0.8035909787606744,0.8750711270182329,0.5119536729502508,8.208219383496834,4.239278645916705,0.18473556637763977,2.1961414308562053,27.0,31.0,1.0
0.8701523545706371,0.7287333361068757,0.5911243478932866,7.829630389150193,4.0529226906696305,0.18473556637763977,1.6861249587979523,28.0,31.0,1.0
0.9616871704745167,0.8021592525760776,0.4726317071356293,7.914617709040679,4.094709314231851,0.18473556637763977,1.3062726759251686,29.0,31.0,1.0
0.9493348429097085,0.8359754795110546,0.43773257493004586,8.118207049405783,4.194923341990799,0.18473556637763977,1.3830582979666253,30.0,31.0,1.0
0.8915565147019153,0.804692898587148,0.6345919815741218,8.10349427838097,4.187676057805625,0.18473556637763977,1.5440985527989746,31.0,31.0,1.0
0.8163418290854573,0.7645310490573071,0.5781655333305763,7.68662133494462,3.982674945475235,0.18473556637763977,1.9061597944187307,32.0,31.0,1.0
0.7865505854097868,0.36667011343946104,0.6765953879627332,7.8713112033234065,4.073412734459144,0.18473556637763977,1.9440729039608333,33.0,31.0,1.0
0.8560086611331649,0.8163352719930743,0.6018791647061772,7.771910256435763,4.024559531894738,0.18473556637763977,1.671899247210126,34.0,31.0,1.0
0.9004046062869592,0.8120943928111714,0.8010673406555534,7.970394907191429,4.122149340427048,0.18473556637763977,1.6163662216566606,35.0,31.0,1.0
0.9369226708894167,0.7913339321050428,0.7830984246321139,8.174984532943087,4.22289824652882,0.18473556637763977,1.335292504526606,36.0,31.0,1.0
0.8852875754687003,0.6301906341531212,0.656243281720728,7.932721027481948,4.1036140611189245,0.18473556637763977,1.7763613270391143,37.0,31.0,1.0
0.8806024981631153,0.6837823539342133,0.6365940213005912,7.7823903355874595,4.029708324257439,0.18473556637763977,1.5562404165793051,38.0,31.0,1.0
0.861329971635676,0.8334657641330541,0.8351846667504224,7.913521017283895,4.094169909395955,0.18473556637763977,1.5648220541245987,39.0,31.0,1.0
0.8984329657573998,0.8111330904524546,0.5086716720588949,8.038189179973203,4.155517229652984,0.18473556637763977,1.5660465610303471,40.0,31.0,1.0
0.8242715530189246,0.653933913013653,0.6182752053773443,7.917536353943631,4.096144864688463,0.18473556637763977,2.075508822231931,41.0,31.0,1.0
0.9126794258373205,0.6945307175453037,0.7085830155240025,7.736307096548285,4.007071385077183,0.18473556637763977,1.4471331928060032,42.0,31.0,1.0
0.8929316338354577,0.8112335709327341,0.5399868628803077,8.256866848974312,4.263262228095991,0.18473556637763977,1.5463019940063993,43.0,31.0,1.0
0.8700600695542207,0.7451030354034514,0.5835436649875316,7.920446505142607,4.097576270666779,0.18473556637763977,1.4854569332949463,44.0,31.0,1.0
0.9431818181818182,0.8972528027355244,0.6306392129084979,8.156797046675651,4.213935834305246,0.18473556637763977,1.4899694116681033,45.0,31.0,1.0
0.7603754940711462,0.872066924577558,0.5972237707277034,8.0323601479245,4.152647542795768,0.18473556637763977,2.161369989365958,46.0,31.0,1.0
0.9404704752760442,0.7726687984104077,0.6235446566279824,7.580699752224563,3.9307020582743903,0.18473556637763977,1.300873941322407,47.0,31.0,1.0
0.8715747771541763,0.7039035213577025,0.6177404505973337,7.878912912297132,4.07715044281095,0.18473556637763977,1.8761107986905872,48.0,31.0,1.0
0.9364721057723315,0.802962150997426,0.491187135392124,7.974188669286011,4.124016146241972,0.18473556637763977,1.3866866471388444,49.0,31.0,1.0
0.8960606060606061,0.6354269265526585,0.24647842529572536,7.992268643270745,4.13291355562781,0.07293971627950668,1.5813823061388974,1.0,32.0,1.0
0.9019207192480588,0.3832964175344304,0.31437055561840427,7.699842407396986,3.989165647657026,0.07293971627950668,1.367580917336723,2.0,32.0,1.0
0.8447691656077934,0.7857806790234098,0.24790590685285896,8.29154650988391,4.2803644144472175,0.07293971627950668,1.7267740213975815,3.0,32.0,1.0
0.8758082497212932,0.8264778070497913,0.25646194370040776,8.27614021955846,4.272766349433097,0.07293971627950668,1.7413398246222394,4.0,32.0,1.0
0.90625,0.4082496075181453,0.25721003536197806,8.021584533455107,4.147342939556358,0.07293971627950668,1.497016197439798,5.0,32.0,1.0
0.9391602399314481,0.44664622666968357,0.28824036673520376,7.693025748417888,3.9858190087685976,0.07293971627950668,1.2483888086338017,6.0,32.0,1.0
0.9229517091698318,0.5055958465447885,0.30423613132725474,8.132412674500905,4.201921546540685,0.07293971627950668,1.4354498938119793,7.0,32.0,1.0
0.8759929390997352,0.5814768178869475,0.27613078502129673,8.286773231131251,4.2780102479534925,0.07293971627950668,1.5319172652721849,8.0,32.0,1.0
0.9297592454703401,0.5903141582072109,0.31675586119224836,8.228710798793687,4.249380098339341,0.07293971627950668,1.4174256537487815,9.0,32.0,1.0
0.7885314189488611,0.9414154240850859,0.24299244300622475,9.093581811365986,4.676868654202034,0.07293971627950668,2.6084635860401777,10.0,32.0,1.0
0.921760391198044,0.3812424246130933,0.28917010003064514,8.012018239159062,4.142634021485965,0.07293971627950668,1.3877498870287437,11.0,32.0,1.0
0.8092608326253186,0.497515281902513,0.2392738491733845,8.24564690087386,4.257729997069747,0.07293971627950668,1.8915318767089417,12.0,32.0,1.0
0.9248642124321063,0.596366142393464,0.2776308911646067,8.028129059431759,4.15056461742862,0.07293971627950668,1.3447162454059836,13.0,32.0,1.0
0.9345182413470533,0.3495741630310309,0.20606441321146643,8.293299358711323,4.281228932956488,0.07293971627950668,1.29283423201075,14.0,32.0,1.0
0.8567156740593073,0.7686200529845374,0.24020275711837552,8.142936010432265,4.207106183579355,0.07293971627950668,1.715088443171603,15.0,32.0,1.0
0.9186246418338109,0.5671809772563052,0.2705781117150438,8.073091199693154,4.172702438778726,0.07293971627950668,1.304362445104005,16.0,32.0,1.0
0.9052221091895558,0.8242285681225785,0.22923878407939377,8.582980931954241,4.424234818616138,0.07293971627950668,1.5458719375443795,17.0,32.0,1.0
0.8157120439387995,0.8976953682595961,0.24652109706737216,9.026177120302856,4.643481428350296,0.07293971627950668,2.418487915889834,18.0,32.0,1.0
0.8256644188813963,0.4827038595417053,0.28384840161612135,8.33423142973486,4.301419798827036,0.07293971627950668,1.9088751450951946,19.0,32.0,1.0
0.7775445960125918,0.8565127190115926,0.3121125908622504,8.217708406845306,4.243956179170022,0.07293971627950668,1.8839694449740867,20.0,32.0,1.0
0.9136266094420601,0.4473562282257016,0.288321602545616,8.133587417660966,4.202500299568743,0.07293971627950668,1.602139868066986,21.0,32.0,1.0
0.8821428571428571,0.6354394133947662,0.3051759307695962,8.282230063296685,4.27576964123266,0.07293971627950668,1.577140555851954,22.0,32.0,1.0
0.8810829335161069,0.722159887360135,0.3226569868512774,7.85243908535751,4.064134443473435,0.07293971627950668,1.579837219787784,23.0,32.0,1.0
0.9562019391507857,0.41521633350533266,0.34413581867747195,7.95892649305011,4.116506384418954,0.07293971627950668,1.2273362255795561,24.0,32.0,1.0
0.9602498580352072,0.43152245429032193,0.33001220450680024,8.12651816878071,4.199017612839526,0.07293971627950668,1.2264823273371872,25.0,32.0,1.0
0.9151898734177215,0.48893616097966,0.2862207285322625,7.970049304976135,4.121979281828175,0.07293971627950668,1.3628627223974588,26.0,32.0,1.0
0.9308295055390435,0.7682341907586465,0.25457103958359795,8.144969417087875,4.208108047420309,0.07293971627950668,1.3897043751080536,27.0,32.0,1.0
0.9350465970064954,0.6011088404649853,0.2701088934175467,8.10530751550515,4.188569188569777,0.07293971627950668,1.363779625614214,28.0,32.0,1.0
0.938527084601339,0.4323765559541732,0.2567255953777222,8.034306936339489,4.153605950885665,0.07293971627950668,1.303419126815218,29.0,32.0,1.0
0.8548692686623721,0.7411521906626123,0.2840853314538354,8.414717399827001,4.341137369238825,0.07293971627950668,1.7089183210537182,30.0,32.0,1.0
0.9312237649338069,0.31202207878691285,0.2533523898940036,7.9672801789422,4.120616709549829,0.07293971627950668,1.3050719340406052,31.0,32.0,1.0
0.9108856594461201,0.6155754735842967,0.3331366246607871,8.108623268354595,4.190202431207718,0.07293971627950668,1.3789149041732498,32.0,32.0,1.0
0.8892765759478949,0.6096608481430752,0.28028895048265773,8.249052274171293,4.25940904326765,0.07293971627950668,1.4827396633159096,33.0,32.0,1.0
0.928681771369722,0.5890878167654913,0.31275423490303744,8.190908881182514,4.230746375507464,0.07293971627950668,1.4361214610276687,34.0,32.0,1.0
0.9525222551928784,0.480327389288919,0.26712024041997107,8.074337694089515,4.173316275623279,0.07293971627950668,1.2773722938165144,35.0,32.0,1.0
0.9380097879282219,0.6708292366235699,0.28434518960564914,8.300528606199737,4.284794559986611,0.07293971627950668,1.360346369554864,36.0,32.0,1.0
0.856885147324113,0.3038986221972185,0.2665818593921182,7.955425088912672,4.114783642579636,0.07293971627950668,1.5605363400152097,37.0,32.0,1.0
0.9610690235690236,0.48969672240921586,0.26216573618014316,8.426830751335846,4.34711672896764,0.07293971627950668,1.2046460898065388,38.0,32.0,1.0
0.8831478537360891,0.445007702813145,0.2757552862010653,8.111928063310739,4.191830315499902,0.07293971627950668,1.5182024226965956,39.0,32.0,1.0
0.9518701072774717,0.6900920827545197,0.28883367523155334,8.096817470572319,4.184387421316707,0.07293971627950668,1.305396219944118,40.0,32.0,1.0
0.9359223300970874,0.49904123897719743,0.2546215274426704,7.970049304976135,4.121979281828175,0.07293971627950668,1.2812127527254908,41.0,32.0,1.0
0.9546866908337649,0.49474403178436616,0.2955132917871755,8.212839584676484,4.241556096359877,0.07293971627950668,1.2332346859368608,42.0,32.0,1.0
0.958160819350621,0.6982811750476414,0.22825276888137416,8.388905171114706,4.328397530000671,0.07293971627950668,1.2872364172026944,43.0,32.0,1.0
0.913647342995169,0.5916465960544702,0.27555887266251916,8.01532730902172,4.14426284118075,0.07293971627950668,1.4450084286797615,44.0,32.0,1.0
0.8671961173615707,0.6916630513462361,0.2532038484865324,8.276903481267057,4.273142755914942,0.07293971627950668,1.6706886412582538,45.0,32.0,1.0
0.9249299719887956,0.12395855368760147,0.30358294858202584,8.10258642539079,4.187228888826699,0.07293971627950668,1.3508325359696196,46.0,32.0,1.0
0.9136971046770601,0.47298743905850815,0.31741882586486286,8.096512917501594,4.184237418676711,0.07293971627950668,1.4374043954791582,47.0,32.0,1.0
0.8916872427983539,0.8733567199811403,0.23477415377898636,8.59748202264504,4.431400120611864,0.07293971627950668,1.6273867129504989,48.0,32.0,1.0
0.9002057613168725,0.46482136259165274,0.27134472428257655,8.160803920954665,4.215910238829691,0.07293971627950668,1.6266925211407568,49.0,32.0,1.0
0.9011417432470064,0.5313954607877142,0.2965511013644894,8.082402253926244,4.177287809024555,0.07293971627950668,1.4508308634728486,50.0,32.0,1.0
0.9672172808132148,0.432347070375238,0.25744368742501106,8.244596756382498,4.257212222894784,0.08208148926496506,1.1991145918122446,1.0,33.0,1.0
0.8554741181859826,0.6731107756893892,0.3360587898386726,8.225770799348734,4.247930707868928,0.08208148926496506,1.8995842849709983,2.0,33.0,1.0
0.953125,0.8245676117249092,0.26978347017157506,8.428580533059634,4.347980488985582,0.08208148926496506,1.3992006232862753,3.0,33.0,1.0
0.906047516198704,0.7600372132950352,0.2653753380446612,8.118802996980035,4.195216912883046,0.08208148926496506,1.8000323537760927,4.0,33.0,1.0
0.8329197684036393,0.8886827605889415,0.28295377457807835,8.301273485191347,4.285161960753252,0.08208148926496506,1.8135186177306801,5.0,33.0,1.0
0.8651685393258427,0.3681164687713417,0.29199414833594667,7.927685045615778,4.101136809933006,0.08208148926496506,1.599793234001217,6.0,33.0,1.0
0.8308108108108108,0.8209406399969523,0.20072976864312755,8.031060180240619,4.152007573763344,0.08208148926496506,1.825100736782141,7.0,33.0,1.0
0.932436069986541,0.6895938062935945,0.27665621016022235,8.150467911624004,4.210817240426506,0.08208148926496506,1.3722941750001671,8.0,33.0,1.0
0.9443239334779465,0.6907488155926903,0.28776491705687407,7.868254265520613,4.071909724119202,0.08208148926496506,1.271717082644357,9.0,33.0,1.0
0.9399603511753044,0.7375754385512961,0.31441088275753953,8.107720061910534,4.189757534289122,0.08208148926496506,1.3739078770116497,10.0,33.0,1.0
0.9189514914130762,0.7878323173406342,0.27021681840297734,8.02322468471667,4.14815032285476,0.08208148926496506,1.4467690249185825,11.0,33.0,1.0
0.699810904506776,0.6378235963074609,0.2691572398712716,8.398860004454372,4.33331057375021,0.08208148926496506,2.2705193591284516,12.0,33.0,1.0
0.9449987209004861,0.7482695722796527,0.29082123748983507,8.214735833382303,4.242490841352247,0.08208148926496506,1.3845991933057171,13.0,33.0,1.0
0.9084573962622743,0.7111604756568823,0.2826685796063286,7.9617188159813645,4.1178802817190485,0.08208148926496506,1.4003313390870435,14.0,33.0,1.0
0.8646661967576277,0.9589908708817075,0.2105122351738384,9.058121158998672,4.65930281244694,0.08208148926496506,2.2299082748340457,15.0,33.0,1.0
0.8452330055579308,0.8023054682933013,0.2760884283901868,8.282735880201754,4.2760190974454675,0.08208148926496506,1.739679451557959,16.0,33.0,1.0
0.9082303444648961,0.7648846029558909,0.2653038932295385,8.14757773620177,4.209393193189543,0.08208148926496506,1.484331953848235,17.0,33.0,1.0
0.9171402931498653,0.6792531730840319,0.29008540914886916,8.028455164114252,4.150725153353459,0.08208148926496506,1.3219313664795571,18.0,33.0,1.0
0.9247404844290658,0.481453567792795,0.2732084034767443,8.073402968986406,4.172855969206483,0.08208148926496506,1.3515042822178027,19.0,33.0,1.0
0.939618406285073,0.7611412495174867,0.30145068646395107,8.339739766019143,4.3041373513920576,0.08208148926496506,1.3755588125646359,20.0,33.0,1.0
0.9300939720375888,0.8157146748819962,0.28902052063119094,8.308691916838898,4.28882109369585,0.08208148926496506,1.3720223754585752,21.0,33.0,1.0
0.9358584462261542,0.7665231619249468,0.2531934055944112,8.12740456269308,4.199454287743845,0.08208148926496506,1.3231176726670455,22.0,33.0,1.0
0.9171157300487555,0.8109893478458486,0.28411671716756537,8.181720455128108,4.226217859963333,0.08208148926496506,1.4891100600167528,23.0,33.0,1.0
0.9067599067599068,0.7281411856934658,0.35423133051905153,7.909856667269403,4.09236764309706,0.08208148926496506,1.4653565908692041,24.0,33.0,1.0
0.9155810317873893,0.5993380424639219,0.29527030492865125,8.164794804244766,4.217876819527456,0.08208148926496506,1.4204737182568583,25.0,33.0,1.0
0.9373719637108575,0.7494393180447058,0.2725931350021455,8.07215530818825,4.1722415622164855,0.08208148926496506,1.3708144928799169,26.0,33.0,1.0
0.9133646742780389,0.8480860958233329,0.28740303373973497,8.314097335405807,4.291487423373607,0.08208148926496506,1.5181778664543815,27.0,33.0,1.0
0.9045249940772329,0.7993713150069258,0.27132533295356803,8.247743887225516,4.258763928144478,0.08208148926496506,1.4629733248024943,28.0,33.0,1.0
0.8820754716981132,0.600468823047276,0.255900259107598,7.870547844507712,4.073037408897386,0.08208148926496506,1.4747536342211711,29.0,33.0,1.0
0.9241028128031038,0.7497409636264527,0.22584427043032584,8.245909264774093,4.257859356277807,0.08208148926496506,1.4636279657503972,30.0,33.0,1.0
0.9181705040448039,0.6864345478654996,0.2322153718584481,7.990238185720363,4.131914277122726,0.08208148926496506,1.3521402903886286,31.0,33.0,1.0
0.885424091233072,0.9314659095780917,0.24423529086206844,8.511175119090675,4.388762985551295,0.08208148926496506,1.7710810458947652,32.0,33.0,1.0
0.8492665655032878,0.5528338485517962,0.2926413223845754,8.119398589612294,4.195510310191808,0.08208148926496506,1.707277510369137,33.0,33.0,1.0
0.8785790843668657,0.9225287785263838,0.23786535497030337,8.655040258108363,4.459846755806912,0.08208148926496506,1.827214335599717,34.0,33.0,1.0
0.8983402489626556,0.6663914390121357,0.268782186587303,7.8628820346414905,4.069268439971592,0.08208148926496506,1.470898651397792,35.0,33.0,1.0
0.9176995537927616,0.8347495935944478,0.2673148135160995,8.216898580913613,4.243556970387672,0.08208148926496506,1.5212360985218525,36.0,33.0,1.0
0.922791846819024,0.6935988458453978,0.269315060744366,8.002694162283937,4.138044662595112,0.08208148926496506,1.4240538487578702,37.0,33.0,1.0
0.9055793991416309,0.633046218869644,0.3122686736159245,8.242493153187626,4.2561750516271015,0.08208148926496506,1.5419426944102548,38.0,33.0,1.0
0.9416322314049587,0.790811362709158,0.27741114108242426,8.20166019080868,4.236045527664165,0.08208148926496506,1.3558153866184144,39.0,33.0,1.0
0.9236423998102917,0.7515846818748795,0.28223922146700003,8.267705664762426,4.268606933540779,0.08208148926496506,1.4404004274373046,40.0,33.0,1.0
0.8945126534703082,0.8106150161656248,0.26049789599867407,8.18060094759445,4.225666130658416,0.08208148926496506,1.517230560578463,41.0,33.0,1.0
0.9043348281016442,0.6989558261285459,0.2836625980639361,8.197263371414335,4.23387835619776,0.08208148926496506,1.4771630283232497,42.0,33.0,1.0
0.9372463315641586,0.6320873799380381,0.2816946355762156,8.00736706798333,4.1403446501602,0.08208148926496506,1.2781090799143997,43.0,33.0,1.0
0.9661187520966119,0.8180550661067285,0.22550715682470143,7.9658927350845286,4.11993401689495,0.08208148926496506,1.2962423230959506,44.0,33.0,1.0
0.8552466816929627,0.7127481404630976,0.2574619958354883,8.13622555490846,4.203800031194847,0.08208148926496506,1.6538561931488411,45.0,33.0,1.0
0.9196455850901314,0.7929463444336586,0.2532523582788718,8.010027528481734,4.141654155993281,0.08208148926496506,1.429753532521298,46.0,33.0,1.0
0.9458772958186792,0.8660472109597716,0.2878601371941918,8.485083137498004,4.375877396137648,0.08208148926496506,1.4176090082377786,47.0,33.0,1.0
0.8768325617283951,0.9651093662140334,0.24872750494801696,9.115150184972434,4.687554182979987,0.08208148926496506,2.2792168561992296,48.0,33.0,1.0
0.9426034221355859,0.7982838955640595,0.24559354478474904,8.378620541552298,4.323322047892172,0.08208148926496506,1.3504754883238856,49.0,33.0,1.0
0.9334982137949986,0.7509736330324286,0.30978536104377924,8.130942302231878,4.201197154743689,0.08208148926496506,1.466064141224587,50.0,33.0,1.0
0.8255304816436511,0.9024946592088581,0.3450105287301321,7.804659297056102,4.04065043101172,0.09220603108406067,2.1826407026713786,1.0,34.0,1.0
0.7567439659252247,0.5049652771351719,0.28418936512987003,7.3777589082278725,3.831269673013655,0.09220603108406067,2.1415135094713733,2.0,34.0,1.0
0.6826042726347915,0.5685420457840819,0.3401014898290296,7.895436006942965,4.085275528479909,0.09220603108406067,2.778151879560747,3.0,34.0,1.0
0.4962776025236593,0.6522216484619061,0.3346836315049592,8.277411998949004,4.273393535126027,0.09220603108406067,5.282515503763039,4.0,34.0,1.0
0.8425357873210634,0.8253405186313318,0.38696852489562555,7.813187267521416,4.0448412884707965,0.09220603108406067,1.8900771584854672,5.0,34.0,1.0
0.7757692307692308,0.8110461630666352,0.24001527567820766,7.609862200913554,3.9450062848397716,0.09220603108406067,2.079481804743102,6.0,34.0,1.0
0.7544533705902899,0.7502448702057489,0.30326421096962447,7.6783263565068856,3.978603028814077,0.09220603108406067,1.9882325353697834,7.0,34.0,1.0
0.7481348851089227,0.5173204823713036,0.2843871326388533,7.827240901752812,4.051748245967448,0.09220603108406067,2.793378513933415,8.0,34.0,1.0
0.6832955404383976,0.7345378108547516,0.263383737873048,8.416488487294606,4.342011580256552,0.09220603108406067,3.2021319487859,9.0,34.0,1.0
0.8373515653112631,0.911695126351336,0.3286482955039565,7.752764808851328,4.0151546906389255,0.09220603108406067,2.1233209184816118,10.0,34.0,1.0
0.7345825426944972,0.7833549734192565,0.261821343554668,8.038512020976814,4.155676170969685,0.09220603108406067,2.446926205336389,11.0,34.0,1.0
0.8011590003621876,0.7545436591047822,0.29203176313732765,7.70210434005105,3.990276187982986,0.09220603108406067,2.022327413578836,12.0,34.0,1.0
0.648124191461837,0.4061221775809372,0.28361629904688257,7.60339933974067,3.9418359090670445,0.09220603108406067,2.9602888500543596,13.0,34.0,1.0
0.8259325044404974,0.9270040751496126,0.36679995013108974,6.144185634125646,3.232076663767271,0.09220603108406067,1.9498110120050902,14.0,34.0,1.0
0.7724346838318819,0.8368356500613284,0.2981140795515689,7.621195162809845,3.9505661570224513,0.09220603108406067,2.05423689149061,15.0,34.0,1.0
0.7695060844667144,0.5858682235633021,0.2709831165694469,7.67368812926773,3.9763263033318683,0.09220603108406067,2.0278153523152427,16.0,34.0,1.0
0.7821667150740633,0.7785457070593818,0.33976235873197647,7.898782356970309,4.08692119822178,0.09220603108406067,2.0681097295718374,17.0,34.0,1.0
0.7886136004217185,0.766660376517243,0.324314102789655,7.311218384419629,3.798711611274135,0.09220603108406067,2.5047119838372236,18.0,34.0,1.0
0.8006396588486141,0.6735963674481769,0.352765677690839,7.720461694599722,3.99928990791394,0.09220603108406067,2.2380732606797564,19.0,34.0,1.0
0.6988295746502997,0.576653675474881,0.3890881792696519,7.803435056952168,4.0400488334601725,0.09220603108406067,2.552350167626374,20.0,34.0,1.0
0.698399085191538,0.8210394047600351,0.32470536592047683,7.8013913202914855,4.03904454508345,0.09220603108406067,2.685624209799415,21.0,34.0,1.0
0.7772161741835147,0.7986265893100581,0.3261841275693423,7.600902459542082,3.9406111075751062,0.09220603108406067,2.134922925431066,22.0,34.0,1.0
0.8243843358901898,0.8744341789817699,0.3718397760868352,7.622174594817622,3.951046686614643,0.09220603108406067,2.2652307211603424,23.0,34.0,1.0
0.6936836221352711,0.6624147352545054,0.28535683604849865,7.817222785508166,4.0468245468577475,0.09220603108406067,2.7558351454940206,24.0,34.0,1.0
0.888134497251859,0.8024302238747848,0.36567258311867545,7.91862865334224,4.096682126322525,0.09220603108406067,1.5983687006532121,25.0,34.0,1.0
0.6547908232118759,0.4648624607044038,0.3645364895784634,7.794411205726601,4.035614659944518,0.09220603108406067,2.7533720600777536,26.0,34.0,1.0
0.7129824561403508,0.43520535785034764,0.3460373476567417,7.617267813628347,3.9486393615279995,0.09220603108406067,2.4659975077113274,27.0,34.0,1.0
0.8443298969072165,0.8965384534720588,0.1989626256000265,7.80710329012598,4.041851439588047,0.09220603108406067,1.9981002110517412,28.0,34.0,1.0
0.823738680465718,0.9028348252009892,0.26625466143112014,7.843064016692054,4.059525816472134,0.09220603108406067,2.02993405874551,29.0,34.0,1.0
0.7905092592592593,0.8903586109233276,0.24356433569193608,7.6255950721324535,3.9527248772044814,0.09220603108406067,2.2164619365063554,30.0,34.0,1.0
0.6741573033707865,0.6964470238527696,0.3228651736705107,8.064950891749143,4.168693878992029,0.09220603108406067,2.7172617794711864,31.0,34.0,1.0
0.8390858208955224,0.776765363776626,0.2816790701158825,7.495541943884256,3.8889544347237077,0.09220603108406067,1.780183936073299,32.0,34.0,1.0
0.8421404682274247,0.9151414481298489,0.2615810961503504,7.83161727635261,4.053899273132695,0.09220603108406067,1.891608486703216,33.0,34.0,1.0
0.7377873563218391,0.5451937046007547,0.2894539954482468,7.628031126930335,3.9539201119717666,0.09220603108406067,2.3496449008006532,34.0,34.0,1.0
0.8503937007874016,0.84112124777849,0.31608526936076237,7.727094484779842,4.002547057117146,0.09220603108406067,1.811788235313374,35.0,34.0,1.0
0.8123893805309734,0.8527630727545921,0.28286530192760795,7.738923757439457,4.008356497201179,0.09220603108406067,2.087780319164334,36.0,34.0,1.0
0.7187830687830687,0.7690967331899755,0.34549919733637086,7.907651594711089,4.091283130201456,0.09220603108406067,2.9094725236310626,37.0,34.0,1.0
0.7920571173583222,0.6382842129678251,0.24849339653322403,7.4821189235521155,3.8823770612663693,0.09220603108406067,1.93820864655869,38.0,34.0,1.0
0.8951219512195122,0.8712869257729173,0.29445165678819474,7.851661177889265,4.063752023662788,0.09220603108406067,1.6140329552883006,39.0,34.0,1.0
0.7087101380295098,0.7279724024109595,0.3165543255316538,7.999342952713282,4.136395259744875,0.09220603108406067,2.6405425423319975,40.0,34.0,1.0
0.6225264097604523,0.8423424673719384,0.31556651483447584,8.339261982923576,4.303901631944273,0.09220603108406067,4.315388317698534,41.0,34.0,1.0
0.7984746259900264,0.8215847380427221,0.31319777765264517,7.909489492673759,4.092187055612179,0.09220603108406067,2.4604830100529806,42.0,34.0,1.0
0.6780238500851788,0.7383394769562928,0.3491252813726907,7.596392304064196,3.938398800146399,0.09220603108406067,2.787565906727492,43.0,34.0,1.0
0.645130865361943,0.5203261657448978,0.25853896263252385,7.914617709040679,4.094709314231851,0.09220603108406067,2.836887350904525,44.0,34.0,1.0
0.7258435582822086,0.6643462483645615,0.3003629752175593,7.546446273746024,3.9139056363975504,0.09220603108406067,2.3825078191216806,45.0,34.0,1.0
0.7570179475379659,0.7679457141354102,0.2960386925606958,7.406103381237015,3.8451452985630663,0.09220603108406067,2.1080786416125523,46.0,34.0,1.0
0.7735274204468517,0.8775676010689073,0.3191152254959046,7.734558844354756,4.006212787909061,0.09220603108406067,2.8322928030555508,47.0,34.0,1.0
0.8477231329690346,0.7594232635224144,0.26309006108939276,7.752764808851328,4.0151546906389255,0.09220603108406067,1.7589627467179474,48.0,34.0,1.0
0.9316239316239316,0.8665987043119556,0.26101156799153963,7.869783902530146,4.072661798941805,0.09220603108406067,1.4916229306428532,49.0,34.0,1.0
0.8448729184925504,0.6607547614363523,0.37125654300437455,7.564757012905729,3.9228837581059137,0.09220603108406067,1.718095372579326,50.0,34.0,1.0
0.8845968131337518,0.7732702611586736,0.2717815769016771,7.513709247839705,3.8978579008785372,0.09220603108406067,1.5379753790892678,51.0,34.0,1.0
0.8214285714285714,0.7517862069743743,0.2603508531848248,7.4798641311650265,3.881272281530613,0.09220603108406067,1.8445654501606905,52.0,34.0,1.0
0.8393574297188755,0.8951627530975667,0.3616352944023001,7.907651594711089,4.091283130201456,0.09220603108406067,1.769892368952659,53.0,34.0,1.0
0.6733310742121315,0.5750218720607236,0.27872222092964244,7.59488438721652,3.937659162027085,0.09220603108406067,2.6973677672341014,54.0,34.0,1.0
0.8950480413895048,0.3236243368419194,0.30385801480252606,7.792761720816526,4.034804166342605,0.07516036927700043,1.4384521369252268,1.0,35.0,1.0
0.9304741608950453,0.8352703441236647,0.2894744076724595,8.158802490694002,4.214924018441944,0.07516036927700043,1.538463349536888,2.0,35.0,1.0
0.8940650925335035,0.839681692617921,0.2588758437925897,8.343791731996841,4.306136462046835,0.07516036927700043,1.577347588849131,3.0,35.0,1.0
0.960723912206392,0.8466002668739251,0.2850457568549639,8.515391569469609,4.390845480218541,0.07516036927700043,1.383049882311358,4.0,35.0,1.0
0.8690909090909091,0.6682308244469981,0.26783832987011663,8.041734711487537,4.157262789429838,0.07516036927700043,1.5434121983854998,5.0,35.0,1.0
0.7527685492801772,0.8165177440663187,0.29900597497512577,8.60135049942296,4.433311719905522,0.07516036927700043,2.3906941279753937,6.0,35.0,1.0
0.8665620094191523,0.7650750554641566,0.2820288957646354,8.105609402299896,4.188717887522412,0.07516036927700043,1.744069727183122,7.0,35.0,1.0
0.7530017152658662,0.7197845082532895,0.30152357031574634,8.281977058867758,4.275644866110251,0.07516036927700043,2.3223361801636284,8.0,35.0,1.0
0.9023739663910376,0.8076779349239913,0.28522698217023584,8.126813720726114,4.199163213842388,0.07516036927700043,1.5465188575546716,9.0,35.0,1.0
0.8380455270407423,0.9354353851425027,0.259443465796323,8.662331957082475,4.463451145855745,0.07516036927700043,1.9429492073500014,10.0,35.0,1.0
0.8961999489926039,0.8333938364656666,0.26821362761719547,8.164794804244766,4.217876819527456,0.07516036927700043,1.53854374056426,11.0,35.0,1.0
0.8210726150925487,0.7012988464375615,0.288160819968433,8.149312843635345,4.210248111803022,0.07516036927700043,1.8962369781907429,12.0,35.0,1.0
0.9182504556105181,0.7245616557078838,0.2996171303723892,8.168486417126681,4.219695978753479,0.07516036927700043,1.4663824899552866,13.0,35.0,1.0
0.8922124806601341,0.6047321890653592,0.2792525723022655,8.149312843635345,4.210248111803022,0.07516036927700043,1.4493993301308512,14.0,35.0,1.0
0.8908748824082785,0.8028405846897309,0.26570549366453744,8.239857411018601,4.254875532865163,0.07516036927700043,1.5522217740514832,15.0,35.0,1.0
0.9384191176470589,0.6864291785429433,0.2553951659216975,8.027476530860483,4.1502433896264055,0.07516036927700043,1.2783735090268955,16.0,35.0,1.0
0.8933021806853583,0.7443781399022408,0.30259379819928295,7.738488122494646,4.008142543213311,0.07516036927700043,1.4076092497733679,17.0,35.0,1.0
0.9083494312084138,0.79929524809493,0.2596555151150012,8.350666240520924,4.309528245594201,0.07516036927700043,1.6178205592236212,18.0,35.0,1.0
0.9295505259802359,0.7928701251396038,0.2473406597993855,7.978310969867722,4.1260446790013505,0.07516036927700043,1.3655546648630688,19.0,35.0,1.0
0.9644970414201184,0.768930505757791,0.25804806281169235,8.185071477532283,4.227869377467758,0.07516036927700043,1.2748172740404244,20.0,35.0,1.0
0.930635838150289,0.8248690644932867,0.2860884066276856,8.21716859576607,4.2436900756578835,0.07516036927700043,1.4512159006028493,21.0,35.0,1.0
0.8941497273177987,0.6805676544191095,0.3193204542853778,8.190908881182514,4.230746375507464,0.07516036927700043,1.4377220192363804,22.0,35.0,1.0
0.938608842579555,0.7495126769366486,0.26442466136225745,8.111928063310739,4.191830315499902,0.07516036927700043,1.398534159502515,23.0,35.0,1.0
0.8761751275852807,0.8420611504840729,0.35672243328979025,8.09040229659332,4.181227802844389,0.07516036927700043,1.5794787898956089,24.0,35.0,1.0
0.9172272594325827,0.7921019918661418,0.3150800185690438,8.051022208190679,4.161835491917713,0.07516036927700043,1.413604233968,25.0,35.0,1.0
0.8133601879825445,0.8836775176385926,0.2959585808632583,8.486115235845377,4.37638706176679,0.07516036927700043,2.033581784962933,26.0,35.0,1.0
0.7975579975579976,0.7432439776726272,0.28750692692499774,8.09162741160107,4.181831188258942,0.07516036927700043,1.8131903123368613,27.0,35.0,1.0
0.88374336710082,0.36959305266574227,0.3145845258049453,8.206583614320753,4.238472338512498,0.07516036927700043,1.8513894281255512,28.0,35.0,1.0
0.9727193365342646,0.853417906741173,0.27837917285009156,8.402455513945814,4.335085154418441,0.07516036927700043,1.3387162795660992,29.0,35.0,1.0
0.8219771934784658,0.9710529892471637,0.24743181783471463,9.07371849443322,4.667028780174933,0.07516036927700043,2.4977856056246184,30.0,35.0,1.0
0.8797482580355136,0.8376754156757357,0.25290617274173555,8.272570608424903,4.271006002769334,0.07516036927700043,1.633181525173523,31.0,35.0,1.0
0.9325554923164485,0.6801200952365597,0.28492051304107374,8.094988759303774,4.183486724475762,0.07516036927700043,1.3061848325057208,32.0,35.0,1.0
0.9717764250138351,0.7514388935718656,0.2958912495577574,8.164225652265827,4.2175963560844485,0.07516036927700043,1.2115811218930854,33.0,35.0,1.0
0.8492424242424242,0.7844706066733141,0.29805813039522866,8.120886021092838,4.196243045383959,0.07516036927700043,1.6196195400062807,34.0,35.0,1.0
0.9216883461640563,0.8272989808116572,0.27085349773291834,8.152774052744075,4.211953543334821,0.07516036927700043,1.4434319248360543,35.0,35.0,1.0
0.8894991922455574,0.6824701638081315,0.30658569839501904,7.9208096792886,4.097754906198614,0.07516036927700043,1.4462489318627945,36.0,35.0,1.0
0.9474468878121506,0.8359583781479725,0.2196529473424704,8.53405030848266,4.400061616962418,0.07516036927700043,1.3578619732278223,37.0,35.0,1.0
0.8951394029114237,0.8775991822493149,0.2658467664170178,8.19671240721307,4.233606793233867,0.07516036927700043,1.6657912186556545,38.0,35.0,1.0
0.9444115907746895,0.7638022976883899,0.26776548987926707,8.069342366811636,4.170856358098669,0.07516036927700043,1.338485540857655,39.0,35.0,1.0
0.8684034736138945,0.4194396008257617,0.34995447625432946,7.8636512654486515,4.069646629041805,0.07516036927700043,1.5219726268083458,40.0,35.0,1.0
0.7101542416452442,0.9730261980213809,0.36630240908857886,9.087155271405804,4.673684982422476,0.07516036927700043,2.887656449069008,41.0,35.0,1.0
0.815750053498823,0.8475931528653599,0.316322653562941,8.246171559857563,4.257988681786813,0.07516036927700043,2.0208812807601264,42.0,35.0,1.0
0.8477583313354111,0.6890118630922821,0.3085429923272972,8.17103418920548,4.220951501875383,0.07516036927700043,1.6490480993614272,43.0,35.0,1.0
0.8788491795909193,0.8656799693713244,0.22363113558718745,8.271548374755515,4.270501898045305,0.07516036927700043,1.6404555647911647,44.0,35.0,1.0
0.7195170229612035,0.4306616017276458,0.3147851354407474,8.19863945529737,4.234556614291371,0.07516036927700043,2.177475428439854,45.0,35.0,1.0
0.8222627737226277,0.8518762578083183,0.32123751450524884,8.413387022690648,4.340480699804409,0.07516036927700043,1.8327923948412932,46.0,35.0,1.0
0.9519210130929384,0.8712410712144542,0.264491231356998,8.397508348470257,4.332643468019465,0.07516036927700043,1.4029439649980577,47.0,35.0,1.0
0.9072342519685039,0.8587220883522614,0.2860740927324794,8.212839584676484,4.241556096359877,0.07516036927700043,1.654945630911816,48.0,35.0,1.0
0.8939149165320409,0.599552338046572,0.28100568851648533,8.108021221376747,4.189905877589816,0.07516036927700043,1.5484199041349243,49.0,35.0,1.0
0.8615384615384616,0.8773762618485355,0.28066189928018354,8.525359754082631,4.395768951721166,0.07516036927700043,1.7959504965927908,50.0,35.0,1.0
0.9184549356223176,0.3070030270206632,0.3994175189273401,5.3706380281276624,2.8625873288802732,0.09640464931726456,1.212946712299085,1.0,36.0,1.0
0.779891304347826,0.6100881479663653,0.282291432272152,5.662960480135946,3.001513299195731,0.09640464931726456,1.7354041615463998,2.0,36.0,1.0
0.848,0.5339847125786397,0.3377836020789222,5.3612921657094255,2.8581612277327575,0.09640464931726456,1.3641505598346486,3.0,36.0,1.0
0.8373983739837398,0.823828506750335,0.21909330819769404,6.246106765481563,3.2811742778131374,0.09640464931726456,1.9160418742843761,4.0,36.0,1.0
0.7376425855513308,0.7305589028145163,0.2803696303695411,6.368187186350492,3.340094090992502,0.09640464931726456,2.5774239487130104,5.0,36.0,1.0
0.699502487562189,0.758651102663159,0.2926291377403606,6.556778356158042,3.431338903949881,0.09640464931726456,2.8848027865977475,6.0,36.0,1.0
0.8956043956043956,0.5670736065619325,0.37397617416511303,5.099866427824199,2.734768780787326,0.09640464931726456,1.1544229023124226,7.0,36.0,1.0
0.7896341463414634,0.5598693866301182,0.22816862057013146,5.560681631015528,2.95280097813573,0.09640464931726456,1.594620855179424,8.0,36.0,1.0
0.7762237762237763,0.4407134166814094,0.3416297423266155,5.8111409929767,3.0722759846910446,0.09640464931726456,2.0307422155592803,9.0,36.0,1.0
0.8322147651006712,0.8112524552604568,0.3539173601021787,5.517452896464707,2.9322456199783513,0.09640464931726456,1.574167532877005,10.0,36.0,1.0
0.8154761904761905,0.7478690609917227,0.28146362287228727,5.616771097666572,2.9795011941353966,0.09640464931726456,1.5421897055756468,11.0,36.0,1.0
0.7954545454545454,0.7777147710406913,0.2939487023937342,5.755742213586912,3.045795129144854,0.09640464931726456,1.8510008221519347,12.0,36.0,1.0
0.8963963963963963,0.6140253204451888,0.28743612750571756,5.298317366548036,2.8283631889982583,0.09640464931726456,1.2405772754976454,13.0,36.0,1.0
0.8405466970387244,0.6405743537283168,0.32992086242984753,5.91350300563827,3.121283105238069,0.09640464931726456,1.4984098339334142,14.0,36.0,1.0
0.9096989966555183,0.6544547252954475,0.3304860666977581,5.60947179518496,2.976024646048169,0.09640464931726456,1.317742743305634,15.0,36.0,1.0
0.7808641975308642,0.6347474482177095,0.32956797147745676,5.537334267018537,2.9416967689887894,0.09640464931726456,1.7004437395193222,16.0,36.0,1.0
0.8109339407744874,0.6173846545807783,0.3342108996116762,5.877735781779639,3.104147817354147,0.09640464931726456,1.6285515929674141,17.0,36.0,1.0
0.8865248226950354,0.44430047902880976,0.35743148844237366,5.5254529391317835,2.9360481460402674,0.09640464931726456,1.3154052690743419,18.0,36.0,1.0
0.8554216867469879,0.43774360432614257,0.30633707801528615,5.652489180268651,2.996521148598113,0.09640464931726456,1.4739072960748711,19.0,36.0,1.0
0.8624161073825504,0.5888215198042179,0.3793107538124645,5.552959584921617,2.9491276624177987,0.09640464931726456,1.486367905516354,20.0,36.0,1.0
0.8358778625954199,0.2840204011947767,0.3594180119170302,5.393627546352361,2.873479142517127,0.09640464931726456,1.4902899852684108,21.0,36.0,1.0
0.7910447761194029,0.7104954185382548,0.36395979782519894,5.918893854273146,3.1238667774048077,0.09640464931726456,1.8556497072554052,22.0,36.0,1.0
0.7594108019639935,0.2996387485713921,0.30463285009563873,6.142037405587356,3.231042751474132,0.09640464931726456,2.1097295571925545,23.0,36.0,1.0
0.8179551122194514,0.4609484336247865,0.3468122874873134,5.796057750765372,3.0650631622973936,0.09640464931726456,1.6523706849257616,24.0,36.0,1.0
0.8161073825503355,0.746743918922225,0.33258405889297654,6.411818267709897,3.361180110251783,0.09640464931726456,1.9211639538552936,25.0,36.0,1.0
0.743202416918429,0.6657247757650319,0.36074758558927106,5.5093883366279774,2.928413127337617,0.09640464931726456,1.9064834886361184,26.0,36.0,1.0
0.7442244224422442,0.7545073125371862,0.25127113022118674,6.113682179832232,3.2173994642586936,0.09640464931726456,2.5649660193786743,27.0,36.0,1.0
0.7910798122065728,0.28008150904958323,0.2879519128165738,5.823045895483019,3.0779704761968443,0.09640464931726456,1.7977911090858758,28.0,36.0,1.0
0.899390243902439,0.6768676197013324,0.3288475865541451,5.69035945432406,3.0145809480811034,0.09640464931726456,1.2794667774120962,29.0,36.0,1.0
0.7903682719546742,0.5321184155276759,0.3194934646733875,5.634789603169249,2.9880855085731093,0.09640464931726456,1.7697123858353507,30.0,36.0,1.0
0.8036303630363036,0.8329768449321504,0.2829365421917437,6.1903154058531475,3.254287669250494,0.09640464931726456,1.9889146509068996,31.0,36.0,1.0
0.7601078167115903,0.8643736006330852,0.2785611951491822,6.336825731146441,3.324946824918697,0.09640464931726456,2.577335483935072,32.0,36.0,1.0
0.82421875,0.5711016059240199,0.3129138808958305,5.356586274672012,2.855932944936758,0.09640464931726456,1.5302623196430558,33.0,36.0,1.0
0.9536423841059603,0.7358287558494645,0.3375277107453249,5.666426688112432,3.003166047426715,0.09640464931726456,1.109083098791497,34.0,36.0,1.0
0.9047619047619048,0.6245567781225764,0.3100392443715536,5.43372200355424,2.892489058363821,0.09640464931726456,1.307812561810345,35.0,36.0,1.0
0.8037383177570093,0.4671170869978968,0.3419361711540028,5.84354441703136,3.0877787618435875,0.09640464931726456,1.6394130798604605,36.0,36.0,1.0
0.9306930693069307,0.8970774739979052,0.30218594951676137,6.154858094016418,3.237213748997611,0.0918852686882019,1.377047794777401,1.0,37.0,1.0
0.9548872180451128,0.7558185254617074,0.3165521863552396,5.541263545158426,2.9435651603027786,0.0918852686882019,1.0984834888205217,2.0,37.0,1.0
0.9120879120879121,0.8469967947207206,0.3354740615918938,5.521460917862246,2.934150599309053,0.0918852686882019,1.316561597448291,3.0,37.0,1.0
0.8790849673202614,0.7705907610586152,0.27502140528711283,5.598421958998375,2.970762833670308,0.0918852686882019,1.3092801554328715,4.0,37.0,1.0
0.9452054794520548,0.5849273154693907,0.2581788956872057,5.337538079701318,2.846916040033857,0.0918852686882019,1.0885756086839595,5.0,37.0,1.0
0.8208409506398537,0.8160164296217332,0.2686852182268748,6.1092475827643655,3.2152663537569754,0.0918852686882019,1.7545587360159798,6.0,37.0,1.0
0.9198717948717948,0.8579294125722023,0.33647838194296775,5.662960480135946,3.001513299195731,0.0918852686882019,1.3337303614039553,7.0,37.0,1.0
0.9568965517241379,0.7030592456649821,0.33773889399033746,5.8111409929767,3.0722759846910446,0.0918852686882019,1.1367721927507026,8.0,37.0,1.0
0.8307543520309478,0.9423869099556574,0.31933382641606356,6.756932389247553,3.5284562242384374,0.0918852686882019,1.9491952134354522,9.0,37.0,1.0
0.9616858237547893,0.6046653455509997,0.32694391893927494,5.529429087511423,2.9379383183474608,0.0918852686882019,1.04660988825278,10.0,37.0,1.0
0.9583333333333334,0.8094862256817684,0.2992590930753583,5.703782474656201,3.0209856940038846,0.0918852686882019,1.1900969531757208,11.0,37.0,1.0
0.963076923076923,0.7392576926343678,0.29392873762507843,5.749392985908253,3.0427620955781656,0.0918852686882019,1.1007387397397148,12.0,37.0,1.0
0.9296875,0.6585308891587336,0.30307518777958536,5.476463551931511,2.91277372451585,0.0918852686882019,1.181958634625743,13.0,37.0,1.0
0.8676293622141997,0.9589006539964344,0.2523109555856418,6.582025138892826,3.4435736579940515,0.0918852686882019,2.0028983829509364,14.0,37.0,1.0
0.947075208913649,0.7934544858929382,0.2825271213238399,5.831882477283517,3.0821981755735477,0.0918852686882019,1.1836015778957556,15.0,37.0,1.0
0.9253246753246753,0.4111955477015942,0.2745793362529779,5.655991810819852,2.998190888656356,0.0918852686882019,1.1874527693843988,16.0,37.0,1.0
0.9003690036900369,0.6874141307509334,0.2522665103528092,5.501258210544727,2.9245501886414424,0.0918852686882019,1.2707266993769442,17.0,37.0,1.0
0.9471890971039182,0.9072504832982047,0.26597581327517383,6.322565239927284,3.3180616975800703,0.0918852686882019,1.382558090767786,18.0,37.0,1.0
0.9054878048780488,0.7666603291129106,0.31079936772266054,5.697093486505405,3.0177938398431716,0.0918852686882019,1.2708508395170655,19.0,37.0,1.0
0.896797153024911,0.6019765002913937,0.3510680059250813,5.53338948872752,2.9398211737233946,0.0918852686882019,1.2910710655577924,20.0,37.0,1.0
0.9227941176470589,0.7621309939272511,0.2827254697685047,5.529429087511423,2.9379383183474608,0.0918852686882019,1.2108188331799115,21.0,37.0,1.0
0.935251798561151,0.766845280165037,0.2865014498627921,5.968707559985366,3.147753676731401,0.0918852686882019,1.2363405300662162,22.0,37.0,1.0
0.9481268011527377,0.8167687469903324,0.2941972840125877,5.799092654460526,3.0665142789978814,0.0918852686882019,1.199679674369973,23.0,37.0,1.0
0.84,0.7001408448675657,0.24603052984180057,5.53338948872752,2.9398211737233946,0.0918852686882019,1.5447379945810107,24.0,37.0,1.0
0.9444444444444444,0.7956066974669966,0.30827316933754334,5.60947179518496,2.976024646048169,0.0918852686882019,1.2273347380982997,25.0,37.0,1.0
0.9217877094972067,0.573055566127614,0.24383154517402686,5.802118375377063,3.0679610941199775,0.0918852686882019,1.2077278924483554,26.0,37.0,1.0
0.8738601823708206,0.9368767481237786,0.3312521673385162,6.3561076606958915,3.334258894875057,0.0918852686882019,1.6991889913692257,27.0,37.0,1.0
0.8518518518518519,0.48861082382426024,0.32306677248132026,5.6240175061873385,2.9829530981877586,0.0918852686882019,1.4580599147991191,28.0,37.0,1.0
0.9527777777777777,0.7681327715907074,0.2669381349562492,5.840641657373398,3.0863895830282515,0.0918852686882019,1.1619539490027906,29.0,37.0,1.0
0.9443037974683545,0.7068299541012774,0.2954618742073041,5.924255797414532,3.126436863496589,0.0918852686882019,1.1511555503849125,30.0,37.0,1.0
0.957983193277311,0.3536796125316515,0.23730301057155917,5.43372200355424,2.892489058363821,0.0918852686882019,1.0508146587591767,31.0,37.0,1.0
0.9272727272727272,0.6819053345266236,0.288452215969829,5.545177444479562,2.9454264031731636,0.0918852686882019,1.1470651545088386,32.0,37.0,1.0
0.9225352112676056,0.5276839204933041,0.3157471537607029,5.572154032177765,2.9582594772777395,0.0918852686882019,1.20189726428752,33.0,37.0,1.0
0.953125,0.6696001979775946,0.28472732628347514,5.214935757608986,2.788980541848176,0.0918852686882019,1.1145783089242844,34.0,37.0,1.0
0.8793103448275862,0.8655577773427089,0.2700862751545234,6.5722825426940075,3.438851795443043,0.0918852686882019,1.569519940222112,35.0,37.0,1.0
0.9330453563714903,0.8066509473763496,0.25194584480255167,6.07073772800249,3.1967496595577645,0.0918852686882019,1.2948377610961352,36.0,37.0,1.0
0.9124797406807131,0.9466068830183115,0.26631501954077663,6.335054251498059,3.324091447428883,0.0918852686882019,1.795609384581298,37.0,37.0,1.0
0.9135802469135802,0.5782777588329147,0.277531076770189,5.6937321388027,3.0161900410920905,0.0918852686882019,1.2714252234927355,38.0,37.0,1.0
0.7810526315789473,0.5214454086056106,0.3342529942055975,5.918893854273146,3.1238667774048077,0.0925508514046669,1.92643290297013,1.0,38.0,1.0
0.8399014778325123,0.7497891291147095,0.3290570980855483,5.834810737062605,3.0835993128074524,0.0925508514046669,1.5576280565239247,2.0,38.0,1.0
0.8125,0.3060706454371388,0.3547622256311238,5.82600010738045,3.0793837807874476,0.0925508514046669,1.738903612195832,3.0,38.0,1.0
0.8893617021276595,0.4654461838515255,0.3005260088407775,5.3471075307174685,2.851445441348,0.0925508514046669,1.3087158759889792,4.0,38.0,1.0
0.823943661971831,0.6291816444606718,0.3072641260491684,5.863631175598097,3.0973939182078127,0.0925508514046669,1.5974695753075003,5.0,38.0,1.0
0.8588469184890656,0.4963359337749068,0.2874473527507895,6.07073772800249,3.1967496595577645,0.0925508514046669,1.5095997004967026,6.0,38.0,1.0
0.9555555555555556,0.5104707568458512,0.31540602485039204,5.153291594497779,2.7599184194313575,0.0925508514046669,1.02073549215538,7.0,38.0,1.0
0.854066985645933,0.7313743857643711,0.3123849466519353,5.8805329864007,3.1054874638185948,0.0925508514046669,1.4367554691816478,8.0,38.0,1.0
0.8577405857740585,0.6761066761274253,0.3474658476933971,5.327876168789581,2.842343945079886,0.0925508514046669,1.426837143413433,9.0,38.0,1.0
0.9173553719008265,0.4693024691641072,0.31980349564575533,5.8111409929767,3.0722759846910446,0.0925508514046669,1.2201729993919532,10.0,38.0,1.0
0.8982758620689655,0.8943600065602544,0.2363212892897601,6.257667587882639,3.2867487829667077,0.0925508514046669,1.5194700533139687,11.0,38.0,1.0
0.9590443686006825,0.6938764713085667,0.3252494073646612,5.641907070938114,2.9914773142196367,0.0925508514046669,1.1403208560035147,12.0,38.0,1.0
0.8592592592592593,0.8167962253826375,0.27172521656505494,5.4510384535657,2.9007048223163214,0.0925508514046669,1.3662672196688723,13.0,38.0,1.0
0.835820895522388,0.4119181870127657,0.3449524833723084,5.638354669333745,2.9897843636388495,0.0925508514046669,1.533503643905616,14.0,38.0,1.0
0.882703777335984,0.7765955915409107,0.2686733218546998,6.09807428216624,3.2098925725250473,0.0925508514046669,1.4687997085913862,15.0,38.0,1.0
0.8857868020304569,0.6162684167637609,0.3065893509727314,5.857933154483459,3.09466599198655,0.0925508514046669,1.306589255148115,16.0,38.0,1.0
0.8127962085308057,0.6208947417649011,0.3391192909694645,5.840641657373398,3.0863895830282515,0.0925508514046669,1.602620821975662,17.0,38.0,1.0
0.8795811518324608,0.7465346182617465,0.34682901831292146,5.820082930352362,3.0765530684378692,0.0925508514046669,1.3571418156151558,18.0,38.0,1.0
0.9088729016786571,0.803357332728071,0.3333977385177471,5.940171252720432,3.1340670235501786,0.0925508514046669,1.3862748387939197,19.0,38.0,1.0
0.9318181818181818,0.4845929067761037,0.3199111960019322,5.662960480135946,3.001513299195731,0.0925508514046669,1.137189919072411,20.0,38.0,1.0
0.868,0.5090802145248506,0.35267934602957773,5.384495062789089,2.8691517013481738,0.0925508514046669,1.260468286090768,21.0,38.0,1.0
0.8821752265861027,0.42716131932866097,0.3510076074531368,5.680172609017068,3.00972154874075,0.0925508514046669,1.3369642060051277,22.0,38.0,1.0
0.8796296296296297,0.661711043379726,0.35818252990867205,5.942799375126701,3.1353272180420215,0.0925508514046669,1.414420748225281,23.0,38.0,1.0
0.8347639484978541,0.5391964202825963,0.3209659537471038,5.966146739123692,3.146525145745436,0.0925508514046669,1.654844422153756,24.0,38.0,1.0
0.8656126482213439,0.6348789525128203,0.3998776892801612,5.393627546352361,2.873479142517127,0.0925508514046669,1.383231972059224,25.0,38.0,1.0
0.927536231884058,0.8936459998883044,0.30015727580536194,5.771441123130016,3.0532962245824553,0.0925508514046669,1.3543814363365243,26.0,38.0,1.0
0.8287292817679558,0.25581025634472254,0.3237625167079802,5.707110264748875,3.022573818272304,0.0925508514046669,1.5534499259877177,27.0,38.0,1.0
0.8407079646017699,0.7381522271331328,0.29386869628171114,5.942799375126701,3.1353272180420215,0.0925508514046669,1.659225998960053,28.0,38.0,1.0
0.916955017301038,0.680834168816162,0.3142693955626023,5.583496308781699,2.963657433055631,0.0925508514046669,1.2503339544587564,29.0,38.0,1.0
0.8816568047337278,0.8173675841247835,0.27819122052381723,5.700443573390686,3.0193923792804047,0.0925508514046669,1.4274453734759076,30.0,38.0,1.0
0.8466898954703833,0.7647923926797968,0.26388090394606756,5.497168225293202,2.922607149012939,0.0925508514046669,1.5008654481037733,31.0,38.0,1.0
0.8626609442060086,0.39588284445530086,0.3429472297202211,5.308267697401205,2.8330683747600656,0.0925508514046669,1.2695434902288911,32.0,38.0,1.0
0.9172932330827067,0.7564703488091413,0.25802877228642185,5.501258210544727,2.9245501886414424,0.0925508514046669,1.241507384758074,33.0,38.0,1.0
0.8808664259927798,0.6620466410506303,0.2703529527181274,5.501258210544727,2.9245501886414424,0.0925508514046669,1.3724258132577063,34.0,38.0,1.0
0.8319783197831978,0.5707669272281081,0.31881014161615867,5.730099782973575,3.0335481634840415,0.0925508514046669,1.5746538749164896,35.0,38.0,1.0
0.8160377358490566,0.7924467523012931,0.22526285347449332,5.849324779946859,3.090545319982543,0.0925508514046669,1.662173979501027,36.0,38.0,1.0
0.7988668555240793,0.6317253589787754,0.3645466852468622,5.645446897643238,2.993164401484698,0.0925508514046669,1.678003369629257,37.0,38.0,1.0
0.8404907975460123,0.6341532560131905,0.36269867209643813,5.616771097666572,2.9795011941353966,0.0925508514046669,1.4687026878998426,38.0,38.0,1.0
0.8445378151260504,0.836608719559422,0.35330676065876265,5.998936561946683,3.1622602639907784,0.0925508514046669,1.5189807265042212,39.0,38.0,1.0
0.8333333333333334,0.375563202523927,0.31583555834723437,5.673323267171493,3.0064548212072264,0.0925508514046669,1.4434126623629768,40.0,38.0,1.0
0.8264150943396227,0.750550827174016,0.26420107791728914,6.0844994130751715,3.2033652131088193,0.0925508514046669,1.9370320700994654,41.0,38.0,1.0
0.8442822384428224,0.5207781655708941,0.3318594233138963,5.8522024797744745,3.091922743965858,0.0925508514046669,1.5088232226644112,42.0,38.0,1.0
0.8217054263565892,0.6732416564791097,0.347581644618576,5.765191102784844,3.0503096117785278,0.0925508514046669,1.6702866895429511,43.0,38.0,1.0
0.868020304568528,0.4833345528256478,0.3764871788410282,5.83773044716594,3.0849964409545847,0.0925508514046669,1.404717941570117,44.0,38.0,1.0
0.8691860465116279,0.7705947556305706,0.3533857118351678,5.703782474656201,3.0209856940038846,0.0925508514046669,1.3774422615956528,45.0,38.0,1.0
0.851764705882353,0.6793294373641368,0.24382980228264545,5.8944028342648505,3.1121311440517316,0.0925508514046669,1.4254882944664016,46.0,38.0,1.0
0.845771144278607,0.3801572856233908,0.3469608508641277,5.831882477283517,3.0821981755735477,0.0925508514046669,1.539887230189855,47.0,38.0,1.0
0.8585526315789473,0.6161620567541272,0.384542170889688,5.568344503761097,2.9564467719424368,0.0925508514046669,1.3732797937897796,48.0,38.0,1.0
0.8353808353808354,0.5386877938047361,0.29415103020671945,5.831882477283517,3.0821981755735477,0.0925508514046669,1.57150247269424,49.0,38.0,1.0
0.9408866995073891,0.5046327048589926,0.27001736112550606,5.948034989180646,3.1378379036506057,0.07285412400960922,1.138934862754328,1.0,39.0,1.0
0.9233576642335767,0.736150938004502,0.31780163586560717,5.537334267018537,2.9416967689887894,0.07285412400960922,1.2012471427990425,2.0,39.0,1.0
0.8990384615384616,0.3422141203124269,0.2691874290199486,5.926926025970411,3.1277168565226234,0.07285412400960922,1.2732073054297504,3.0,39.0,1.0
0.9033816425120773,0.6352363756096969,0.253109363529717,5.926926025970411,3.1277168565226234,0.07285412400960922,1.2812071775245577,4.0,39.0,1.0
0.9221902017291066,0.4302594219900772,0.2967061648658835,5.771441123130016,3.0532962245824553,0.07285412400960922,1.2284470732400066,5.0,39.0,1.0
0.9228130360205832,0.6857051156299215,0.30874041386945605,6.289715570908998,3.3022076251803294,0.07285412400960922,1.2317416279984035,6.0,39.0,1.0
0.9117647058823529,0.4808492358945406,0.34505264137410974,6.144185634125646,3.232076663767271,0.07285412400960922,1.285479724370829,7.0,39.0,1.0
0.9263157894736842,0.4571004980131911,0.3071083489952709,5.579729825986222,2.9618647580378745,0.07285412400960922,1.1384463935711118,8.0,39.0,1.0
0.9363207547169812,0.3928588659729632,0.2679949407670038,5.986452005284438,3.156268052106129,0.07285412400960922,1.1738916317287533,9.0,39.0,1.0
0.9395833333333333,0.7158976348101457,0.21188310219559972,6.113682179832232,3.2173994642586936,0.07285412400960922,1.2158986368451759,10.0,39.0,1.0
0.9127725856697819,0.3253653337545744,0.22985701857329968,5.683579767338681,3.0113467377374623,0.07285412400960922,1.2447450644683173,11.0,39.0,1.0
0.9311475409836065,0.6978808560919688,0.2907363977602432,5.652489180268651,2.996521148598113,0.07285412400960922,1.1879637348062382,12.0,39.0,1.0
0.9435626102292769,0.6610728970498239,0.29293764831605434,6.284134161070802,3.2995147517041805,0.07285412400960922,1.2005543865655046,13.0,39.0,1.0
0.8869936034115139,0.4033940344988606,0.27677304156123195,6.0330862217988015,3.1786582129639043,0.07285412400960922,1.3556685083461497,14.0,39.0,1.0
0.9483695652173914,0.32888913781843065,0.2979569697769095,5.857933154483459,3.09466599198655,0.07285412400960922,1.1076725236963736,15.0,39.0,1.0
0.9225181598062954,0.3659415811850707,0.3037488476319699,5.945420608606575,3.1365841725049277,0.07285412400960922,1.2576679380424791,16.0,39.0,1.0
0.8869257950530035,0.6435318072411973,0.20589163505088107,6.220590170099739,3.2688743066769077,0.07285412400960922,1.4634634773868396,17.0,39.0,1.0
0.9244791666666666,0.7278638943451993,0.25507123880555277,5.87493073085203,3.102804487185762,0.07285412400960922,1.2255580776680381,18.0,39.0,1.0
0.8812664907651715,0.6135123703886913,0.2673875263392506,5.814130531825066,3.0737058470444705,0.07285412400960922,1.361645479578398,19.0,39.0,1.0
0.9018691588785047,0.4543999320185335,0.3202386571038223,5.958424693029782,3.1428209247966743,0.07285412400960922,1.298240443752833,20.0,39.0,1.0
0.9069767441860465,0.619148453385038,0.26238807270392145,5.6131281063880705,2.977766022716529,0.07285412400960922,1.2320182042567258,21.0,39.0,1.0
0.952914798206278,0.6703223961080952,0.25769199427775386,6.054439346269371,3.1889167998345416,0.07285412400960922,1.1588013443661185,22.0,39.0,1.0
0.926984126984127,0.7449412004212453,0.33511157354006016,5.680172609017068,3.00972154874075,0.07285412400960922,1.2061519240117893,23.0,39.0,1.0
0.9285714285714286,0.7384921521134853,0.25586088420820097,6.478509642208569,3.3934385919057464,0.07285412400960922,1.341261083982796,24.0,39.0,1.0
0.8794212218649518,0.5572676402078023,0.28029965633784515,6.306275286948016,3.3101986870821287,0.07285412400960922,1.3926475057605918,25.0,39.0,1.0
0.9258064516129032,0.5589173705511471,0.27707406729690376,5.662960480135946,3.001513299195731,0.07285412400960922,1.1458234051170224,26.0,39.0,1.0
0.9427480916030534,0.45993786698480504,0.30455848642857547,5.5134287461649825,2.9303331491791136,0.07285412400960922,1.112750894610632,27.0,39.0,1.0
0.9083191850594228,0.7542670422905793,0.23642763841490863,6.284134161070802,3.2995147517041805,0.07285412400960922,1.3030746727465705,28.0,39.0,1.0
0.9284064665127021,0.3800454391380737,0.26662656416586905,5.998936561946683,3.1622602639907784,0.07285412400960922,1.199434842601553,29.0,39.0,1.0
0.9067524115755627,0.6345253127084683,0.23925671759225703,5.645446897643238,2.993164401484698,0.07285412400960922,1.267210296102692,30.0,39.0,1.0
0.8651162790697674,0.5916086143530894,0.22274420366406136,6.326149473155099,3.3197920555363356,0.07285412400960922,1.5624009042810347,31.0,39.0,1.0
0.8852459016393442,0.6442018472414142,0.3073380006467216,5.783825182329737,3.059215159942047,0.07285412400960922,1.3516457452583848,32.0,39.0,1.0
0.8618925831202046,0.6202164042555901,0.29997494728838275,5.823045895483019,3.0779704761968443,0.07285412400960922,1.4255594540563206,33.0,39.0,1.0
0.946949602122016,0.6245383103477761,0.24875414481983169,5.8805329864007,3.1054874638185948,0.07285412400960922,1.1504349540880292,34.0,39.0,1.0
0.9366754617414248,0.4788761448946421,0.3022421056948312,5.87493073085203,3.102804487185762,0.07285412400960922,1.1569162777730322,35.0,39.0,1.0
0.8893939393939394,0.7911701352231396,0.24779234542947348,6.376726947898627,3.344220033059043,0.07285412400960922,1.4060284475374762,36.0,39.0,1.0
0.9128787878787878,0.6727518909943649,0.3001373313681882,5.488937726156687,2.9186976166432883,0.07285412400960922,1.2332070913433726,37.0,39.0,1.0
0.9388560157790927,0.3557632079200527,0.28387516840624966,6.1675164908883415,3.2433079930090707,0.07285412400960922,1.2053637733157276,38.0,39.0,1.0
0.9294478527607362,0.6411441038113044,0.29770684495961625,5.717027701406222,3.0273073859067696,0.07285412400960922,1.1335957649530268,39.0,39.0,1.0
0.9205298013245033,0.36368616331862125,0.21064973608591167,6.035481432524756,3.1798087326686115,0.07285412400960922,1.2449429085467825,40.0,39.0,1.0
0.9182389937106918,0.6597620523327882,0.24238234702036093,6.371611847231857,3.3417486306479462,0.07285412400960922,1.2797631693961704,41.0,39.0,1.0
0.9357798165137615,0.3566426816859938,0.2692033750806088,6.013715156042802,3.169355355606696,0.07285412400960922,1.1922385131125652,42.0,39.0,1.0
0.9307692307692308,0.6656947298900753,0.30245320658618235,5.493061443340548,2.9206563127707246,0.07285412400960922,1.139629526343408,43.0,39.0,1.0
0.8764044943820225,0.6867929381490264,0.3257405428746926,5.459585514144159,2.9047611858976925,0.07285412400960922,1.3798519207037814,44.0,39.0,1.0
0.8562300319488818,0.5111444816256687,0.22801912377615433,5.594711379601839,2.968996182651891,0.07285412400960922,1.3845119214242374,45.0,39.0,1.0
0.8503937007874016,0.8267908581629063,0.34782491165557833,5.37989735354046,2.866973427027827,0.07285412400960922,1.3914344810313586,46.0,39.0,1.0
0.8675213675213675,0.6795390269945626,0.28721163517687426,6.008813185442595,3.1670017395333008,0.07285412400960922,1.4004064691793838,47.0,39.0,1.0
0.912109375,0.5030414648599041,0.2802384339694102,6.148468295917647,3.2341379656877605,0.07285412400960922,1.2728175974893052,48.0,39.0,1.0
0.9195402298850575,0.7849013649674879,0.2935975762816839,5.771441123130016,3.0532962245824553,0.07285412400960922,1.2575766765142402,49.0,39.0,1.0
0.916955017301038,0.5296704423332469,0.2614480816194568,6.274762021241939,3.2949935195029982,0.07285412400960922,1.376265297695158,50.0,39.0,1.0
0.9206730769230769,0.557840799808945,0.26124075843030803,5.950642552587727,3.139088428061438,0.07285412400960922,1.2059137272079319,51.0,39.0,1.0
0.8675078864353313,0.6978257175201901,0.34527435765884296,5.62040086571715,2.9812302046644343,0.07285412400960922,1.3588758016861158,52.0,39.0,1.0
0.9002433090024331,0.47807220416323726,0.2805809882713516,5.916202062607435,3.122576648603987,0.07285412400960922,1.3007912687965624,53.0,39.0,1.0
0.9631901840490797,0.5760797783024004,0.28927713855622283,6.156978985585555,3.238234734370268,0.07285412400960922,1.1022106005605274,54.0,39.0,1.0
0.9242424242424242,0.7088757113318418,0.3394363812573918,6.059123195581797,3.1911675782799995,0.07285412400960922,1.2587350920974398,55.0,39.0,1.0
0.896414342629482,0.6802142687389019,0.24718607578641355,6.111467339502679,3.2163340703086214,0.07285412400960922,1.3644838867418652,56.0,39.0,1.0
0.9283154121863799,0.46148733707505435,0.24128211706336464,5.560681631015528,2.95280097813573,0.07285412400960922,1.1696054126678381,57.0,39.0,1.0
0.9538904899135446,0.5345723220428327,0.2613462901918345,5.805134968916488,3.0694036332450274,0.07285412400960922,1.1336635668816542,58.0,39.0,1.0
0.8886255924170616,0.5960346236357671,0.2447919851561457,5.929589143389895,3.128993506456731,0.07285412400960922,1.3363221634362494,59.0,39.0,1.0
0.9125,0.5303026274123102,0.3197912321653586,6.238324625039508,3.277422425243829,0.07285412400960922,1.3037293762864188,60.0,39.0,1.0
0.9230769230769231,0.19239180029324712,0.20566457599969462,5.8888779583328805,3.109484502806863,0.07285412400960922,1.2471375718873656,61.0,39.0,1.0
0.9154471544715447,0.7680229713425599,0.21055973525077035,6.335054251498059,3.324091447428883,0.07285412400960922,1.3828560377776724,62.0,39.0,1.0
0.9156626506024096,0.5832683457967118,0.27475671484736947,5.720311776607412,3.0288750842692833,0.07285412400960922,1.2292462021831636,63.0,39.0,1.0
0.9090909090909091,0.7055613444132601,0.2561353405884208,5.739792912179234,3.0381768875019994,0.07285412400960922,1.3593392343046196,64.0,39.0,1.0
0.9260969976905312,0.5970613063071031,0.25744393425878326,5.996452088619021,3.1610676795726267,0.07285412400960922,1.2388935689623821,65.0,39.0,1.0
0.8814432989690721,0.3389907031753167,0.23405504996895493,5.83773044716594,3.0849964409545847,0.07285412400960922,1.3454478581418732,66.0,39.0,1.0
0.7923211169284468,0.3146957220300954,0.3295826725154546,6.12029741895095,3.220581811519655,0.07285412400960922,1.6744800504214143,67.0,39.0,1.0
0.9345991561181435,0.4501653851133967,0.28977741540225227,6.095824562432225,3.208810703734761,0.07285412400960922,1.1718762818600643,68.0,39.0,1.0
0.9193083573487032,0.441497465568568,0.27729954996301076,5.768320995793772,3.051805203465507,0.07285412400960922,1.2167899961819089,69.0,39.0,1.0
0.9274809160305344,0.6261742304097813,0.2462269149292457,5.497168225293202,2.922607149012939,0.07285412400960922,1.1997227550984761,70.0,39.0,1.0
0.9085872576177285,0.5024978056711716,0.2849060218734424,5.796057750765372,3.0650631622973936,0.07285412400960922,1.2269040746480395,71.0,39.0,1.0
0.8720112517580872,0.6207986325645962,0.27864217906002564,6.431331081933479,3.370614959631608,0.07285412400960922,1.4993924726125267,72.0,39.0,1.0
0.9232035106966539,0.5523528286687442,0.24017351421068187,7.428927194802272,3.8563212525320614,0.0835084468126297,1.3233647015077408,1.0,40.0,1.0
0.866056416962451,0.9093013508341582,0.24496906340244268,8.441822884391462,4.354517732078336,0.0835084468126297,2.007784333225187,2.0,40.0,1.0
0.8945054945054945,0.863234903822053,0.25126549242089025,6.0112671744041615,3.168179962863699,0.0835084468126297,1.4359589130756925,3.0,40.0,1.0
0.7515468824369348,0.7349983695820048,0.33773644740837916,7.365180126021013,3.8251131974652615,0.0835084468126297,2.1809037849548027,4.0,40.0,1.0
0.7331902718168812,0.8543330746328196,0.31719895295685063,6.933423025730715,3.614311067464667,0.0835084468126297,2.175511853900678,5.0,40.0,1.0
0.7880496054114995,0.6773238487807489,0.17902672042324322,7.243512974665482,3.765607006803103,0.0835084468126297,2.101116996397739,6.0,40.0,1.0
0.8516865079365079,0.5213019983619623,0.2742690332357362,7.4489161025442,3.866111154073103,0.0835084468126297,1.8308139164392347,7.0,40.0,1.0
0.8831754623364908,0.4655228372902445,0.2935589614356652,7.580189417944541,3.930451772934037,0.0835084468126297,1.6395825548347598,8.0,40.0,1.0
0.9017590441420511,0.8184470537917008,0.31883361880066646,7.907651594711089,4.091283130201456,0.0835084468126297,1.6213159055642452,9.0,40.0,1.0
0.815742397137746,0.3678996010716538,0.2899327411746794,7.221835825288449,3.7550130624969054,0.0835084468126297,1.897529149187807,10.0,40.0,1.0
0.7263071895424836,0.5042410135154398,0.2786093083976485,7.483806687665835,3.8832040302675246,0.0835084468126297,2.4368549295454365,11.0,40.0,1.0
0.850887573964497,0.5325272479806241,0.254610029293135,7.271703706887368,3.7793879664731787,0.0835084468126297,1.7606087589487769,12.0,40.0,1.0
0.8892988929889298,0.6900194941368888,0.2427566974869075,7.095064377287131,3.693109247254341,0.0835084468126297,1.63543526687695,13.0,40.0,1.0
0.8835820895522388,0.5999895660111961,0.22790244502399543,7.636752112435779,3.9581992251421356,0.0835084468126297,1.5803833921499404,14.0,40.0,1.0
0.9233110164333537,0.6134097371023207,0.30280974133024624,7.325148957955575,3.805525929104564,0.0835084468126297,1.339241442317121,15.0,40.0,1.0
0.8553016988869362,0.46442750273849803,0.2608590057026678,7.2868764117507,3.786806829620553,0.0835084468126297,1.5469358823070738,16.0,40.0,1.0
0.7524590163934426,0.8383247388156754,0.2951189210305253,7.228388451573604,3.7582151634116907,0.0835084468126297,2.29470615049592,17.0,40.0,1.0
0.85743484925907,0.5756729240557519,0.24512048623114843,7.425953657077541,3.854865079261356,0.0835084468126297,1.6489480723082022,18.0,40.0,1.0
0.887584928968499,0.7907088546427395,0.24282051349402228,7.271008538280992,3.7790480849100034,0.0835084468126297,1.4766818336802658,19.0,40.0,1.0
0.7683596431022649,0.8879678830901129,0.20749099859534634,8.4071550862073,4.337404711336169,0.0835084468126297,2.8188393739456736,20.0,40.0,1.0
0.9296615792966157,0.5872891612406248,0.2998752566573594,7.2456550675945355,3.7666540153102472,0.0835084468126297,1.2718770700905904,21.0,40.0,1.0
0.8571428571428571,0.8853459309320243,0.2596828833051846,7.301822342137932,3.7941159818097447,0.0835084468126297,1.7102627155365153,22.0,40.0,1.0
0.8292891807022552,0.5531463118524401,0.29534097980004775,7.974532844130228,4.124185507917785,0.0835084468126297,2.200438034261332,23.0,40.0,1.0
0.7795698924731183,0.9033837959706248,0.3509700358327375,7.057036981697891,3.6745576247576572,0.0835084468126297,2.1280098055580283,24.0,40.0,1.0
0.9002890173410405,0.7930207603331128,0.32625012401303444,6.436150368369428,3.3729456275283662,0.0835084468126297,1.3095847867296568,25.0,40.0,1.0
0.9040404040404041,0.9020216146791631,0.3510717452193893,6.2878585601617845,3.301311641968339,0.0835084468126297,1.4456462152030873,26.0,40.0,1.0
0.8440481128162588,0.5290626258884203,0.2705922027120273,7.618742377670413,3.9493627887953138,0.0835084468126297,1.8771218160147036,27.0,40.0,1.0
0.7611248454882571,0.854201319916758,0.31701868372635894,7.80954132465341,4.043049544567567,0.0835084468126297,2.8031581941158272,28.0,40.0,1.0
0.8633383761976803,0.7212790702344061,0.2520775017312158,7.44600149832412,3.8646835569636395,0.0835084468126297,1.7035127784188615,29.0,40.0,1.0
0.8987252124645893,0.4772140039627813,0.24553960147583628,7.146772179452637,3.7183479780556903,0.0835084468126297,1.4504118754437214,30.0,40.0,1.0
0.8955588091752075,0.6116162365341613,0.27010734437051337,7.515344571180436,3.898659419581411,0.0835084468126297,1.3903408012400835,31.0,40.0,1.0
0.8422671353251318,0.5380666076295746,0.2439220104006736,7.559038255443384,3.9200795707363882,0.0835084468126297,1.8191334472380118,32.0,40.0,1.0
0.8821966341895483,0.45099838072771575,0.24215503237197616,7.597396320212795,3.938891279050507,0.0835084468126297,1.527453679736717,33.0,40.0,1.0
0.9390537289494787,0.55207091082557,0.2852884925736381,7.759187438507795,4.018309514931267,0.0835084468126297,1.3010729046132257,34.0,40.0,1.0
0.8381578947368421,0.7760302895945922,0.27992836054199055,6.45833828334479,3.3836782341808753,0.0835084468126297,1.543488740710588,35.0,40.0,1.0
0.8597014925373134,0.7115067434164605,0.19899649813319834,7.273092595999522,3.7800670291871015,0.0835084468126297,1.5224869787745323,36.0,40.0,1.0
0.9179548156956004,0.9363021327077171,0.3231953358487677,6.650279048587422,3.4766724042649155,0.0835084468126297,1.7665652484122774,37.0,40.0,1.0
0.8849516797054763,0.3875952578166809,0.29409992807787205,7.562161631225652,3.921611096464774,0.0835084468126297,1.5861901402099134,38.0,40.0,1.0
0.9439252336448598,0.5347783742184021,0.31423526841807264,7.388327859577107,3.8364430825406437,0.0835084468126297,1.1987641522174008,39.0,40.0,1.0
0.9288816503800217,0.6142128652887628,0.3165948055591997,7.445417556701687,3.864397542510906,0.0835084468126297,1.356977755311899,40.0,40.0,1.0
0.8098776223776224,0.42253479993096327,0.28104918962831965,7.5251007461258,3.9034414607428483,0.0835084468126297,1.8566218821595653,41.0,40.0,1.0
0.8742774566473989,0.37539124908373017,0.20463116895018585,7.099201743553092,3.695128154143606,0.0835084468126297,1.463108356017152,42.0,40.0,1.0
0.9472196041470311,0.7471968141192583,0.3173620650233566,7.606387389772652,3.9433016824723666,0.0835084468126297,1.2978051156508965,43.0,40.0,1.0
0.809048806555041,0.2950934026100368,0.27766298881608126,7.7284157798410416,4.0031959249436415,0.0835084468126297,1.9022430918616196,44.0,40.0,1.0
0.9353256021409456,0.3812692824397979,0.37202761922544203,7.6487397889562425,3.9640817529944505,0.0835084468126297,1.6053919205066136,45.0,40.0,1.0
0.8998005982053838,0.5643668744709032,0.27509548934495465,7.498869733976931,3.890585207503873,0.0835084468126297,1.4969530828083206,46.0,40.0,1.0
0.8199513381995134,0.7671465313018256,0.31531127458889885,7.430114138561801,3.856902523680176,0.0835084468126297,2.05803523172264,47.0,40.0,1.0
0.8778437190900099,0.36788097074923704,0.279174370566464,7.4821189235521155,3.8823770612663693,0.0835084468126297,1.5182473657022733,48.0,40.0,1.0
0.922440537745605,0.37935606364852203,0.2630063622747209,7.487173694213739,3.8848538334097658,0.0835084468126297,1.3615518503222794,49.0,40.0,1.0
0.8665024630541872,0.69582479318257,0.27003131784720424,7.473069088032197,3.8779430639649464,0.0835084468126297,1.7116173560152348,50.0,40.0,1.0
0.8533541341653667,0.4234905757718486,0.26428143644536023,7.914252278742441,4.094529577817114,0.0835084468126297,2.089900175736082,51.0,40.0,1.0
0.8904428904428905,0.8649753695529324,0.2502384931185694,7.332369205929062,3.8090581971038375,0.0835084468126297,1.4720779814959235,52.0,40.0,1.0
0.8992878942014242,0.6879291973598837,0.2588039233138005,7.478169694159785,3.8804420748880797,0.08477865159511566,1.3646761256269095,1.0,41.0,1.0
0.873380693689929,0.834197646816622,0.28272610652248253,7.645397699428633,3.9624416767770145,0.08477865159511566,1.5286165214322744,2.0,41.0,1.0
0.9620194534506716,0.7298932558400947,0.23842360928342157,7.639161171659173,3.9593813344268094,0.08477865159511566,1.1904078992261664,3.0,41.0,1.0
0.910801393728223,0.9227616948124493,0.2155433377072326,7.869019376499024,4.072285904160156,0.08477865159511566,1.6753840959539132,4.0,41.0,1.0
0.8828618968386023,0.9535242121797185,0.24079075861567295,8.576781982827894,4.4211719678158685,0.08477865159511566,2.0872886545074825,5.0,41.0,1.0
0.8924018357980622,0.8351936519124659,0.22222363764132377,7.467942332285852,3.875431366865498,0.08477865159511566,1.537558718912394,6.0,41.0,1.0
0.8528610354223434,0.8640426527823796,0.24693485089704467,7.692569648067906,3.985595093479109,0.08477865159511566,1.611040463219134,7.0,41.0,1.0
0.894592744695414,0.6761370920635881,0.2854540616604679,7.176254532017144,3.7327450606704984,0.08477865159511566,1.3829376371697855,8.0,41.0,1.0
0.9169533169533169,0.6600308340615559,0.2460150041666647,7.532088143541722,3.906866644844551,0.08477865159511566,1.3509346829969793,9.0,41.0,1.0
0.8977528089887641,0.7975918169744097,0.26023818063458554,7.377133712833954,3.8309636628024917,0.08477865159511566,1.4770926896633132,10.0,41.0,1.0
0.9026955950032873,0.7171552142676568,0.25723749287522973,7.2254814727822945,3.7567945688258675,0.08477865159511566,1.3448291514913362,11.0,41.0,1.0
0.9106382978723404,0.8136500228966667,0.3043752016993204,7.44600149832412,3.8646835569636395,0.08477865159511566,1.4243921759504417,12.0,41.0,1.0
0.9169295478443743,0.8104774627048882,0.28687075787246014,7.4645098346365275,3.8737497902373628,0.08477865159511566,1.3540913827057437,13.0,41.0,1.0
0.9592209373097992,0.561493975910942,0.267997838078075,7.3632795869630385,3.824183079385989,0.08477865159511566,1.166332974958656,14.0,41.0,1.0
0.9119850187265918,0.6863975805170175,0.273190761786789,7.575071699507561,3.9279419350413725,0.08477865159511566,1.43458508333576,15.0,41.0,1.0
0.9631384939441812,0.7847324661867137,0.27014054583798525,7.512071245835466,3.8970550819031744,0.08477865159511566,1.264335560347157,16.0,41.0,1.0
0.9262072707542051,0.7481711556764334,0.2924278435800389,7.443078374348515,3.8632518282092256,0.08477865159511566,1.3345553482227968,17.0,41.0,1.0
0.894593366651522,0.7688391415338087,0.31118042091206044,7.585788821732034,3.933197976574785,0.08477865159511566,1.5715942964111218,18.0,41.0,1.0
0.9549819927971188,0.6656500090565329,0.26314353520155837,7.3727463664043285,3.82881627273152,0.08477865159511566,1.2185198746438646,19.0,41.0,1.0
0.9089563286454478,0.745785929068332,0.29612909623912054,7.113956109566034,3.702328616911824,0.08477865159511566,1.3810038405236194,20.0,41.0,1.0
0.9256916996047431,0.2291350778822835,0.26295970710583066,7.066466970136958,3.6791572615334536,0.08477865159511566,1.291182643220971,21.0,41.0,1.0
0.9004424778761062,0.7862797589508862,0.2547339163104858,7.618742377670413,3.9493627887953138,0.08477865159511566,1.4595594900904478,22.0,41.0,1.0
0.9094781682641108,0.8379719649611828,0.246937797413717,7.443663683115591,3.8635385056430382,0.08477865159511566,1.525581365033991,23.0,41.0,1.0
0.9386004514672687,0.7619018300531898,0.3258350753412594,7.640123172695364,3.9598533891263163,0.08477865159511566,1.3666103178987874,24.0,41.0,1.0
0.917607223476298,0.6918887960065249,0.27749130542093087,7.394493107219038,3.8394611745579574,0.08477865159511566,1.3800490533005398,25.0,41.0,1.0
0.907394609536973,0.9088742187175819,0.1961060976971184,7.87359778968554,4.07453700908921,0.08477865159511566,1.603985221800333,26.0,41.0,1.0
0.9386138613861386,0.8396056911127014,0.2772187277262605,7.771067086065406,4.024145307912366,0.08477865159511566,1.3461086522672674,27.0,41.0,1.0
0.8640500568828214,0.7593418973309649,0.20752802170128276,7.326465613840322,3.8061700396522067,0.08477865159511566,1.4954290622111934,28.0,41.0,1.0
0.9300168634064081,0.6438242435122027,0.3274670834737107,7.00669522683704,3.650011312737855,0.08477865159511566,1.308429118956438,29.0,41.0,1.0
0.8972999035679846,0.8267910033182867,0.274182769493155,7.529406457837013,3.9055520701534405,0.08477865159511566,1.4681756908893926,30.0,41.0,1.0
0.8223350253807107,0.8611563764046815,0.26870534566742516,7.573017256052546,3.926934426013954,0.08477865159511566,1.741620366293258,31.0,41.0,1.0
0.9158031088082902,0.8853817959600934,0.2782665543097076,7.660114319173928,3.9696639892211723,0.08477865159511566,1.5209025156115947,32.0,41.0,1.0
0.8724075743913435,0.8364042236029807,0.25199869651872436,7.568379267836522,3.9246600052478233,0.08477865159511566,1.5936480668460615,33.0,41.0,1.0
0.9698492462311558,0.41036221722024685,0.33203698784924707,6.363028103540465,3.337601780062446,0.08477865159511566,1.0629078422863856,34.0,41.0,1.0
0.9167420814479638,0.8290233841815571,0.2856481815684547,7.614312146452,3.94718932829407,0.08477865159511566,1.4285673357487878,35.0,41.0,1.0
0.8497560975609756,0.8949577106961362,0.3317702343126948,7.463363045520021,3.873187992206501,0.08477865159511566,1.7466634500778069,36.0,41.0,1.0
0.9072769953051644,0.7452408478934135,0.26830763869423835,7.344072850573066,3.8147843840306193,0.08477865159511566,1.5483607930941927,37.0,41.0,1.0
0.9396386005382545,0.8981881300362748,0.2802420194570378,7.801800401908972,4.03924556564616,0.08477865159511566,1.4609545567452629,38.0,41.0,1.0
0.8823743627093955,0.8105343750146758,0.2891685544738692,7.793174347189205,4.035006914054295,0.08477865159511566,1.6901492714807875,39.0,41.0,1.0
0.9572463768115942,0.7391095565563731,0.29878870140834735,7.186901020411631,3.7379452204209143,0.08477865159511566,1.2209819211249782,40.0,41.0,1.0
0.9731404958677686,0.537696523453072,0.3783929106247806,6.156978985585555,3.238234734370268,0.08477865159511566,1.0639507670670774,41.0,41.0,1.0
0.9534380075798592,0.7492356818904374,0.2601642108683872,7.474204806496124,3.878499491530375,0.08477865159511566,1.2773055966642652,42.0,41.0,1.0
0.943609022556391,0.7853655086556359,0.2331139482178642,7.471932078245122,3.8773860099293604,0.08477865159511566,1.386977460039062,43.0,41.0,1.0
0.9671140939597316,0.813231146803096,0.32198712739842045,7.273786317844895,3.780406210980705,0.08477865159511566,1.2600552920302968,44.0,41.0,1.0
0.8673637864611998,0.9104357922795582,0.3000641360629416,7.3632795869630385,3.824183079385989,0.08477865159511566,1.7766848251374348,45.0,41.0,1.0
0.8784606322403299,0.9572324877287378,0.21767156855857395,8.406261630708956,4.336963725287187,0.08477865159511566,2.1202724064907272,46.0,41.0,1.0
0.91733690795353,0.850338584385691,0.2930453780660431,7.627544390488503,3.9536812957165717,0.08477865159511566,1.437123497263332,47.0,41.0,1.0
0.901025641025641,0.7102829709908777,0.3230129814133776,7.471932078245122,3.8773860099293604,0.08477865159511566,1.4448765978066294,48.0,41.0,1.0
0.9197572488199596,0.6804691698495651,0.23966543322537254,7.21890970761906,3.7535832179646555,0.08477865159511566,1.3440482322056075,49.0,41.0,1.0
0.911460895228726,0.775348153060573,0.25947040575815394,7.5251007461258,3.9034414607428483,0.08477865159511566,1.4099760469360882,50.0,41.0,1.0
0.940032414910859,0.850289704783665,0.27597405061700675,7.972810784121404,4.12333812055999,0.08477865159511566,1.5278798501234596,51.0,41.0,1.0
0.8979430379746836,0.8873295161787442,0.3085210153816226,7.7279755421055585,4.002979730086727,0.08477865159511566,1.5347713989572245,52.0,41.0,1.0
0.8624192059095106,0.8110807786235095,0.29161309200921054,7.533158807455563,3.9073914986072165,0.09021811187267303,1.6433752936966848,1.0,42.0,1.0
0.9723422644770959,0.7358666350920267,0.2564347232853714,7.026426808699636,3.6596305404822433,0.09021811187267303,1.158618690449194,2.0,42.0,1.0
0.9144893111638955,0.6006904199119716,0.3254400428172421,7.340186835320115,3.8128830143675003,0.09021811187267303,1.3443709258685714,3.0,42.0,1.0
0.8676680972818311,0.42680683539627484,0.2907945596192607,7.101675971619444,3.6963355473186357,0.09021811187267303,1.63529441867731,4.0,42.0,1.0
0.9451476793248945,0.6076676801092384,0.25092260531773136,7.358193752733032,3.821694176975532,0.09021811187267303,1.2705637611321856,5.0,42.0,1.0
0.8627766599597585,0.7344798941650259,0.2726850182030727,7.6708948313621175,3.97495522736794,0.09021811187267303,2.0429561012574777,6.0,42.0,1.0
0.9077794951056156,0.8156785760511791,0.25297301011613343,7.47477218239787,3.8787774708279668,0.09021811187267303,1.5027181526491857,7.0,42.0,1.0
0.8342857142857143,0.36859581060321694,0.29450538395454967,7.2868764117507,3.786806829620553,0.09021811187267303,1.7569337808734555,8.0,42.0,1.0
0.9030511811023622,0.6737563215246006,0.28495245512410816,7.515344571180436,3.898659419581411,0.09021811187267303,1.470208997017294,9.0,42.0,1.0
0.8729526339088092,0.8771928094502393,0.2886151259896635,7.587310506022615,3.9339443048226097,0.09021811187267303,1.7307102213567387,10.0,42.0,1.0
0.9237233354880414,0.3239203292286355,0.27957285757069145,7.265429723253953,3.7763205847620416,0.09021811187267303,1.3304548184102716,11.0,42.0,1.0
0.9285714285714286,0.7692965871473015,0.3246188885691595,7.229113877793302,3.7585696747880215,0.09021811187267303,1.3467275039664184,12.0,42.0,1.0
0.8452030606238964,0.5583040585879269,0.2871672736130681,7.270312886079025,3.7787079694463377,0.09021811187267303,1.7650482899896351,13.0,42.0,1.0
0.9228379078197825,0.5578328915998422,0.3298264976173472,7.48605261786314,3.884304510008342,0.09021811187267303,1.3722358166015212,14.0,42.0,1.0
0.9312875250166778,0.34862718977872365,0.29525656043521503,7.242082359256962,3.764907766633896,0.09021811187267303,1.3455849207681478,15.0,42.0,1.0
0.9481946624803768,0.636516397158419,0.3016352447378952,7.097548850614793,3.694321581827031,0.09021811187267303,1.1972229747230978,16.0,42.0,1.0
0.8262285375962107,0.9173556521575458,0.3094215067162872,7.934513463882263,4.1044958027834015,0.09021811187267303,1.9464356185371061,17.0,42.0,1.0
0.9171455938697318,0.6837032679479685,0.26275304090084606,7.557994958530806,3.9195680073243304,0.09021811187267303,1.6046828143065917,18.0,42.0,1.0
0.9468629961587708,0.8357073069480937,0.28541902225677057,7.299797366758161,3.793125620717647,0.09021811187267303,1.3844596635557636,19.0,42.0,1.0
0.9113070539419087,0.8142206634738882,0.2669070993027792,7.471932078245122,3.8773860099293604,0.09021811187267303,1.5273940676350757,20.0,42.0,1.0
0.8859315589353612,0.45014358637325763,0.4030224454860661,7.5310163320779155,3.9063412338964807,0.09021811187267303,1.829210668883665,21.0,42.0,1.0
0.9672131147540983,0.8101529705450855,0.29813368709009325,7.661527081358517,3.9703573651443707,0.09021811187267303,1.2762947680964856,22.0,42.0,1.0
0.9024064171122995,0.46119963151216314,0.3172278166192183,7.208600337960199,3.7485459214365795,0.09021811187267303,1.4368143857885085,23.0,42.0,1.0
0.8600317208564632,0.6703224410858131,0.31388030703308334,7.682482446534506,3.9806431716980253,0.09021811187267303,1.7352823687289565,24.0,42.0,1.0
0.9532437171244886,0.7290250950961041,0.24929016449380983,7.397561535524052,3.840963341777701,0.09021811187267303,1.2440675797490919,25.0,42.0,1.0
0.8632387454661831,0.9458065052579403,0.27489613161846116,8.305731144875866,4.287360674734832,0.09021811187267303,1.9325769365722945,26.0,42.0,1.0
0.8741619391438886,0.636870020563964,0.30263660267264053,7.4360278163518485,3.859798677735623,0.09021811187267303,1.5513899511496256,27.0,42.0,1.0
0.8823529411764706,0.7952879836586322,0.2737074382511804,7.520776415062797,3.9013218117117434,0.09021811187267303,1.5863839288023758,28.0,42.0,1.0
0.8753424657534247,0.6901131228975939,0.23111623281384935,7.153833801578843,3.7217959350327074,0.09021811187267303,1.6435962845717262,29.0,42.0,1.0
0.8559745570195366,0.8040496470078958,0.2648120571902476,7.541683099882111,3.9115704112696106,0.09021811187267303,1.7995635282728804,30.0,42.0,1.0
0.9323644494130799,0.821316874434236,0.3280457077995147,7.419979923661835,3.8519398089387162,0.09021811187267303,1.3611735298631409,31.0,42.0,1.0
0.8736118455843469,0.5662961419285774,0.3281157211395069,7.410347097821024,3.847223091292562,0.09021811187267303,1.4884273460060324,32.0,42.0,1.0
0.7686541737649063,0.9446719228585578,0.25313296171910277,8.414717399827001,4.341137369238825,0.09021811187267303,2.8274286365341683,33.0,42.0,1.0
0.9028117359413202,0.5693120933211376,0.32871012463978805,7.298445101508147,3.792464275919109,0.09021811187267303,1.4782164837612777,34.0,42.0,1.0
0.9687933425797504,0.5546515436435073,0.325947610424619,7.242797922793756,3.76525751040183,0.09021811187267303,1.1555128141446043,35.0,42.0,1.0
0.9044044044044044,0.7725530849863941,0.2898277144206121,7.4999765409521215,3.891127606316637,0.09021811187267303,1.4779636912572771,36.0,42.0,1.0
0.8892921960072595,0.591752214128175,0.33333969206542063,7.293697720601438,3.7901425760055703,0.09021811187267303,1.7516584495722758,37.0,42.0,1.0
0.9068571428571428,0.7262382810780047,0.2995422052827648,7.370230641807081,3.827584992931917,0.09021811187267303,1.5812659220235572,38.0,42.0,1.0
0.9737931034482759,0.4972054699117388,0.2731969540933903,7.253470382684528,3.7704741779654753,0.09021811187267303,1.1251697037594905,39.0,42.0,1.0
0.9320388349514563,0.7524355180359362,0.27037343245355805,7.130098510125578,3.710207874671192,0.09021811187267303,1.3416335643758437,40.0,42.0,1.0
0.9342657342657342,0.76659010197414,0.3390976962614241,7.60339933974067,3.9418359090670445,0.09021811187267303,1.3397446394483405,41.0,42.0,1.0
0.9537037037037037,0.7328439296256514,0.2822369455306479,7.343426229147367,3.8144679964278643,0.09021811187267303,1.238967149405302,42.0,42.0,1.0
0.8941109852774632,0.743927588586232,0.24327269161503362,7.365180126021013,3.8251131974652615,0.09021811187267303,1.5806031177816977,43.0,42.0,1.0
0.8945634266886326,0.4306863236717461,0.3298269901890885,6.99117688712121,3.642447670242873,0.09021811187267303,1.428820152601112,44.0,42.0,1.0
0.8929695697796433,0.8999388330647113,0.2470232864066419,7.845416036592485,4.060681996737414,0.09021811187267303,1.648408103572345,45.0,42.0,1.0
0.959366391184573,0.5327107937580907,0.33099657909089186,7.2399325913204695,3.7638570476118667,0.09021811187267303,1.1866345999342687,46.0,42.0,1.0
0.9740932642487047,0.6530522908214927,0.23929159513474435,7.4342573821331355,3.8589316105288938,0.09021811187267303,1.1484827549159555,47.0,42.0,1.0
0.911515940143136,0.3547047259301669,0.30508133234058055,7.2456550675945355,3.7666540153102472,0.09021811187267303,1.352787705461152,48.0,42.0,1.0
0.8815187557182068,0.7472091568729484,0.3333422087270797,7.564238475170491,3.9226294874064886,0.09021811187267303,1.7132095458318595,49.0,42.0,1.0
0.9228619340413639,0.569831180349749,0.2594190165842636,7.409741954080923,3.846926797632905,0.09021811187267303,1.395014706691463,50.0,42.0,1.0
0.9198396793587175,0.38889351824101503,0.3164716870251934,7.515889085215125,3.8989263042622033,0.09021811187267303,1.3646260718053969,51.0,42.0,1.0
0.8872458410351202,0.6331258701460404,0.22731482511618517,7.560601162768557,3.920845925923087,0.09021811187267303,1.7071875006022876,52.0,42.0,1.0
0.7912621359223301,0.698394811253773,0.2605115675888305,6.194405391104672,3.2562578148232486,0.09479383379220963,1.9511447215449167,1.0,43.0,1.0
0.9318181818181818,0.7943893647028002,0.22480842708320367,6.354370040797351,3.3334196048032463,0.09479383379220963,1.3591131225869597,2.0,43.0,1.0
0.7856093979441997,0.8913583024895883,0.24245599299121276,6.976348070447749,3.635221437529337,0.09479383379220963,2.6593073668585516,3.0,43.0,1.0
0.8281853281853282,0.8443154331677665,0.3457644020758002,6.063785208687608,3.19340805480027,0.09479383379220963,1.6745245966055347,4.0,43.0,1.0
0.8511749347258486,0.5020899037249571,0.2856105409341978,5.7899601708972535,3.0621479206782674,0.09479383379220963,1.5184372625988398,5.0,43.0,1.0
0.9444444444444444,0.8030199803215079,0.3385611185597971,5.236441962829949,2.7991304191960698,0.09479383379220963,1.1161239152657958,6.0,43.0,1.0
0.8409090909090909,0.7079712443939672,0.2770353228132325,6.251903883165888,3.2839694503775037,0.09479383379220963,1.6193452159454618,7.0,43.0,1.0
0.8427370948379351,0.7979073888464423,0.23501366115921116,6.555356891810665,3.430650188351136,0.09479383379220963,1.8398025609383748,8.0,43.0,1.0
0.7495854063018242,0.31812202612152046,0.32011778133404,6.115892125483034,3.2184625457423364,0.09479383379220963,2.1468296425913542,9.0,43.0,1.0
0.8963636363636364,0.6078679057915594,0.3037323245777171,6.202535517187923,3.2601745087280762,0.09479383379220963,1.396442274628307,10.0,43.0,1.0
0.8084358523725835,0.7187688931424673,0.3390245697781896,6.133398042996649,3.226885143400894,0.09479383379220963,2.0377738667453857,11.0,43.0,1.0
0.7920937042459737,0.5365265371122201,0.2616103426343353,6.295266001439646,3.3048857990963882,0.09479383379220963,1.855891996534954,12.0,43.0,1.0
0.901685393258427,0.7249622484367433,0.26143374567933275,5.7745515455444085,3.0547827031513104,0.09479383379220963,1.3553679675144963,13.0,43.0,1.0
0.8422018348623853,0.821664312433784,0.28578917947429866,6.131226489483141,3.2258402046274908,0.09479383379220963,1.6913115851068798,14.0,43.0,1.0
0.7901639344262295,0.8127825833149075,0.2961136042534004,5.488937726156687,2.9186976166432883,0.09479383379220963,1.6040568911619684,15.0,43.0,1.0
0.912568306010929,0.7057226059502647,0.3515460644575551,5.814130531825066,3.0737058470444705,0.09479383379220963,1.2735889859156302,16.0,43.0,1.0
0.8635477582846004,0.7193657453540513,0.22262107182841626,6.095824562432225,3.208810703734761,0.09479383379220963,1.7696596328080227,17.0,43.0,1.0
0.8082644628099174,0.5144874664326278,0.2823783179531972,6.194405391104672,3.2562578148232486,0.09479383379220963,1.9217327798855963,18.0,43.0,1.0
0.8236130867709816,0.8422718977298677,0.2907618606264878,6.363028103540465,3.337601780062446,0.09479383379220963,1.7963908895190464,19.0,43.0,1.0
0.9556786703601108,0.4611430236031159,0.3076194755311922,5.846438775057724,3.0891640000198266,0.09479383379220963,1.0831618709092226,20.0,43.0,1.0
0.8527472527472527,0.5692076202876415,0.27849427330127946,5.963579343618446,3.1452935205900445,0.09479383379220963,1.5441629462527064,21.0,43.0,1.0
0.9087048832271762,0.3909575916901971,0.28631631093521975,6.061456918928017,3.1922890983518433,0.09479383379220963,1.4267061963894794,22.0,43.0,1.0
0.9122807017543859,0.40313019268530725,0.31552250053138275,5.8998973535824915,3.1147635268,0.09479383379220963,1.3515644808209033,23.0,43.0,1.0
0.8204225352112676,0.47489133757831425,0.30465844634504013,6.1463292576688975,3.233108398772586,0.09479383379220963,2.1677713159415584,24.0,43.0,1.0
0.8359375,0.553319837243175,0.27466180926460815,6.061456918928017,3.1922890983518433,0.09479383379220963,1.8406468982971378,25.0,43.0,1.0
0.8842975206611571,0.7144065248451388,0.26882634815929235,5.7745515455444085,3.0547827031513104,0.09479383379220963,1.3553679675144963,26.0,43.0,1.0
0.9179954441913439,0.6658371126002242,0.2556735257763918,6.0014148779611505,3.163449948097688,0.09479383379220963,1.2991604423437983,27.0,43.0,1.0
0.8419243986254296,0.7239561357323808,0.26212034256977,6.19644412779452,3.257239926085709,0.09479383379220963,1.8682190921686699,28.0,43.0,1.0
0.9086538461538461,0.6746265782146526,0.2563992801473054,5.937536205082426,3.1328035721870147,0.09479383379220963,1.3816534214268812,29.0,43.0,1.0
0.9051878354203936,0.549940955132881,0.2989121653219149,6.2285110035911835,3.2726918794891433,0.09479383379220963,1.4022535477158493,30.0,43.0,1.0
0.8418708240534521,0.6516060504269435,0.27685259745787616,5.937536205082426,3.1328035721870147,0.09479383379220963,1.4833646056426788,31.0,43.0,1.0
0.8822115384615384,0.810410403134102,0.2342962334222635,5.908082938168931,3.118685701754257,0.09479383379220963,1.3976068187952266,32.0,43.0,1.0
0.8881278538812786,0.658121467096212,0.1949987699004301,5.966146739123692,3.146525145745436,0.09479383379220963,1.4414185628095952,33.0,43.0,1.0
0.8160469667318982,0.7717390061526956,0.2931646998139841,6.035481432524756,3.1798087326686115,0.09479383379220963,1.911511772220418,34.0,43.0,1.0
0.9150485436893204,0.48972256452419627,0.2588677472205354,5.934894195619588,3.1315368469780993,0.09479383379220963,1.1723979179167257,35.0,43.0,1.0
0.8473451327433629,0.48242178855863704,0.28113211504208774,5.950642552587727,3.139088428061438,0.09479383379220963,1.6679683156759855,36.0,43.0,1.0
0.7405660377358491,0.8675046924832917,0.2704246879952547,7.136483208590247,3.7133247084793277,0.09479383379220963,3.174032596942098,37.0,43.0,1.0
0.8475247524752475,0.6029698609194537,0.24708422026178314,6.061456918928017,3.1922890983518433,0.09479383379220963,1.7139539477439756,38.0,43.0,1.0
0.8940520446096655,0.3909458635346413,0.2801864711372188,6.1779441140506,3.248329267952155,0.09479383379220963,1.4133092436725359,39.0,43.0,1.0
0.8390342052313883,0.6043515809816229,0.2605986180593373,6.035481432524756,3.1798087326686115,0.09479383379220963,1.7351783106876761,40.0,43.0,1.0
0.8546409807355516,0.6830422279589244,0.22301430581032267,6.192362489474872,3.255273731869041,0.09479383379220963,1.4978542188173518,41.0,43.0,1.0
0.9312267657992565,0.2900975057615732,0.3011528948132659,6.218600119691729,3.2679152510115372,0.09479383379220963,1.3813225979486885,42.0,43.0,1.0
0.8873563218390804,0.6111886036172013,0.27388528408090024,5.958424693029782,3.1428209247966743,0.09479383379220963,1.4123555695655992,43.0,43.0,1.0
0.8957345971563981,0.5507418109291452,0.23340910393021863,5.937536205082426,3.1328035721870147,0.09479383379220963,1.4219044558878486,44.0,43.0,1.0
0.8180883864337102,0.7874581506641936,0.27237255056984666,6.680854678790215,3.4915100641572487,0.09479383379220963,2.473517521146758,45.0,43.0,1.0
0.9107142857142857,0.7314198359860178,0.24540176366290867,6.418364935936212,3.3643452381681582,0.09479383379220963,1.3863072658554998,46.0,43.0,1.0
0.8231292517006803,0.8131957448775099,0.33884210377984064,6.184148890937483,3.2513175229518874,0.09479383379220963,1.955359298493597,47.0,43.0,1.0
0.8367346938775511,0.6423080144567727,0.29599552051361927,6.113682179832232,3.2173994642586936,0.09479383379220963,1.6207380460817458,48.0,43.0,1.0
0.8207739307535642,0.6251006486361416,0.28816629280844586,6.0014148779611505,3.163449948097688,0.09479383379220963,1.7516091111401235,49.0,43.0,1.0
0.8553971486761711,0.6587521800757549,0.31968965338221883,6.042632833682381,3.183244151510257,0.09479383379220963,1.589690708393988,50.0,43.0,1.0
0.9297297297297298,0.8048277327604275,0.4311178561400275,5.84354441703136,3.0877787618435875,0.07842422276735306,1.3255803780427104,1.0,44.0,1.0
0.8592750533049041,0.9184895744366597,0.34890537967146107,6.0014148779611505,3.163449948097688,0.07842422276735306,1.8452702042351101,2.0,44.0,1.0
0.9296187683284457,0.7900099506313178,0.37430269479901707,5.762051382780177,3.048809421238675,0.07842422276735306,1.2992278745018933,3.0,44.0,1.0
0.9148936170212766,0.7970562389744853,0.39710432211481156,5.84354441703136,3.0877787618435875,0.07842422276735306,1.408913605056968,4.0,44.0,1.0
0.8006088280060882,0.938337006765242,0.38908435829379107,6.267200548541362,3.291346289814672,0.07842422276735306,2.4741437910309023,5.0,44.0,1.0
0.9241379310344827,0.8957320245602848,0.29628044815690585,5.998936561946683,3.1622602639907784,0.07842422276735306,1.4374007500636408,6.0,44.0,1.0
0.8863109048723898,0.8612762175613209,0.3363637727645945,5.948034989180646,3.1378379036506057,0.07842422276735306,1.853243830014693,7.0,44.0,1.0
0.8074866310160428,0.854425406017712,0.4218961624515896,6.118097198041348,3.219523324828327,0.07842422276735306,2.46789042558307,8.0,44.0,1.0
0.9098039215686274,0.6852071924045335,0.36665242640985607,5.4510384535657,2.9007048223163214,0.07842422276735306,1.275095045047093,9.0,44.0,1.0
0.7563025210084033,0.9439425221545248,0.4097056154554087,6.293419278846481,3.303994697788857,0.07842422276735306,2.202563594953337,10.0,44.0,1.0
0.9002624671916011,0.6720784364234732,0.3709427767299576,5.840641657373398,3.0863895830282515,0.07842422276735306,1.4699416862435912,11.0,44.0,1.0
0.8347578347578347,0.5531530434547912,0.3931458418929212,5.683579767338681,3.0113467377374623,0.07842422276735306,2.278737534216639,12.0,44.0,1.0
0.81786133960047,0.9635967122523592,0.3608870854899545,6.546785410760524,3.42649751558829,0.07842422276735306,2.3285943315593776,13.0,44.0,1.0
0.9395973154362416,0.8888998832577418,0.39923722581320037,6.329720905522696,3.321516334310741,0.07842422276735306,1.4668045664622376,14.0,44.0,1.0
0.9020172910662824,0.856316600319683,0.34992770185395977,5.749392985908253,3.0427620955781656,0.07842422276735306,1.4756068930371817,15.0,44.0,1.0
0.8199445983379502,0.8463161420123329,0.3595289874074803,5.6937321388027,3.0161900410920905,0.07842422276735306,1.7900173383151585,16.0,44.0,1.0
0.7920792079207921,0.7894087799695417,0.4402537772980528,5.993961427306569,3.159872180588705,0.07842422276735306,2.660378219433094,17.0,44.0,1.0
0.9516539440203562,0.8544056964809704,0.3559476057385438,5.926926025970411,3.1277168565226234,0.07842422276735306,1.2539971609745584,18.0,44.0,1.0
0.8759305210918115,0.818963606314446,0.294236597349411,5.869296913133774,3.1001066938284993,0.07842422276735306,1.4432041919407705,19.0,44.0,1.0
0.9164265129682997,0.7974566522189287,0.2584152182899414,5.765191102784844,3.0503096117785278,0.07842422276735306,1.3428750133248917,20.0,44.0,1.0
0.8464052287581699,0.6883510614374299,0.3044188205483796,5.560681631015528,2.95280097813573,0.07842422276735306,1.5643838366460683,21.0,44.0,1.0
0.8615384615384616,0.869020686478275,0.3081966308868152,5.973809611869261,3.150201518454589,0.07842422276735306,1.603300740273124,22.0,44.0,1.0
0.7692307692307693,0.7268198094745902,0.36547859298462243,5.707110264748875,3.022573818272304,0.07842422276735306,2.1689993901370914,23.0,44.0,1.0
0.8341968911917098,0.8247921200057395,0.34268826295208027,5.777652323222656,3.0562646669363067,0.07842422276735306,1.6732772969787584,24.0,44.0,1.0
0.8705882352941177,0.9624163587537016,0.43842238466191175,6.385194398997726,3.348311594327416,0.07842422276735306,1.9305298752993933,25.0,44.0,1.0
0.8753894080996885,0.7224713149520429,0.34905537656636165,5.641907070938114,2.9914773142196367,0.07842422276735306,1.489642961157521,26.0,44.0,1.0
0.8337950138504155,0.8270425590265073,0.2675973424833142,5.71042701737487,3.0241567860074383,0.07842422276735306,1.586105324261726,27.0,44.0,1.0
0.8769230769230769,0.8856205599204925,0.2759042260274006,5.991464547107982,3.158673752678844,0.07842422276735306,1.6770328106147536,28.0,44.0,1.0
0.7642450142450142,0.9803984913007012,0.2885134700638717,6.97914527506881,3.636584443378882,0.07842422276735306,2.7002132439263615,29.0,44.0,1.0
0.9520958083832335,0.6801392509862179,0.3623023084250747,5.765191102784844,3.0503096117785278,0.07842422276735306,1.207203827276213,30.0,44.0,1.0
0.9339774557165862,0.9145254039303918,0.3177658923300121,6.364750756851911,3.3384339569133052,0.07842422276735306,1.5072225728141042,31.0,44.0,1.0
0.9106382978723404,0.8860058360792988,0.3455591659901082,5.3706380281276624,2.8625873288802732,0.07842422276735306,1.388798640251181,32.0,44.0,1.0
0.8897795591182365,0.8799053974732024,0.2795753891377046,6.09807428216624,3.2098925725250473,0.07842422276735306,1.589861422949256,33.0,44.0,1.0
0.8886509635974305,0.912923384561602,0.31110003366416783,6.030685260261263,3.1775049819767096,0.07842422276735306,1.5714387243724712,34.0,44.0,1.0
0.7000626174076393,0.9733625649237261,0.47471921913614795,7.020190708311925,3.656590168757569,0.07842422276735306,3.8001222812707516,35.0,44.0,1.0
0.8873626373626373,0.8287518366424305,0.2588995301667177,5.780743515792329,3.057742143447135,0.07842422276735306,1.4611896866279774,36.0,44.0,1.0
0.8747152619589977,0.8977358339310912,0.32509404559614935,5.953243334287785,3.1403357621918144,0.07842422276735306,1.6151973167950562,37.0,44.0,1.0
0.9148936170212766,0.8478371666802582,0.29930077770929975,5.84354441703136,3.0877787618435875,0.07842422276735306,1.4353190571164618,38.0,44.0,1.0
0.811704834605598,0.6741531958000775,0.3517219153578094,5.768320995793772,3.051805203465507,0.07842422276735306,2.388019390755623,39.0,44.0,1.0
0.8703703703703703,0.8536017885229109,0.22924236894551842,5.799092654460526,3.0665142789978814,0.07842422276735306,1.5231635601477005,40.0,44.0,1.0
0.9318801089918256,0.8590365421989692,0.34822317348957704,5.83773044716594,3.0849964409545847,0.07842422276735306,1.295868252200134,41.0,44.0,1.0
0.8964912280701754,0.8923763499345524,0.3372194634965287,6.238324625039508,3.277422425243829,0.07842422276735306,1.6746114538476928,42.0,44.0,1.0
0.7505422993492408,0.9503970345377492,0.43135647926048754,5.849324779946859,3.090545319982543,0.07842422276735306,2.25013858170182,43.0,44.0,1.0
0.8940397350993378,0.8547885632115465,0.2743149743866713,6.0063531596017325,3.1658206718738926,0.07842422276735306,1.5195645448983146,44.0,44.0,1.0
0.8883495145631068,0.9046969019335607,0.34629353379241384,5.905361848054571,3.1173818047395194,0.07842422276735306,1.5750624190795661,45.0,44.0,1.0
0.9254385964912281,0.7887687207252616,0.3357184052155015,6.0473721790462776,3.185521106364606,0.07842422276735306,1.2918702603135575,46.0,44.0,1.0
0.7796610169491526,0.7298910903140131,0.30468300623887423,5.6240175061873385,2.9829530981877586,0.07842422276735306,2.21242844947354,47.0,44.0,1.0
0.8923076923076924,0.8767749734097938,0.35663006746193726,5.855071922202427,3.0932962940146203,0.07842422276735306,1.592664868848698,48.0,44.0,1.0
0.9195710455764075,0.8470788619977783,0.44502603409721514,5.840641657373398,3.0863895830282515,0.07842422276735306,1.3501002552662595,49.0,44.0,1.0
0.8976621085134538,0.8319166870797223,0.27012384343919116,7.618742377670413,3.9493627887953138,0.08355256915092468,1.4192528099337833,1.0,45.0,1.0
0.9143956396280859,0.9149641397862023,0.2671126169637279,7.9561263512135,4.115128670073162,0.08355256915092468,1.5851558886933301,2.0,45.0,1.0
0.9422034918723661,0.891276747506755,0.2429444810364663,7.356279876550748,3.820757599227269,0.08355256915092468,1.4214361295166502,3.0,45.0,1.0
0.8699592206615315,0.8154849187409704,0.2635458701244544,7.560601162768557,3.920845925923087,0.08355256915092468,1.5909761151613215,4.0,45.0,1.0
0.8785488958990536,0.7027849594882427,0.2640769343478866,7.421775793644647,3.8528192079515975,0.08355256915092468,1.6540711844735105,5.0,45.0,1.0
0.8954070031832652,0.8526604934052776,0.2726232251547073,7.585788821732034,3.933197976574785,0.08355256915092468,1.5091334487287622,6.0,45.0,1.0
0.878668171557562,0.7607924073052629,0.27196179689465017,7.351158226430694,3.8182513507574054,0.08355256915092468,1.502168834249602,7.0,45.0,1.0
0.900709219858156,0.843695998998663,0.27462178535368503,7.483806687665835,3.8832040302675246,0.08355256915092468,1.4756994743534122,8.0,45.0,1.0
0.9063317634746206,0.7167989919280419,0.26054930258125264,7.457609289715606,3.870369392910253,0.08355256915092468,1.3969262916045608,9.0,45.0,1.0
0.9318550567874527,0.7868275382023213,0.2854257318672678,7.452402451223638,3.8678188503861914,0.08355256915092468,1.329105302999829,10.0,45.0,1.0
0.7918552036199095,0.71734687801335,0.24932149424398317,7.467942332285852,3.875431366865498,0.08355256915092468,2.116140368836677,11.0,45.0,1.0
0.877507919746568,0.7199569968601419,0.2723305285776353,7.416378479192928,3.850176306554695,0.08355256915092468,1.5416680134469336,12.0,45.0,1.0
0.9587864911276474,0.7598246917810131,0.2557309966305732,7.424165281042028,3.8539893132082286,0.08355256915092468,1.237559467571584,13.0,45.0,1.0
0.9220872051465332,0.7091678224007237,0.2559441273266219,7.1631723908466425,3.726356083117379,0.08355256915092468,1.295410037438761,14.0,45.0,1.0
0.7859680284191829,0.4555962532656393,0.29262744824611736,7.479299637782834,3.8809957007327123,0.08355256915092468,1.8956402753892636,15.0,45.0,1.0
0.856551724137931,0.8696834026257818,0.3083111317356308,7.530479995245536,3.9060783191070296,0.08355256915092468,1.6569289568990775,16.0,45.0,1.0
0.8753009147809341,0.8385945394936327,0.24299938527842221,7.506042178518122,3.894100219083651,0.08355256915092468,1.4878705341721457,17.0,45.0,1.0
0.8888317035512094,0.7733917005330744,0.25286159547205705,7.454719949364001,3.868954048513644,0.08355256915092468,1.5382455144308365,18.0,45.0,1.0
0.8202531645569621,0.7814409748988536,0.25869447711158744,7.573017256052546,3.926934426013954,0.08355256915092468,1.7614609576361757,19.0,45.0,1.0
0.9271255060728745,0.8028545843348227,0.2491332233475303,7.38025578842646,3.8324918237742125,0.08355256915092468,1.3910790082646258,20.0,45.0,1.0
0.889934148635936,0.7969505785790979,0.17884339197137886,7.545918151209323,3.9136467103591395,0.08355256915092468,1.5469758713744097,21.0,45.0,1.0
0.9144704127299851,0.7882239749525293,0.27852247547274966,7.517520850603031,3.8997260958230417,0.08355256915092468,1.4254420960661347,22.0,45.0,1.0
0.9401088929219601,0.7900684639434054,0.21265012990227364,7.349230824613334,3.8173082227314317,0.08355256915092468,1.3974554219711508,23.0,45.0,1.0
0.9174364896073903,0.8245810840712663,0.28090132782166694,7.371489295214277,3.828201016057253,0.08355256915092468,1.4511588304169192,24.0,45.0,1.0
0.8357641090678504,0.5202953107453729,0.26367901165685853,7.1846291527173145,3.7368354997932323,0.08355256915092468,1.69272299836855,25.0,45.0,1.0
0.9038841342988808,0.7301552573021992,0.2761156365296618,7.2254814727822945,3.7567945688258675,0.08355256915092468,1.3959839312285056,26.0,45.0,1.0
0.8961716937354989,0.7429571638188283,0.24331510737076908,7.343426229147367,3.8144679964278643,0.08355256915092468,1.423168781715604,27.0,45.0,1.0
0.8741080530071356,0.653999215653524,0.2629914861349698,7.447751280047908,3.865540609496271,0.08355256915092468,1.6302119639235326,28.0,45.0,1.0
0.852037967615857,0.6498243531188326,0.26371110492066757,7.3310603052186325,3.808417840854848,0.08355256915092468,1.639214372707356,29.0,45.0,1.0
0.9158389963408259,0.7681446606999248,0.2715051758247755,7.469083884921234,3.8759906247291824,0.08355256915092468,1.4617942170283695,30.0,45.0,1.0
0.8777393310265282,0.9245191925303653,0.24092675701580946,8.021256180143997,4.1471813050725075,0.08355256915092468,1.7522293463466863,31.0,45.0,1.0
0.9217877094972067,0.7623447528635563,0.3065558093224336,7.303843225277705,3.7951043626592704,0.08355256915092468,1.3217846742367476,32.0,45.0,1.0
0.8841423948220065,0.23724376006967252,0.28447301667575386,7.220373836723949,3.7542986574722863,0.08355256915092468,1.435094312829269,33.0,45.0,1.0
0.8836996336996337,0.8510190692565103,0.19591686103195208,7.565793282428515,3.923391908003949,0.08355256915092468,1.6112530186523721,34.0,45.0,1.0
0.9123398516520567,0.5559770291529964,0.23784113993336875,7.21081845347222,3.749629674145962,0.08355256915092468,1.344536851970983,35.0,45.0,1.0
0.8975155279503105,0.7983969686384058,0.2776187518939909,7.45876269238096,3.8709343988721776,0.08355256915092468,1.4544541628715575,36.0,45.0,1.0
0.8849241748438894,0.8276631960219119,0.21697481384727657,7.59337419312129,3.9369184172487537,0.08355256915092468,1.5030476216653907,37.0,45.0,1.0
0.8616891064871481,0.8616513572509272,0.28283476707648564,7.655864017616056,3.9675780175755624,0.08355256915092468,1.9256031517552301,38.0,45.0,1.0
0.8564760793465578,0.48776191920949724,0.30008902280114236,7.292337176173877,3.7894772252548075,0.08355256915092468,1.559978499365603,39.0,45.0,1.0
0.9017971758664955,0.8186277058707143,0.24720273559584974,7.2485040723706105,3.7680465847107047,0.08355256915092468,1.4654504421347458,40.0,45.0,1.0
0.9206349206349206,0.7766073794266418,0.2627027975457972,7.557472901614746,3.919312027221509,0.08355256915092468,1.444071551335024,41.0,45.0,1.0
0.8299373040752351,0.7573728248101147,0.2581220521754994,7.6586995582682995,3.9689696411448647,0.08355256915092468,1.8252546797934501,42.0,45.0,1.0
0.8641063515509602,0.8792817342634078,0.2635160644439301,7.470793774195062,3.8768283280076288,0.08355256915092468,1.7405550661593945,43.0,45.0,1.0
0.8288897731794668,0.787764162126991,0.26819040752935597,7.642044402873258,3.960796150661268,0.08355256915092468,1.7387521979649607,44.0,45.0,1.0
0.868944099378882,0.7190270462296027,0.2526882668633332,7.24422751560335,3.7659562561884172,0.08355256915092468,1.523948318318592,45.0,45.0,1.0
0.8938926588525602,0.8136588762973661,0.2556888959850569,7.27931883541462,3.7831113179753983,0.08355256915092468,1.4356250172967946,46.0,45.0,1.0
0.8281733746130031,0.6866483895191193,0.2933595183831876,7.381501894506707,3.8331017683772766,0.08355256915092468,1.6790586131598348,47.0,45.0,1.0
0.8911290322580645,0.72431668068413,0.24695110834985287,7.344719054149673,3.815100569304401,0.08355256915092468,1.4438836735904732,48.0,45.0,1.0
0.8735177865612648,0.7786930660846961,0.23017715496005708,7.478169694159785,3.8804420748880797,0.08355256915092468,1.5437283851830303,49.0,45.0,1.0
0.8757823784304285,0.7594189363135957,0.2775485016163311,7.506591780070841,3.8943695732435146,0.08355256915092468,1.521808953430001,50.0,45.0,1.0
0.899349023535303,0.8194858496775274,0.27986812398036737,7.493873886783559,3.8881370284988757,0.08355256915092468,1.4932688856533458,51.0,45.0,1.0
0.8183118741058655,0.5702617377980582,0.2908432138957759,7.448333860897476,3.8658259640354746,0.08355256915092468,1.7757067264593092,52.0,45.0,1.0
0.8618913857677902,0.508520216321709,0.28599596268402216,7.518607216815252,3.900258573013043,0.08355256915092468,1.7719411494964152,53.0,45.0,1.0
0.856696195935383,0.5505916183035121,0.23006769242295794,7.405495663199472,3.844847757196616,0.08355256915092468,1.614129069102166,54.0,45.0,1.0
0.771476510067114,0.8839108500609127,0.3598897353327535,7.7406644019172415,4.009211390355439,0.0976724624633789,2.9236639652957646,1.0,46.0,1.0
0.8863512778684067,0.7939207294765511,0.3119421796357334,7.396948602621014,3.8406632731168475,0.0976724624633789,1.6150395887102966,2.0,46.0,1.0
0.9012392039053699,0.7755892703193276,0.25221702056941,7.783640596221253,4.030322599474846,0.0976724624633789,1.918643583568436,3.0,46.0,1.0
0.8438726559092892,0.8487471290665348,0.29851243269277755,7.568379267836522,3.9246600052478233,0.0976724624633789,2.2578019269919714,4.0,46.0,1.0
0.7610383309073265,0.8455613092143512,0.374911089055852,8.051340933292979,4.16199242198212,0.0976724624633789,3.305494031066873,5.0,46.0,1.0
0.9147014550928249,0.8082782139592259,0.31186610730656944,7.508787170634276,3.895445526167838,0.0976724624633789,1.4347695047743045,6.0,46.0,1.0
0.8809827696234843,0.9082837811776754,0.33630658844975825,7.923710333969238,4.099181678210523,0.0976724624633789,1.795935441861942,7.0,46.0,1.0
0.9178176795580111,0.7343403132345546,0.26821266083010153,7.1929342212158,3.7408923450796556,0.0976724624633789,1.535263245569685,8.0,46.0,1.0
0.8937426210153483,0.7731170136698554,0.31216776713232935,7.323170717943469,3.804558187048444,0.0976724624633789,1.4361221822535344,9.0,46.0,1.0
0.9766042780748663,0.5712354689337632,0.2642565424395434,7.2875606403097235,3.787141419131403,0.0976724624633789,1.136143357020487,10.0,46.0,1.0
0.8750555802578924,0.812436869598813,0.2435219971758553,7.585281078639126,3.9329489502527366,0.0976724624633789,1.6519794563714123,11.0,46.0,1.0
0.9327777777777778,0.8500275142592958,0.25160485383253384,7.426549072397305,3.85515665705572,0.0976724624633789,1.4840784695625389,12.0,46.0,1.0
0.937612477504499,0.8030689863643027,0.287817730195457,7.355001921105257,3.8201322270496387,0.0976724624633789,1.4016802552321097,13.0,46.0,1.0
0.8732125834127741,0.8166364542225903,0.28275041360180014,7.513709247839705,3.8978579008785372,0.0976724624633789,1.8524455168200131,14.0,46.0,1.0
0.9213822894168466,0.8601270011709967,0.3378240931687538,7.665753431861699,3.972431687187353,0.0976724624633789,1.4593910992845078,15.0,46.0,1.0
0.8345296562145825,0.8872890004986878,0.32286118757127913,7.700747794511798,3.989610162614355,0.0976724624633789,1.999988261756388,16.0,46.0,1.0
0.9567172568858909,0.8476150031235726,0.2871689085259871,7.440146680662688,3.861815943760806,0.0976724624633789,1.3301522865623305,17.0,46.0,1.0
0.7854903716972682,0.7030495167388693,0.3701760559281057,7.470224135899966,3.876549251145646,0.0976724624633789,2.4301447045702895,18.0,46.0,1.0
0.8743315508021391,0.6641504554579484,0.2955752873316336,7.5822291942764615,3.931452155952447,0.0976724624633789,1.7395313743707896,19.0,46.0,1.0
0.8198367859384809,0.7260111045556528,0.33718122106829285,7.175489713624222,3.7323715174198933,0.0976724624633789,2.1843537172041385,20.0,46.0,1.0
0.8633986928104576,0.6074185715312148,0.23232761380791783,7.186901020411631,3.7379452204209143,0.0976724624633789,1.5853494572734312,21.0,46.0,1.0
0.8572869389813415,0.8217025754713541,0.296692531814759,7.438971592395862,3.8612404209600344,0.0976724624633789,1.6233756632674665,22.0,46.0,1.0
0.8046014257939079,0.9786119996574385,0.3250529687281389,8.51057131510735,4.388464772536723,0.0976724624633789,2.9809150628412864,23.0,46.0,1.0
0.92725509214355,0.9058341116551465,0.268215154744185,7.556427969440253,3.9187996695359586,0.0976724624633789,1.5723516838389184,24.0,46.0,1.0
0.9022482893450635,0.7862318061818597,0.28240202330729847,7.52131798019924,3.9015872648501064,0.0976724624633789,1.4222618544233057,25.0,46.0,1.0
0.8478747203579419,0.7710693695685826,0.33939172325323796,7.729735331385051,4.003843943993065,0.0976724624633789,1.8783711824470877,26.0,46.0,1.0
0.9021372328458943,0.9283556326663983,0.3015722448449902,7.786136437783072,4.031548870140865,0.0976724624633789,1.6283195579076282,27.0,46.0,1.0
0.7999004479840717,0.7902235183619406,0.2941889443382907,7.382746449738912,3.8337109616123497,0.0976724624633789,3.0052486406064878,28.0,46.0,1.0
0.9377692675921494,0.8201839167513723,0.24914886999806063,7.580699752224563,3.9307020582743903,0.0976724624633789,1.3158836647176229,29.0,46.0,1.0
0.9234375,0.8243830332066671,0.3504724271603074,7.480992162869525,3.88182497974408,0.0976724624633789,1.3884346095517592,30.0,46.0,1.0
0.9224037339556592,0.8323967120553573,0.24624424637339662,7.366445148327599,3.825732305640291,0.0976724624633789,1.6232213990763389,31.0,46.0,1.0
0.821866485013624,0.7975562982117035,0.3670342323549151,7.789040401657477,4.032975694310018,0.0976724624633789,2.4085935723184106,32.0,46.0,1.0
0.8801748521470815,0.9554043748348704,0.2077827824774412,8.138564737261632,4.204952497241042,0.0976724624633789,2.037794377449697,33.0,46.0,1.0
0.8623751387347391,0.8065476669269365,0.3410390713466389,7.754481547470383,4.015997943263861,0.0976724624633789,1.982730760640577,34.0,46.0,1.0
0.8104982206405694,0.9648181931775234,0.2756677683653748,8.424200324567073,4.345818266242064,0.0976724624633789,3.295066936056786,35.0,46.0,1.0
0.8492985971943888,0.8673643679096553,0.28423516297119783,7.659171367666058,3.9692011986893245,0.0976724624633789,1.952638156365809,36.0,46.0,1.0
0.8272343420126671,0.9223994404855542,0.3668307669585133,7.763021309018518,4.020192811987739,0.0976724624633789,1.9523714371698384,37.0,46.0,1.0
0.913322632423756,0.8965847119239174,0.34824683270652534,7.7306140660637395,4.004275486247896,0.0976724624633789,1.5386975750855552,38.0,46.0,1.0
0.9129967776584318,0.8965737429295756,0.3212746603411636,7.844240718141811,4.060104243725386,0.0976724624633789,1.5349758662042448,39.0,46.0,1.0
0.8721286370597243,0.8363994169783154,0.26551749991187135,7.731492029245684,4.004706652913007,0.0976724624633789,1.5703919023897261,40.0,46.0,1.0
0.9298360655737705,0.8558449586422537,0.2827701608025109,7.257707677160043,3.7725455225064395,0.0976724624633789,1.435292942415601,41.0,46.0,1.0
0.9553072625698324,0.834951706404923,0.2636448512811964,7.707062655370473,3.9927106477149907,0.0976724624633789,1.3611230814492485,42.0,46.0,1.0
0.8167281672816729,0.616222766965155,0.2852334654412183,7.597396320212795,3.938891279050507,0.0976724624633789,2.195857816320181,43.0,46.0,1.0
0.8817025981205086,0.8484302885825127,0.30506528426887075,7.375255778009754,3.83004449436024,0.0976724624633789,1.6082277868810313,44.0,46.0,1.0
0.8881889763779528,0.8180412607462973,0.29250210195699233,7.4342573821331355,3.8589316105288938,0.0976724624633789,2.2809962925413694,45.0,46.0,1.0
0.7783783783783784,0.9242261816821586,0.3694306942910381,8.105609402299896,4.188717887522412,0.0976724624633789,2.84641748177312,46.0,46.0,1.0
0.8540540540540541,0.8688360068247668,0.28649686861610374,7.5480289699350145,3.9146816027990066,0.0976724624633789,1.728797468964342,47.0,46.0,1.0
0.9415243101182654,0.7910945490650235,0.3227309693707138,7.2682230211595655,3.777686216418074,0.0976724624633789,1.3167039024448866,48.0,46.0,1.0
0.811231101511879,0.612242482335901,0.35240910357267946,7.538494999413465,3.9100074509313703,0.0976724624633789,2.339977085898854,49.0,46.0,1.0
0.9151577858251423,0.7494606072088543,0.3051107756872148,7.478734825567875,3.8807189652430654,0.0976724624633789,1.782392527902537,50.0,46.0,1.0
0.8737213403880071,0.7533787134934508,0.2247150028022242,7.815207062189088,4.0458339097469596,0.07402075827121735,1.7741126230593653,1.0,47.0,1.0
0.8784818941504178,0.5241117754103877,0.3284413099657951,7.8336002236611035,4.054873935109065,0.07402075827121735,2.292897904820454,2.0,47.0,1.0
0.8675922790382662,0.8207224433002764,0.20743264239368847,7.848933726364071,4.062411226033224,0.07402075827121735,1.6204590289789211,3.0,47.0,1.0
0.8876063183475091,0.6536090890599829,0.24822397508802424,7.2875606403097235,3.787141419131403,0.07402075827121735,1.4838537567574257,4.0,47.0,1.0
0.7346126510305615,0.9373291244209435,0.32717537072409686,8.550434525196039,4.408155138780396,0.07402075827121735,3.9112114466563686,5.0,47.0,1.0
0.7019790454016298,0.7639168641987584,0.40171305846103905,7.7886260656250315,4.032772113648368,0.07402075827121735,3.4782424064666864,6.0,47.0,1.0
0.8271944922547332,0.713770338853408,0.3163326281026727,7.784889295655098,4.03093611414091,0.07402075827121735,2.5560770175536294,7.0,47.0,1.0
0.8445096395641241,0.6068254447711056,0.28294162594690625,7.60887062919126,3.944519854146109,0.07402075827121735,1.6993945913869606,8.0,47.0,1.0
0.8305409286740068,0.8205791357708894,0.3104558411466816,7.459338895220295,3.8712166600654196,0.07402075827121735,2.326011432411948,9.0,47.0,1.0
0.9266148123097734,0.7437786512719661,0.2602383546513146,7.916078096302786,4.095427609022562,0.07402075827121735,1.4241188272123009,10.0,47.0,1.0
0.8476318141197497,0.7238939406684408,0.23543893252668602,7.5485559791698735,3.9149399881670015,0.07402075827121735,1.737874965499478,11.0,47.0,1.0
0.8918776371308017,0.6778156406699444,0.23735824491641325,7.433666540166168,3.8586422500629016,0.07402075827121735,1.5063432857888168,12.0,47.0,1.0
0.8492170022371365,0.6794016572928678,0.24544197439955318,7.549082710812286,3.9151982387209125,0.07402075827121735,1.9867166740929039,13.0,47.0,1.0
0.9364705882352942,0.5981808816196262,0.2616454494644527,7.085901464365611,3.688638374878943,0.07402075827121735,1.2689234978897552,14.0,47.0,1.0
0.8564554931836408,0.6234926432642622,0.2869785136745246,7.667158255319148,3.9731212016331403,0.07402075827121735,2.097530583913463,15.0,47.0,1.0
0.8298816568047337,0.9024615183073391,0.304133856759151,7.716460800176355,3.997325288877896,0.07402075827121735,2.2567750015671972,16.0,47.0,1.0
0.8522571819425444,0.9145991429868844,0.3224634774221379,8.044305406990638,4.158528440480368,0.07402075827121735,1.9316438346380298,17.0,47.0,1.0
0.903359758399396,0.78384942411826,0.2736981422365649,7.780720886117918,4.028888104282745,0.07402075827121735,1.4477438332212538,18.0,47.0,1.0
0.8884615384615384,0.7618344358485236,0.23109942453696844,7.388946097618437,3.836745721917825,0.07402075827121735,1.5863471367193847,19.0,47.0,1.0
0.9236165237724084,0.7331513507892512,0.37564376451037085,7.078341579557671,3.684950030173262,0.07402075827121735,1.3564758900653002,20.0,47.0,1.0
0.9313022700119474,0.5637747077035452,0.2445147213118033,7.352441100243583,3.818879104832538,0.07402075827121735,1.2762757069930184,21.0,47.0,1.0
0.8491189427312775,0.5046141778774693,0.30820870862790456,7.341483852363161,3.8135176170448473,0.07402075827121735,1.758802284624753,22.0,47.0,1.0
0.8916455696202532,0.5340480977072063,0.21771445527128253,7.474204806496124,3.878499491530375,0.07402075827121735,1.5835206131048623,23.0,47.0,1.0
0.8106659862209747,0.8585893711220838,0.3358677690031809,8.064007347096661,4.168229261709203,0.07402075827121735,2.7788516761162456,24.0,47.0,1.0
0.8778367938194109,0.8430846061501343,0.28435460256876005,7.506042178518122,3.894100219083651,0.07402075827121735,1.5401844248716152,25.0,47.0,1.0
0.846079380445305,0.5689962948481037,0.26276539167496643,7.872073979866873,4.073787776058342,0.07402075827121735,1.744120114756098,26.0,47.0,1.0
0.8607899807321773,0.4102373476870957,0.28459835480448586,7.488852955733459,3.8856766767455975,0.07402075827121735,1.544341705402738,27.0,47.0,1.0
0.7126710291493159,0.6625372131292409,0.28940064158807777,7.781973234434385,4.029503396513371,0.07402075827121735,2.463536500722161,28.0,47.0,1.0
0.9198428290766208,0.7738729806715404,0.2862399000695253,7.758760544157663,4.018099817132968,0.07402075827121735,1.420330593760458,29.0,47.0,1.0
0.9259489732420659,0.8619496243239285,0.2868073577224202,7.998671361015776,4.136064719925318,0.07402075827121735,1.5878204977336392,30.0,47.0,1.0
0.8410700236034618,0.5135631344899553,0.2559169874170048,7.668093709082406,3.9735803451862877,0.07402075827121735,1.7962566175487733,31.0,47.0,1.0
0.8043238125295882,0.9472876050545658,0.23559264707342709,8.53660358493606,4.401322840024416,0.07402075827121735,2.209001283330921,32.0,47.0,1.0
0.8569530558015943,0.5561797427109348,0.2713639116126044,7.568379267836522,3.9246600052478233,0.07402075827121735,1.7397968254792602,33.0,47.0,1.0
0.8751465416178195,0.4497634943902707,0.32050459745395,7.309212365692763,3.797730423864125,0.07402075827121735,1.7003671683497976,34.0,47.0,1.0
0.8097717260712856,0.39890882159158825,0.26131437027903237,7.612336837167746,3.9462202748712323,0.07402075827121735,2.1454046243532963,35.0,47.0,1.0
0.9056742815033162,0.7039870501111284,0.28975121676963517,7.807510042216193,4.042051325009619,0.07402075827121735,1.4479308072685917,36.0,47.0,1.0
0.895151754040205,0.5108594094657614,0.241258723786153,7.7284157798410416,4.0031959249436415,0.07402075827121735,1.7891935429282895,37.0,47.0,1.0
0.8023407022106632,0.5868306550741664,0.26758055290902544,6.42648845745769,3.3682731816433544,0.09056729078292847,1.8237027879476613,1.0,48.0,1.0
0.9420731707317073,0.8152582040120882,0.2980469579756564,5.736572297479192,3.0366388555496324,0.09056729078292847,1.2093554869374812,2.0,48.0,1.0
0.7863117870722434,0.9701469891836426,0.21423818746963189,6.942156705699469,3.6185646620905767,0.09056729078292847,3.1441930078713147,3.0,48.0,1.0
0.8844339622641509,0.8389125866582371,0.24600522884522052,5.929589143389895,3.128993506456731,0.09056729078292847,1.5548406906076253,4.0,48.0,1.0
0.8280757097791798,0.9151510275764211,0.24786170660209889,6.957497370876951,3.6260371990275058,0.09056729078292847,2.045039179237492,5.0,48.0,1.0
0.8785607196401799,0.8169178580344565,0.24049907670961584,6.375024819828097,3.3433976136291093,0.09056729078292847,1.507320543218963,6.0,48.0,1.0
0.9346642468239564,0.8213731660027374,0.1934128161336364,6.246106765481563,3.2811742778131374,0.09056729078292847,1.329822973552233,7.0,48.0,1.0
0.9393305439330544,0.7934248984155501,0.21238083203587993,6.1092475827643655,3.2152663537569754,0.09056729078292847,1.260276341956255,8.0,48.0,1.0
0.824,0.6022399898570638,0.2393326711463478,6.023447592961033,3.1740288920704893,0.09056729078292847,1.6535946396486068,9.0,48.0,1.0
0.8567961165048543,0.6470895974896055,0.30337545720434134,5.869296913133774,3.1001066938284993,0.09056729078292847,1.4920643346142433,10.0,48.0,1.0
0.896774193548387,0.5388695799486545,0.26512665661302043,6.035481432524756,3.1798087326686115,0.09056729078292847,1.4448218905753094,11.0,48.0,1.0
0.8631284916201117,0.4928715167810432,0.20554568036454374,5.736572297479192,3.0366388555496324,0.09056729078292847,1.3987779412581614,12.0,48.0,1.0
0.9261363636363636,0.4849984573101418,0.25830254529382557,5.7899601708972535,3.0621479206782674,0.09056729078292847,1.205837617904301,13.0,48.0,1.0
0.8485436893203884,0.49528098302470774,0.2872531979467653,6.082218910376446,3.202268809820244,0.09056729078292847,1.6153283107310519,14.0,48.0,1.0
0.94375,0.5326055257418284,0.23709251587673597,5.713732805509369,3.025734630798558,0.09056729078292847,1.1697394767818894,15.0,48.0,1.0
0.8893805309734514,0.6151271769588632,0.22107464410288175,5.998936561946683,3.1622602639907784,0.09056729078292847,1.4586455746952764,16.0,48.0,1.0
0.8722002635046113,0.8895431670956588,0.22505913517584272,6.4967749901858625,3.4022792812655616,0.09056729078292847,1.5833813454793348,17.0,48.0,1.0
0.9287749287749287,0.42905201473756965,0.21536004939131517,5.7899601708972535,3.0621479206782674,0.09056729078292847,1.2428693671513242,18.0,48.0,1.0
0.8852223816355811,0.7940087828909617,0.36711577143170876,6.42648845745769,3.3682731816433544,0.09056729078292847,1.4288580081797784,19.0,48.0,1.0
0.725050916496945,0.7100688117838582,0.25585545594930365,6.569481420414296,3.4374943237560047,0.09056729078292847,2.226888875132493,20.0,48.0,1.0
0.8542914171656687,0.7081911827656084,0.2233603494992612,6.061456918928017,3.1922890983518433,0.09056729078292847,1.540087968719869,21.0,48.0,1.0
0.9533169533169533,0.5894978350872023,0.23894079015509,5.963579343618446,3.1452935205900445,0.09056729078292847,1.1036258593610715,22.0,48.0,1.0
0.8910891089108911,0.7634181325934407,0.24131550425837742,5.8888779583328805,3.109484502806863,0.09056729078292847,1.454337939623752,23.0,48.0,1.0
0.8378378378378378,0.8732164602722015,0.22621260890219375,6.208590026096629,3.263091628576238,0.09056729078292847,1.6672752674223645,24.0,48.0,1.0
0.8411552346570397,0.7001578016212614,0.2598643369859536,6.1463292576688975,3.233108398772586,0.09056729078292847,1.6823159170256523,25.0,48.0,1.0
0.9078498293515358,0.8590258551374045,0.295772318197617,5.58724865840025,2.9654435299704613,0.09056729078292847,1.3850259946913204,26.0,48.0,1.0
0.8914027149321267,0.6038412752249918,0.20302002419291704,5.978885764901122,3.1526371691065775,0.09056729078292847,1.4596756266684148,27.0,48.0,1.0
0.8922305764411027,0.681124511371487,0.24966895459087618,5.877735781779639,3.104147817354147,0.09056729078292847,1.3292049163917146,28.0,48.0,1.0
0.8464566929133859,0.6632893128542955,0.2459438798241806,6.066108090103747,3.1945244593809208,0.09056729078292847,1.6094014455169603,29.0,48.0,1.0
0.9514767932489452,0.8037734019186118,0.18211591154368947,6.113682179832232,3.2173994642586936,0.09056729078292847,1.2504614178980007,30.0,48.0,1.0
0.9396551724137931,0.6886604079883115,0.2595643745550677,5.793013608384144,3.0636077182062085,0.09056729078292847,1.2070171647330918,31.0,48.0,1.0
0.8719211822660099,0.5493429095119761,0.2910852453353322,5.872117789475416,3.101457452879022,0.09056729078292847,1.43657197816813,32.0,48.0,1.0
0.9179487179487179,0.7884830693747871,0.260719340609116,5.883322388488279,3.1068234468444036,0.09056729078292847,1.3335690016837416,33.0,48.0,1.0
0.924953095684803,0.7713563645569717,0.1734908965093144,6.202535517187923,3.2601745087280762,0.09056729078292847,1.2928995343125258,34.0,48.0,1.0
0.9433333333333334,0.34683032544443915,0.24032214117520137,5.648974238161206,2.9948456661727745,0.09056729078292847,1.1236195823232238,35.0,48.0,1.0
0.8789808917197452,0.6202217823534225,0.2672181075285884,6.028278520230698,3.1763490268282606,0.09056729078292847,1.5229610618473919,36.0,48.0,1.0
0.9497041420118343,0.7080036470365476,0.2756437622957292,5.7745515455444085,3.0547827031513104,0.09056729078292847,1.1361691709944453,37.0,48.0,1.0
0.9380733944954128,0.7554721035059472,0.2394511801592127,6.016157159698354,3.1705279314042873,0.09056729078292847,1.2509493617398115,38.0,48.0,1.0
0.9069767441860465,0.6371247187304787,0.25220539600271774,5.6131281063880705,2.977766022716529,0.09056729078292847,1.2713439589547721,39.0,48.0,1.0
0.7848297213622291,0.42862033822273177,0.23266813501777922,6.230481447578482,3.2736416465680107,0.09056729078292847,1.8253532871349856,40.0,48.0,1.0
0.9333333333333333,0.6256042730950275,0.21567196722363877,6.075346031088684,3.1989647913230304,0.09056729078292847,1.1617281068699357,41.0,48.0,1.0
0.8312236286919831,0.7026498407382484,0.20289147158481824,5.978885764901122,3.1526371691065775,0.09056729078292847,1.8326011854157676,42.0,48.0,1.0
0.9222797927461139,0.719778762235171,0.24499321618989853,5.877735781779639,3.104147817354147,0.09056729078292847,1.2774988488179353,43.0,48.0,1.0
0.9114688128772636,0.7884021056471153,0.2151086760903916,6.118097198041348,3.219523324828327,0.09056729078292847,1.3374295888784549,44.0,48.0,1.0
0.8878048780487805,0.7828699243017211,0.2526055298593998,5.8998973535824915,3.1147635268,0.09056729078292847,1.3648250581151513,45.0,48.0,1.0
0.7969543147208121,0.8045476330890964,0.21193192618307083,6.156978985585555,3.238234734370268,0.09056729078292847,1.8218129190865755,46.0,48.0,1.0
0.896551724137931,0.31738879371006856,0.2987803718655829,5.82600010738045,3.0793837807874476,0.09056729078292847,1.53592068894677,47.0,48.0,1.0
0.8156028368794326,0.6784406861116613,0.2810191997397015,6.133398042996649,3.226885143400894,0.09056729078292847,2.182690369837848,48.0,48.0,1.0
0.9284009546539379,0.6040801737089257,0.2628461441824993,5.966146739123692,3.146525145745436,0.09056729078292847,1.2427216956281808,49.0,48.0,1.0
0.85546875,0.7992691211986476,0.23404303090674541,6.0844994130751715,3.2033652131088193,0.09056729078292847,1.504926142950009,50.0,48.0,1.0
0.8939051918735892,0.7181867492623011,0.22388880687022686,5.983936280687191,3.155060750185239,0.09056729078292847,1.3962455270743177,51.0,48.0,1.0
0.9420289855072463,0.659412530784473,0.36697814980673654,4.875197323201151,2.6294038821744907,0.09056729078292847,1.0571133498801002,52.0,48.0,1.0
0.8090277777777778,0.590254142568452,0.2269481399176855,6.1463292576688975,3.233108398772586,0.09056729078292847,1.955558219904736,53.0,48.0,1.0
0.9490196078431372,0.6547707287756314,0.3625812271318498,5.493061443340548,2.9206563127707246,0.09056729078292847,1.0985384620134502,54.0,48.0,1.0
0.7682648401826484,0.8342723298518164,0.22396992005544905,6.513230110912307,3.4102458921584575,0.0856863409280777,2.7750428517987453,1.0,49.0,1.0
0.8287795992714025,0.784117759514597,0.33944217150971495,6.1224928095143865,3.221638015754096,0.0856863409280777,1.6460058950948593,2.0,49.0,1.0
0.7798165137614679,0.7199187203440329,0.28261963090843994,6.39024066706535,3.350750266349798,0.0856863409280777,2.506999352111807,3.0,49.0,1.0
0.7799043062200957,0.7755943812312567,0.28315166284581034,6.194405391104672,3.2562578148232486,0.0856863409280777,1.9511447215449167,4.0,49.0,1.0
0.7796610169491526,0.6554643602828164,0.18483153176363087,5.910796644040527,3.1199861290795745,0.0856863409280777,1.9762402774068575,5.0,49.0,1.0
0.7806060606060606,0.893007066032896,0.2940113425973724,6.4692503167957724,3.3889578874918995,0.0856863409280777,2.016317301659553,6.0,49.0,1.0
0.8669724770642202,0.6651287486039318,0.30655478029978456,5.937536205082426,3.1328035721870147,0.0856863409280777,1.4051618181869265,7.0,49.0,1.0
0.810752688172043,0.8785860572454142,0.3221211613339229,5.934894195619588,3.1315368469780993,0.0856863409280777,1.7221596051309707,8.0,49.0,1.0
0.7740899357601713,0.9135795105168534,0.2807596506319174,6.584791392385716,3.4449144775612024,0.0856863409280777,2.780936285278284,9.0,49.0,1.0
0.7843478260869565,0.8017628845783177,0.3721732793063237,6.113682179832232,3.2173994642586936,0.0856863409280777,2.226247383870089,10.0,49.0,1.0
0.8040816326530612,0.7878197854002351,0.2862637012448492,5.978885764901122,3.1526371691065775,0.0856863409280777,2.118935757915775,11.0,49.0,1.0
0.8206349206349206,0.791727393097123,0.34459774145897504,6.249975242259483,3.2830394951334,0.0856863409280777,1.6941323847725982,12.0,49.0,1.0
0.8392434988179669,0.5536934123560264,0.3280721988574457,5.87493073085203,3.102804487185762,0.0856863409280777,1.5924098493770134,13.0,49.0,1.0
0.9376623376623376,0.7472769411963487,0.28735523429875354,5.891644211825771,3.1108096154451643,0.0856863409280777,1.2243601525058325,14.0,49.0,1.0
0.828719723183391,0.8350711456967216,0.290818765370204,6.173786103901937,3.2463269274599886,0.0856863409280777,2.0743061426050735,15.0,49.0,1.0
0.9628099173553719,0.818305214579757,0.24273811311678883,6.1463292576688975,3.233108398772586,0.0856863409280777,1.2541529562699718,16.0,49.0,1.0
0.7383177570093458,0.730056964652514,0.3252779618300162,5.981414211254481,3.153850460820174,0.0856863409280777,2.360954606671262,17.0,49.0,1.0
0.8333333333333334,0.8495334849445404,0.271107508495037,6.186208623900494,3.252309572886743,0.0856863409280777,1.809371961421408,18.0,49.0,1.0
0.78330658105939,0.7724242537577933,0.3036055009990284,6.192362489474872,3.255273731869041,0.0856863409280777,2.769694008372341,19.0,49.0,1.0
0.7872,0.446805498837587,0.3905929545215357,6.20050917404269,3.259198265185218,0.0856863409280777,2.2329659386778697,20.0,49.0,1.0
0.7903225806451613,0.6370315183417173,0.3402827644806482,5.68697535633982,3.012966525513552,0.0856863409280777,1.8543171763684396,21.0,49.0,1.0
0.8543046357615894,0.7764057702361303,0.28134106381335594,5.556828061699537,2.9509677866405175,0.0856863409280777,1.3651021775637304,22.0,49.0,1.0
0.7133858267716535,0.698827120754314,0.29339403093412975,6.118097198041348,3.219523324828327,0.0856863409280777,2.618208192632804,23.0,49.0,1.0
0.7736842105263158,0.8280734634060657,0.3151626205397367,6.091309882077698,3.206639769098842,0.0856863409280777,2.4029257693482395,24.0,49.0,1.0
0.7752293577981652,0.4170721897646455,0.2773222586354699,5.82600010738045,3.0793837807874476,0.0856863409280777,2.1362274173189713,25.0,49.0,1.0
0.8624229979466119,0.7930643835233506,0.34262080124220706,6.042632833682381,3.183244151510257,0.0856863409280777,1.5093999760151353,26.0,49.0,1.0
0.8074433656957929,0.8386887429895403,0.29971758859034847,6.214608098422191,3.2659914932493757,0.0856863409280777,1.9496325184365797,27.0,49.0,1.0
0.7615062761506276,0.6852633236371938,0.33023590690351956,5.8998973535824915,3.1147635268,0.0856863409280777,2.082429983583514,28.0,49.0,1.0
0.6452036793692509,0.9497315714640799,0.29819999710323775,6.890609120147166,3.593466015375482,0.0856863409280777,3.4640119671309737,29.0,49.0,1.0
0.7768115942028986,0.7453747396535962,0.3637323516172503,5.594711379601839,2.968996182651891,0.0856863409280777,1.8698537734649012,30.0,49.0,1.0
0.7849223946784922,0.7267537672500782,0.26542991163765217,5.872117789475416,3.101457452879022,0.0856863409280777,2.423937527937224,31.0,49.0,1.0
0.8021201413427562,0.6559563927713118,0.3217536769594092,5.429345628954441,2.8904132212486964,0.0856863409280777,1.9650817135764658,32.0,49.0,1.0
0.696551724137931,0.887555687887,0.28196309154361765,6.226536669287466,3.2717402691855377,0.0856863409280777,3.434824391599525,33.0,49.0,1.0
0.7962003454231433,0.5826218535297075,0.3313319004735708,6.135564891081739,3.2279278580058395,0.0856863409280777,2.0384540767116195,34.0,49.0,1.0
0.8422391857506362,0.42375894931881897,0.3457249660433248,5.805134968916488,3.0694036332450274,0.0856863409280777,1.7999670335056719,35.0,49.0,1.0
0.7944444444444444,0.7243845090804417,0.29159840907229656,5.659482215759621,2.9998549258303298,0.0856863409280777,1.7629020922431888,36.0,49.0,1.0
0.8325358851674641,0.8487799238878483,0.2487674984942373,5.855071922202427,3.0932962940146203,0.0856863409280777,1.7216529400748561,37.0,49.0,1.0
0.7921635434412265,0.8551948101764751,0.3553912338995462,6.144185634125646,3.232076663767271,0.0856863409280777,2.895876355377819,38.0,49.0,1.0
0.8151260504201681,0.7875600651055388,0.24772465743934327,5.272999558563747,2.8163964448261147,0.0856863409280777,1.651701858438081,39.0,49.0,1.0
0.8377581120943953,0.7698704652066706,0.27705919132669693,5.652489180268651,2.996521148598113,0.0856863409280777,1.6409682316771657,40.0,49.0,1.0
0.8075601374570447,0.7639865194471301,0.31547565101764297,6.154858094016418,3.237213748997611,0.0856863409280777,1.7847251528930825,41.0,49.0,1.0
0.8558558558558559,0.642031987498168,0.31373452559330983,5.655991810819852,2.998190888656356,0.0856863409280777,1.4925569168274402,42.0,49.0,1.0
0.8118556701030928,0.87528996486703,0.35756976148012,5.755742213586912,3.045795129144854,0.0856863409280777,1.7640133536742004,43.0,49.0,1.0
0.773109243697479,0.7154153135067348,0.3092835273696425,6.133398042996649,3.226885143400894,0.0856863409280777,2.3547435134411874,44.0,49.0,1.0
0.7327376116978067,0.965150690582188,0.27145326247754836,6.805722553416985,3.5521706410898983,0.0856863409280777,2.49793793267667,45.0,49.0,1.0
0.9455445544554455,0.5161757461915565,0.3835484688169733,5.948034989180646,3.1378379036506057,0.0856863409280777,1.1240340845381476,46.0,49.0,1.0
0.7363636363636363,0.5940885505086078,0.3211973936742018,6.0063531596017325,3.1658206718738926,0.0856863409280777,2.285071892783797,47.0,49.0,1.0
0.7818791946308725,0.7550718047412547,0.3382469593870154,6.1463292576688975,3.233108398772586,0.0856863409280777,2.122923191900053,48.0,49.0,1.0
0.9625,0.6106544726770545,0.25766493823794295,5.733341276897746,3.0350959579035486,0.0856863409280777,1.1151932363011918,49.0,49.0,1.0
0.8733509234828496,0.5914566129970461,0.29180024191236353,5.805134968916488,3.0694036332450274,0.0856863409280777,1.545735011938317,50.0,49.0,1.0
0.8199404761904762,0.9385873388976651,0.33926855274461576,7.005789019253503,3.64956958779873,0.08387601375579834,2.2103085930242976,1.0,50.0,1.0
0.8305263157894737,0.6275458833491967,0.3120344342892492,6.672032945461067,3.4872284218035032,0.08387601375579834,1.648355464331805,2.0,50.0,1.0
0.8734835355285961,0.6417022783374381,0.35785012242859954,6.22455842927536,3.2707868084534972,0.08387601375579834,1.5924120249833629,3.0,50.0,1.0
0.9115138592750534,0.6681099511763025,0.2590760195156974,6.752270376141742,3.5261910706696633,0.08387601375579834,1.490992913253977,4.0,50.0,1.0
0.7928436911487758,0.5617398711636629,0.33047339415537663,6.736966958001855,3.51875653682786,0.08387601375579834,1.8083607198926503,5.0,50.0,1.0
0.7901331245105716,0.5495838481616215,0.3265652211116549,6.917705609835305,3.606657331001287,0.08387601375579834,2.4464731163997153,6.0,50.0,1.0
0.7528384279475983,0.8096339354093717,0.2689632255064078,6.760414691083428,3.53014827933841,0.08387601375579834,2.116007656829198,7.0,50.0,1.0
0.8615384615384616,0.7097921126673586,0.38352112935994565,6.511745329644728,3.409526966341127,0.08387601375579834,1.5281362519926138,8.0,50.0,1.0
0.8869701726844584,0.5643981359286827,0.2824665325536161,6.338594078203183,3.325800714356344,0.08387601375579834,1.5430437249359599,9.0,50.0,1.0
0.8504867872044506,0.7289357129102539,0.37355867610019033,7.1098794630722715,3.700338998844435,0.08387601375579834,2.2340760104212265,10.0,50.0,1.0
0.8767123287671232,0.8049063505869994,0.30226713274248246,6.3578422665081,3.3350967525460318,0.08387601375579834,1.6211838882470098,11.0,50.0,1.0
0.8698884758364313,0.9345387149333146,0.2864180593545486,7.75833346749091,4.017890030545318,0.08387601375579834,1.8741054458241475,12.0,50.0,1.0
0.732801595214357,0.7860931147351735,0.3537579567335194,6.601230118728877,3.452883540659941,0.08387601375579834,2.5590407532427535,13.0,50.0,1.0
0.8441025641025641,0.8358718082943986,0.2543301914753615,6.714170529909472,3.507684715641343,0.08387601375579834,2.088926088538576,14.0,50.0,1.0
0.8340248962655602,0.5497907078152725,0.25721320506435136,6.690842277418564,3.4963581988332635,0.08387601375579834,2.4435659782795467,15.0,50.0,1.0
0.7950116913484022,0.7462762899815966,0.26277567890128567,6.928537818164665,3.611932010259097,0.08387601375579834,2.446835610762059,16.0,50.0,1.0
0.8829268292682927,0.8962293379385556,0.366970826995956,6.298949246855942,3.306663161251125,0.08387601375579834,1.6310768894523864,17.0,50.0,1.0
0.8496,0.6755457229938933,0.23991268834638646,6.2766434893416445,3.2959011055689853,0.08387601375579834,1.9024132452519138,18.0,50.0,1.0
0.776595744680851,0.7985070624201293,0.3107758435035362,6.371611847231857,3.3417486306479462,0.08387601375579834,2.1912523666858377,19.0,50.0,1.0
0.8488210818307905,0.7415933050973811,0.21110437603069965,6.418364935936212,3.3643452381681582,0.08387601375579834,1.5326631967466833,20.0,50.0,1.0
0.7906712172923777,0.7792266185198619,0.3833149273705489,6.54534966033442,3.425801981233894,0.08387601375579834,2.1953532161915126,21.0,50.0,1.0
0.8421052631578947,0.8600045721938991,0.2762181213919252,6.68586094706836,3.493940099631459,0.08387601375579834,1.8589439193326083,22.0,50.0,1.0
0.8224543080939948,0.5667231991395413,0.32714381708498774,6.447305862541213,3.3783412358802214,0.08387601375579834,1.989388303462605,23.0,50.0,1.0
0.8183738120380147,0.5144209182535986,0.34719850491399,6.654152520183219,3.4785517581346084,0.08387601375579834,1.8205349209881256,24.0,50.0,1.0
0.7997010463378177,0.5544981249076567,0.2777312353747968,6.284134161070802,3.2995147517041805,0.08387601375579834,1.8058080292720333,25.0,50.0,1.0
0.8044758539458187,0.6101217645684891,0.29139203144694686,6.52795791762255,3.4173779125674213,0.08387601375579834,1.9508219949703074,26.0,50.0,1.0
0.8966318234610917,0.8144637614252941,0.3172672416453097,6.650279048587422,3.4766724042649155,0.08387601375579834,1.417210456381848,27.0,50.0,1.0
0.7820343461030383,0.6727218148816223,0.26108438382288135,6.385194398997726,3.348311594327416,0.08387601375579834,2.483030439234383,28.0,50.0,1.0
0.8098859315589354,0.5263198638373188,0.3617077257467718,6.461468176353717,3.385192503791494,0.08387601375579834,1.8041140838505092,29.0,50.0,1.0
0.8148599269183922,0.7744405948792812,0.3477028337322675,6.507277712385012,3.4073638589576607,0.08387601375579834,1.7558949132447554,30.0,50.0,1.0
0.7264705882352941,0.8537926452025749,0.2548518841881186,7.119635638017636,3.7051006815978553,0.08387601375579834,2.4611827645884974,31.0,50.0,1.0
0.8117519042437432,0.6954329970043939,0.2512347025995225,6.616065185132817,3.460076821337005,0.08387601375579834,1.8650095761957433,32.0,50.0,1.0
0.8581560283687943,0.6430176375380616,0.279027437442974,6.742880635791903,3.521629269504187,0.08387601375579834,1.6693368756588116,33.0,50.0,1.0
0.8604651162790697,0.8464567446387441,0.2631789249749819,6.703188113240863,3.5023519901562676,0.08387601375579834,1.6394128310707754,34.0,50.0,1.0
0.8245877061469266,0.617328540462966,0.3081260661522383,6.311734809152915,3.312833714085301,0.08387601375579834,1.7830717239366527,35.0,50.0,1.0
0.8752122241086587,0.693724668452347,0.2894562268288172,6.939253946041508,3.6171508694956183,0.08387601375579834,1.6294519731865178,36.0,50.0,1.0
0.8956916099773242,0.5116362348854196,0.28023987993291277,5.981414211254481,3.153850460820174,0.08387601375579834,1.4559802453350774,37.0,50.0,1.0
0.8929503916449086,0.6905849235039608,0.2621405535415976,6.529418838262226,3.4180854571544943,0.08387601375579834,1.3974591825675022,38.0,50.0,1.0
0.8476454293628809,0.7487595476325458,0.2881073167708921,6.418364935936212,3.3643452381681582,0.08387601375579834,1.5855669909334837,39.0,50.0,1.0
0.7649063032367973,0.6428747051462409,0.3340880562710863,6.80128303447162,3.5500121782308813,0.08387601375579834,2.262393394203867,40.0,50.0,1.0
0.895330112721417,0.4046604970588759,0.26192757496113267,6.322565239927284,3.3180616975800703,0.08387601375579834,1.4603701479029436,41.0,50.0,1.0
0.7434977578475336,0.7279333128769965,0.26914722853592155,6.721425700790643,3.511208047767101,0.08387601375579834,2.593389067916076,42.0,50.0,1.0
0.7322033898305085,0.6553331921105298,0.267676220777855,6.47543271670409,3.391949558352509,0.08387601375579834,2.509594852517205,43.0,50.0,1.0
0.8288075560802833,0.6683294167555003,0.2863047342323682,6.555356891810665,3.430650188351136,0.08387601375579834,1.842706592521855,44.0,50.0,1.0
0.7582089552238805,0.6430761966113462,0.343428107372712,6.92461239604856,3.610020466454018,0.08387601375579834,2.5755769319096786,45.0,50.0,1.0
0.8128400435255713,0.6543578086629972,0.393670948319159,6.617402977974478,3.4607255708274307,0.08387601375579834,1.9389592777644922,46.0,50.0,1.0
0.8217329545454546,0.9050439480448403,0.3963687713909317,7.747164966520335,4.012404165228385,0.08387601375579834,2.4567285554191063,47.0,50.0,1.0
0.9116242038216561,0.6817211756998895,0.3749969111526208,7.044032897274685,3.668215504087737,0.08387601375579834,1.3732858111329331,48.0,50.0,1.0
0.8905263157894737,0.7174473832115157,0.37080028992498226,6.741700694652055,3.521056061947932,0.08387601375579834,1.647060294259017,49.0,50.0,1.0
0.9171855541718555,0.7432690722303137,0.3581939992819432,7.295735072749282,3.7911389258620805,0.08387601375579834,1.4072723069805868,50.0,50.0,1.0
0.9074626865671642,0.8192849122916297,0.2810139990174669,5.720311776607412,3.0288750842692833,0.07087042182683945,1.3861682981395798,1.0,51.0,1.0
0.9143468950749465,0.7955697217616576,0.3298398808394137,6.059123195581797,3.1911675782799995,0.07087042182683945,1.3842457479877224,2.0,51.0,1.0
0.8093994778067886,0.7855455866828974,0.2916047406745932,5.739792912179234,3.0381768875019994,0.07087042182683945,1.6264193496179093,3.0,51.0,1.0
0.8902195608782435,0.8845247408318462,0.24415327556316266,6.102558594613569,3.212049166133297,0.07087042182683945,1.4059935862140485,4.0,51.0,1.0
0.9117647058823529,0.7747839379796243,0.2572824414401629,5.634789603169249,2.9880855085731093,0.07087042182683945,1.3855831927241378,5.0,51.0,1.0
0.857335127860027,0.9312996775353837,0.28143690603192034,6.45833828334479,3.3836782341808753,0.07087042182683945,1.7706690721255833,6.0,51.0,1.0
0.8760907504363001,0.8983141096979926,0.2533569630048735,6.220590170099739,3.2688743066769077,0.07087042182683945,1.6330402633452141,7.0,51.0,1.0
0.9023255813953488,0.8398364771661313,0.28842083062411966,5.963579343618446,3.1452935205900445,0.07087042182683945,1.4485962287088436,8.0,51.0,1.0
0.8586956521739131,0.9173699125310961,0.2362725157108482,6.568077911411976,3.4368141803298893,0.07087042182683945,1.7260373482377227,9.0,51.0,1.0
0.8152753108348135,0.8663491956279951,0.21339919944764302,6.131226489483141,3.2258402046274908,0.07087042182683945,1.8607157047377583,10.0,51.0,1.0
0.8888888888888888,0.9020752385110103,0.24858388884284027,6.270988431858299,3.2931732943527003,0.07087042182683945,1.6112830352114411,11.0,51.0,1.0
0.9535353535353536,0.8287520003410154,0.29784767913003424,6.159095388491933,3.239253596776368,0.07087042182683945,1.2452318239876932,12.0,51.0,1.0
0.9507246376811594,0.6712876317052909,0.283885015512236,5.796057750765372,3.0650631622973936,0.07087042182683945,1.1950597825212714,13.0,51.0,1.0
0.9368421052631579,0.7361586231561228,0.35165711180771325,5.5909869805108565,2.9672230972061335,0.07087042182683945,1.178057781432912,14.0,51.0,1.0
0.9487179487179487,0.5712464461408865,0.24086230386095153,5.407171771460119,2.8798988262931906,0.07087042182683945,1.1160658910151129,15.0,51.0,1.0
0.8620689655172413,0.955050454481119,0.2095267353815703,6.478509642208569,3.3934385919057464,0.07087042182683945,2.0108730847151746,16.0,51.0,1.0
0.9090909090909091,0.9453692403439767,0.20760823103899548,6.647688373563329,3.475415502820987,0.07087042182683945,1.814656975544195,17.0,51.0,1.0
0.9216494845360824,0.8469551617389077,0.259933031137499,6.104793232414985,3.2131239119730264,0.07087042182683945,1.3996733699833623,18.0,51.0,1.0
0.9157894736842105,0.7947189238524714,0.31044357636775316,6.077642243349034,3.2000686100941182,0.07087042182683945,1.3511480940740028,19.0,51.0,1.0
0.8948339483394834,0.9319125076773902,0.2847329804121333,6.186208623900494,3.252309572886743,0.07087042182683945,1.6085173863194122,20.0,51.0,1.0
0.8257575757575758,0.8819881744646997,0.2747469995972205,6.07993319509559,3.201169945858288,0.07087042182683945,1.6764973825295133,21.0,51.0,1.0
0.89453125,0.8682958650350577,0.33517177779846336,6.129050210060545,3.2247930321274607,0.07087042182683945,1.457794972763046,22.0,51.0,1.0
0.8765432098765432,0.9501737981228073,0.31558492557804285,6.661854740545311,3.482289073004269,0.07087042182683945,1.809276937199132,23.0,51.0,1.0
0.8554216867469879,0.9435790720426467,0.2563487043373109,6.210600077024653,3.2640601572299572,0.07087042182683945,1.9403332262608621,24.0,51.0,1.0
0.8662952646239555,0.5786623500136364,0.30662754964334443,5.7430031878094825,3.0397100845444807,0.07087042182683945,1.4795600240659827,25.0,51.0,1.0
0.9111498257839721,0.909960243284237,0.19934002288087777,6.261491684321042,3.288592960078605,0.07087042182683945,1.481324886651463,26.0,51.0,1.0
0.8658536585365854,0.8771844777052146,0.3097462009445887,6.056784013228625,3.190043482747458,0.07087042182683945,1.6160705196989562,27.0,51.0,1.0
0.906187624750499,0.8125283112212148,0.2823246736210386,6.12029741895095,3.220581811519655,0.07087042182683945,1.3812183688358275,28.0,51.0,1.0
0.8678756476683938,0.9149656390821092,0.24418160806665093,6.508769136971682,3.408085952849519,0.07087042182683945,1.7224982546569532,29.0,51.0,1.0
0.9042145593869731,0.7536629396920811,0.2711852449617242,5.4680601411351315,2.9087839681737657,0.07087042182683945,1.3080818139431427,30.0,51.0,1.0
0.7905982905982906,0.9455229084138591,0.24552472789510585,6.608000625296087,3.45616625719925,0.07087042182683945,2.0474252114599567,31.0,51.0,1.0
0.875,0.7646288925144317,0.25358306717428053,5.58724865840025,2.9654435299704613,0.07087042182683945,1.371091368004575,32.0,51.0,1.0
0.9214285714285714,0.6419770848255237,0.2637965101828799,5.556828061699537,2.9509677866405175,0.07087042182683945,1.2746175087929668,33.0,51.0,1.0
0.9094138543516874,0.9374188340635738,0.19723496208889146,6.240275845170769,3.278363082792804,0.07087042182683945,1.6962390104814318,34.0,51.0,1.0
0.8357142857142857,0.9186096734025427,0.22362365397384,6.150602768446279,3.235165373652169,0.07087042182683945,1.8043531877682177,35.0,51.0,1.0
0.8762677484787018,0.884912824215606,0.2589473793589004,6.07073772800249,3.1967496595577645,0.07087042182683945,1.5455326331608217,36.0,51.0,1.0
0.9140811455847255,0.8098997208563833,0.24877193414103338,5.950642552587727,3.139088428061438,0.07087042182683945,1.3084094289519415,37.0,51.0,1.0
0.9036697247706422,0.8457769840181478,0.31334182960293505,5.978885764901122,3.1526371691065775,0.07087042182683945,1.4279500255884607,38.0,51.0,1.0
0.9235127478753541,0.8449472495576853,0.31616866713127656,5.7899601708972535,3.0621479206782674,0.07087042182683945,1.3824242392489545,39.0,51.0,1.0
0.875,0.8882763892834327,0.29651184621765214,6.251903883165888,3.2839694503775037,0.07087042182683945,1.611700171078794,40.0,51.0,1.0
0.9325153374233128,0.6814023219653298,0.3515434116444372,5.030437921392435,2.7021389424282773,0.07087042182683945,1.0865366354502204,41.0,51.0,1.0
0.9192139737991266,0.7752219697455678,0.28024140057474367,6.045005314036012,3.1843839530583917,0.07087042182683945,1.3165020768630566,42.0,51.0,1.0
0.8174603174603174,0.8968872641441248,0.2624553111306866,6.023447592961033,3.1740288920704893,0.07087042182683945,1.8049609036571588,43.0,51.0,1.0
0.8863892013498312,0.9669888409133293,0.2648528866067196,6.670766320845874,3.48661370702715,0.07087042182683945,2.0415684513924495,44.0,51.0,1.0
0.8806366047745358,0.8254538864937526,0.3179472127221955,5.808142489980444,3.0708419217261693,0.07087042182683945,1.474268847194797,45.0,51.0,1.0
0.8691019786910198,0.9340587427546498,0.24268107502033795,6.349138991379798,3.330893090766943,0.07087042182683945,1.7539372812961045,46.0,51.0,1.0
0.9208754208754208,0.8805028934040499,0.27757354735675277,6.306275286948016,3.3101986870821287,0.07087042182683945,1.402433197665505,47.0,51.0,1.0
0.9473684210526315,0.3287417371993068,0.33514726472037576,5.37989735354046,2.866973427027827,0.07087042182683945,1.0623324506934586,48.0,51.0,1.0
0.9237749546279492,0.8949094408218565,0.2437262733309733,6.234410725718371,3.2755356796562056,0.07087042182683945,1.4185557309505155,49.0,51.0,1.0
0.8457538994800693,0.8964793041151797,0.267111088533331,6.192362489474872,3.255273731869041,0.07087042182683945,1.7270293550591485,50.0,51.0,1.0
0.8722222222222222,0.8786022567338236,0.25975213623226207,5.752572638825633,3.044280969691109,0.07087042182683945,1.553136099174853,51.0,51.0,1.0
0.9033149171270718,0.8418303482196144,0.2640883429566766,5.793013608384144,3.0636077182062085,0.07087042182683945,1.3341182709535533,52.0,51.0,1.0
0.8629032258064516,0.9153134322054327,0.2452744045949073,6.284134161070802,3.2995147517041805,0.07087042182683945,1.7033460382721628,53.0,51.0,1.0
0.9415584415584416,0.88565195462271,0.27605518663100864,6.364750756851911,3.3384339569133052,0.07087042182683945,1.3837511389510602,54.0,51.0,1.0
0.924812030075188,0.7171812899120902,0.28516156055155906,5.5093883366279774,2.928413127337617,0.07087042182683945,1.2411183984851566,55.0,51.0,1.0
0.9230769230769231,0.30393419843869857,0.33359648102225875,5.484796933490655,2.9167309965830013,0.07087042182683945,1.204999661187273,56.0,51.0,1.0
0.8976897689768977,0.8146711826100133,0.3799610256112145,5.60947179518496,2.976024646048169,0.07087042182683945,1.317742743305634,57.0,51.0,1.0
0.8864406779661017,0.89255817879086,0.3029582702835347,6.261491684321042,3.288592960078605,0.07087042182683945,1.5063037714554015,58.0,51.0,1.0
0.9378757515030061,0.9224796839814877,0.31528846446662284,6.150602768446279,3.235165373652169,0.07087042182683945,1.539576893627266,59.0,51.0,1.0
0.8444816053511706,0.8702290550328939,0.25110614185560415,6.226536669287466,3.2717402691855377,0.07087042182683945,1.631109846404358,60.0,51.0,1.0
0.9212121212121213,0.817642656938236,0.28366955076583994,6.124683390894205,3.222691947404774,0.07087042182683945,1.3465301513899985,61.0,51.0,1.0
0.9452554744525548,0.6746260257340699,0.26634788708763274,5.560681631015528,2.95280097813573,0.07087042182683945,1.1039264992528994,62.0,51.0,1.0
0.8942148760330578,0.8807891819836535,0.3041635204924173,6.295266001439646,3.3048857990963882,0.07087042182683945,1.5817494508616838,63.0,51.0,1.0
0.8314606741573034,0.6615202014609165,0.2905649045198841,5.916202062607435,3.122576648603987,0.07087042182683945,1.6321172124350214,64.0,51.0,1.0
0.927461139896373,0.725657379284557,0.33726302930369806,5.883322388488279,3.1068234468444036,0.07087042182683945,1.293531808816556,65.0,51.0,1.0
0.864406779661017,0.8957689664771563,0.2845047549368783,6.236369590203704,3.276479959863799,0.07087042182683945,1.5660826126438498,66.0,51.0,1.0
0.8380386329866271,0.9008592633185375,0.3197925656494517,6.336825731146441,3.324946824918697,0.07087042182683945,1.7693483109191805,67.0,51.0,1.0
0.8204878048780487,0.948900916315552,0.2718605929148071,6.7357800142423265,3.5181799739609123,0.07087042182683945,1.9391129695093798,68.0,51.0,1.0
0.8250790305584826,0.9469619051276205,0.2764389983744499,6.664409020350408,3.4835285648178123,0.05545390024781227,2.139616744253374,1.0,52.0,1.0
0.7964684014869888,0.9352447404502142,0.3151460492964236,6.754604099487962,3.527324949599094,0.05545390024781227,2.328850518922795,2.0,52.0,1.0
0.8700623700623701,0.95307156920862,0.311075782155835,6.731018100482083,3.5158669485482394,0.05545390024781227,2.037816260871555,3.0,52.0,1.0
0.8238512035010941,0.9287162137774337,0.30976523135328876,6.625392368007956,3.4646002066911614,0.05545390024781227,2.2183268178071933,4.0,52.0,1.0
0.7363138686131386,0.9294011910489355,0.2888721083717105,6.694562058521095,3.4981640105880034,0.05545390024781227,2.3497871522366105,5.0,52.0,1.0
0.795838241067923,0.9827990343331864,0.28087012645743764,7.614805364711073,3.947431295592176,0.05545390024781227,2.8376939834159054,6.0,52.0,1.0
0.8110552763819096,0.9605721743277819,0.34746199621200907,6.694562058521095,3.4981640105880034,0.05545390024781227,2.4097860538747344,7.0,52.0,1.0
0.8039473684210526,0.8935000207130462,0.2993663846909373,6.416732282512326,3.3635558662074105,0.05545390024781227,2.3790789082477586,8.0,52.0,1.0
0.8685208596713021,0.9102693034352968,0.2593092276838092,6.5337888379333435,3.4202020021865542,0.05545390024781227,2.046254972701591,9.0,52.0,1.0
0.8199737187910644,0.9534034384721626,0.2696642321222278,6.437751649736401,3.3737200661758093,0.05545390024781227,2.237833395070482,10.0,52.0,1.0
0.9278752436647173,0.8585165543072718,0.28691286558363355,6.1675164908883415,3.2433079930090707,0.05545390024781227,1.4101093789151646,11.0,52.0,1.0
0.9006309148264984,0.8812791452891853,0.2387831898323187,6.349138991379798,3.330893090766943,0.05545390024781227,1.5218281678890908,12.0,52.0,1.0
0.8204081632653061,0.8908249846877566,0.3077195505362325,6.403574197934815,3.3571948007312304,0.05545390024781227,1.7279268192400263,13.0,52.0,1.0
0.8613138686131386,0.8994259195378416,0.37706441967426485,6.159095388491933,3.239253596776368,0.05545390024781227,1.667664764889195,14.0,52.0,1.0
0.8502994011976048,0.9048543340542794,0.34341691599253754,6.343880434126331,3.328353506144283,0.05545390024781227,1.7861568860658175,15.0,52.0,1.0
0.7343173431734318,0.9254608659022787,0.2832507058175199,6.393590753950631,3.352369345593839,0.05545390024781227,3.337092089539811,16.0,52.0,1.0
0.7524475524475525,0.8837918012785015,0.2727615309530602,6.289715570908998,3.3022076251803294,0.05545390024781227,2.2221117911986443,17.0,52.0,1.0
0.9066022544283414,0.8987310120266547,0.3211535320446148,6.335054251498059,3.324091447428883,0.05545390024781227,1.739861216022557,18.0,52.0,1.0
0.8495339547270306,0.9305909590137399,0.3089240690168358,6.459904454377535,3.3844359522956675,0.05545390024781227,1.7780995240728712,19.0,52.0,1.0
0.9270833333333334,0.7401744318984523,0.28428429677090084,6.100318952020064,3.210972056475935,0.05545390024781227,1.2954445963665646,20.0,52.0,1.0
0.7484407484407485,0.9489788731206829,0.2640996111053938,6.580639137284949,3.442901875121389,0.05545390024781227,2.232533235732473,21.0,52.0,1.0
0.9033970276008493,0.930303364798404,0.28826844255627876,6.747586526829315,3.523915451600471,0.05545390024781227,1.6761257077958902,22.0,52.0,1.0
0.8013196480938416,0.9646521503187964,0.2850581517755076,6.9975959829819265,3.6455761662240964,0.05545390024781227,2.542764192971856,23.0,52.0,1.0
0.8938547486033519,0.9069542624234366,0.31022205908520595,6.46302945692067,3.3859478922708695,0.05545390024781227,1.5660025352768547,24.0,52.0,1.0
0.8932330827067669,0.8990685523902153,0.3178717971831859,6.38856140554563,3.349938720549436,0.05545390024781227,1.6945794073470335,25.0,52.0,1.0
0.8444730077120822,0.8896771718768796,0.27116597620372646,6.489204931325317,3.398614966409901,0.05545390024781227,1.6693159367341688,26.0,52.0,1.0
0.844542447629548,0.9189026067680806,0.25923853833528665,6.642486801367256,3.4728920285087663,0.05545390024781227,1.9016660914240326,27.0,52.0,1.0
0.691320293398533,0.9595227786832006,0.26688040826087456,7.0317412587631285,3.6622217468594935,0.05545390024781227,2.6753108842278333,28.0,52.0,1.0
0.8342245989304813,0.9364159488550958,0.21395324785815922,6.437751649736401,3.3737200661758093,0.05545390024781227,1.9711913399801768,29.0,52.0,1.0
0.8392675483214649,0.947023566780512,0.3695415286116745,6.716594773520978,3.508861963084962,0.05545390024781227,1.8835553305198567,30.0,52.0,1.0
0.8669201520912547,0.9531811554061904,0.2759843657819412,6.529418838262226,3.4180854571544943,0.05545390024781227,2.1721372518617934,31.0,52.0,1.0
0.9428129829984544,0.9289063916772166,0.28587865189564876,6.415096959171596,3.362765223648051,0.05545390024781227,1.577164474437341,32.0,52.0,1.0
0.815242494226328,0.8766066997483898,0.3332420358675205,6.561030665896573,3.433399282556618,0.05545390024781227,2.135365902475196,33.0,52.0,1.0
0.7005623242736645,0.9892337096274049,0.32891248430928166,7.310550158534422,3.7983847651481812,0.05545390024781227,3.6624709949554033,34.0,52.0,1.0
0.8916030534351145,0.8301595661660748,0.28477069287531537,6.371611847231857,3.3417486306479462,0.05545390024781227,1.5055239166404606,35.0,52.0,1.0
0.9263698630136986,0.8344105571358403,0.28612483592358096,6.295266001439646,3.3048857990963882,0.05545390024781227,1.4040045900186224,36.0,52.0,1.0
0.8493377483443708,0.8581613027669576,0.2648279251987762,6.2422232654551655,3.2793019394667504,0.05545390024781227,1.646076592349953,37.0,52.0,1.0
0.8169014084507042,0.943465421428714,0.2899235404794577,6.626717749249025,3.4652430233366527,0.05545390024781227,2.0436768840897206,38.0,52.0,1.0
0.8538713195201745,0.9479752811296139,0.34193102923404994,6.664409020350408,3.4835285648178123,0.05545390024781227,2.062829138272907,39.0,52.0,1.0
0.8879907621247113,0.8799562946040825,0.29923932041967055,6.646390514847729,3.4747858462784773,0.05545390024781227,1.4861816465243702,40.0,52.0,1.0
0.8248337028824834,0.9245856870996699,0.2977244306701881,6.61338421837956,3.4587767504696716,0.05545390024781227,2.0783747890862068,41.0,52.0,1.0
0.8929313929313929,0.9415996947130527,0.3112658164624767,6.756932389247553,3.5284562242384374,0.05545390024781227,1.8038018992286728,42.0,52.0,1.0
0.9482352941176471,0.9182811175901044,0.31867973184329856,6.693323668269949,3.4975628090059043,0.05545390024781227,1.4284754365185213,43.0,52.0,1.0
0.8850828729281768,0.9078200699712126,0.3047185957401592,6.687108607866515,3.4945457388519543,0.05545390024781227,1.8970189542815417,44.0,52.0,1.0
0.8658682634730539,0.8986060459709985,0.2764077810758703,6.584791392385716,3.4449144775612024,0.05545390024781227,2.002267914028244,45.0,52.0,1.0
0.7811764705882352,0.8934425038443318,0.2900273289785055,6.499787040655854,3.4037373924377348,0.05545390024781227,1.880230304157701,46.0,52.0,1.0
0.884375,0.8976153263063245,0.25444151818741306,6.340359303727752,3.326653120934201,0.05545390024781227,1.6633681801869955,47.0,52.0,1.0
0.8552361396303901,0.9220852160759493,0.28178429029521684,6.726233402358747,3.513543007786952,0.05545390024781227,1.7880857091556592,48.0,52.0,1.0
0.8896189224704336,0.9175475056521881,0.27510946901510236,6.519147287940395,3.4131111278055855,0.05545390024781227,1.6496957481864567,49.0,52.0,1.0
0.97125,0.9204320267864186,0.3430248500708596,6.656726524178391,3.479800685627379,0.05545390024781227,1.4105056243731064,50.0,52.0,1.0
0.905982905982906,0.18520780509182508,0.30750415834211764,7.3031700512368,3.794775121912813,0.10576027631759644,1.3707452298423675,1.0,53.0,1.0
0.8565910188314824,0.7011553291636009,0.34013759037160163,7.4815557019095165,3.8821010975053722,0.10576027631759644,1.7151565558261224,2.0,53.0,1.0
0.9358196010407632,0.6389615915033702,0.3179440009469124,6.984716320118265,3.639299209409603,0.10576027631759644,1.2545840195534892,3.0,53.0,1.0
0.6670125826955506,0.6418962379756643,0.24057590528823145,8.545391845774915,4.405664058126715,0.10576027631759644,2.9595397894653375,4.0,53.0,1.0
0.9588607594936709,0.7719213238000496,0.4093141593747094,6.408528791059498,3.3595898648144136,0.10576027631759644,1.2358625119936648,5.0,53.0,1.0
0.8002131060202451,0.632273564298476,0.2803785097397809,7.315218389752975,3.800668162824052,0.10576027631759644,1.7236017670982116,6.0,53.0,1.0
0.8366906474820144,0.630836079959111,0.2840573905590984,7.059617628291383,3.6758163279955283,0.10576027631759644,1.6678412904681743,7.0,53.0,1.0
0.89944416371905,0.5179647903077351,0.35835258568185224,7.484930283289661,3.8837545760816536,0.10576027631759644,1.3554760618586383,8.0,53.0,1.0
0.8179848320693391,0.7694159764981637,0.320302405380532,7.725771441587952,4.001897338282011,0.10576027631759644,1.858958489967648,9.0,53.0,1.0
0.8815987933634992,0.38160340827756856,0.3058323025230432,7.757478766584179,4.017470190700292,0.10576027631759644,1.5097474999628409,10.0,53.0,1.0
0.9208386820710313,0.5435398450602531,0.293266582616566,7.674617497364363,3.9767824864731076,0.10576027631759644,1.4144904522543602,11.0,53.0,1.0
0.857981220657277,0.7238255911493857,0.3437954458063593,7.288244401020124,3.7874757822995426,0.10576027631759644,1.6327446731730022,12.0,53.0,1.0
0.8171134777818583,0.4751899008809915,0.26338678857861264,7.70796153183549,3.9931519941633136,0.10576027631759644,1.7390633050057074,13.0,53.0,1.0
0.8391180073499388,0.6227785176508964,0.31822829655119755,7.628517626575055,3.9541588131008263,0.10576027631759644,1.727908408269732,14.0,53.0,1.0
0.8398727465535525,0.3738257476840136,0.32135049117000236,7.368339686311381,3.8266595169520716,0.10576027631759644,1.8524552768545999,15.0,53.0,1.0
0.845088161209068,0.42491921962528556,0.35481889446695797,7.607878073278507,3.9440329450813603,0.10576027631759644,1.6118392724292359,16.0,53.0,1.0
0.8450226244343891,0.7433000867320979,0.3109924714548735,7.3098814858247865,3.798057702773898,0.10576027631759644,1.5888317769706082,17.0,53.0,1.0
0.8470780993992354,0.7315207753027776,0.3078982746161885,8.04012466444838,4.156470114546045,0.10576027631759644,1.948844808861228,18.0,53.0,1.0
0.8731412639405205,0.3069554001764512,0.3290206792570323,7.539027055823995,3.910268287312738,0.10576027631759644,1.4949782194846226,19.0,53.0,1.0
0.8700114025085519,0.5316114090544171,0.3030581173743981,7.736307096548285,4.007071385077183,0.10576027631759644,1.6260165614473228,20.0,53.0,1.0
0.9023569023569024,0.3804885653193666,0.3576531974962797,7.893945138235959,4.084542362551016,0.10576027631759644,1.462390717004351,21.0,53.0,1.0
0.9357277882797732,0.6599466286149712,0.342524706395024,7.303843225277705,3.7951043626592704,0.10576027631759644,1.3481113349493183,22.0,53.0,1.0
0.9222126188418324,0.5731178472800095,0.28326279939718907,7.666221925662725,3.9726616320169392,0.10576027631759644,1.3039335931040532,23.0,53.0,1.0
0.8986119493059747,0.635773312223199,0.29924933900229245,7.306531398939505,3.7964191371068474,0.10576027631759644,1.3761713761353347,24.0,53.0,1.0
0.805793991416309,0.595880280383452,0.3358076275286226,7.720461694599722,3.99928990791394,0.10576027631759644,1.9190953502675627,25.0,53.0,1.0
0.9282153539381854,0.6564319567590463,0.34949302105144525,7.529943370601589,3.9058152645756863,0.10576027631759644,1.2972789873275141,26.0,53.0,1.0
0.8815489749430524,0.21835114696636018,0.31918771958073666,7.568379267836522,3.9246600052478233,0.10576027631759644,1.447056994530541,27.0,53.0,1.0
0.8633682830930537,0.3270634262859323,0.3265231842020539,7.877017895622398,4.076218654489425,0.10576027631759644,1.575565856639088,28.0,53.0,1.0
0.8443342235787867,0.44596786645806263,0.29125984282797224,7.7025561132685825,3.990497997578979,0.10576027631759644,1.7207350793892089,29.0,53.0,1.0
0.7469602366086099,0.8994148072331176,0.26378023284726154,8.42222295382501,4.344842186925261,0.10576027631759644,2.8617993214802437,30.0,53.0,1.0
0.8362698753760206,0.6332048887699107,0.3064133938025474,7.5740450053721995,3.9274384368452973,0.10576027631759644,1.6019306060812648,31.0,53.0,1.0
0.8731506849315068,0.6936423116226912,0.30934941573828356,8.067149039910106,4.169776296799697,0.10576027631759644,1.9326258220927095,32.0,53.0,1.0
0.8868799258229022,0.3961860973600669,0.37408768714079943,7.5569505720129,3.919055914671212,0.10576027631759644,1.4410666977143278,33.0,53.0,1.0
0.8370152184585175,0.49788277424774646,0.30882597033406634,7.441906728051625,3.8626779744669446,0.10576027631759644,1.6337749207316754,34.0,53.0,1.0
0.875968992248062,0.854352464449986,0.3178395492869869,7.618251097876695,3.9491217637958917,0.10576027631759644,1.6512136943547124,35.0,53.0,1.0
0.9402877697841726,0.5665799472001061,0.32359354698966863,7.176254532017144,3.7327450606704984,0.10576027631759644,1.239293215907388,36.0,53.0,1.0
0.8575581395348837,0.6995561349110179,0.38461806292074213,7.479299637782834,3.8809957007327123,0.10576027631759644,1.5339135189066386,37.0,53.0,1.0
0.7640959170447181,0.5732080525064454,0.31162765268492304,7.07326971745971,3.6824757342645444,0.10576027631759644,2.1192586293732107,38.0,53.0,1.0
0.8596938775510204,0.5893908140947718,0.30794449406475116,7.430114138561801,3.856902523680176,0.10576027631759644,1.653166907921369,39.0,53.0,1.0
0.849194729136164,0.5189141108627574,0.3655656873721503,7.462214939768189,3.8726255555146563,0.10576027631759644,1.7678803091008821,40.0,53.0,1.0
0.9115341545352743,0.732968749457614,0.3866460324920135,7.395721608602045,3.840062589064967,0.10576027631759644,1.3205893963774122,41.0,53.0,1.0
0.8410819949281487,0.8480380615812256,0.34161132674130434,7.596392304064196,3.938398800146399,0.10576027631759644,1.6533871616278444,42.0,53.0,1.0
0.8250197941409343,0.6719123196205398,0.3125906026353239,6.949856455000773,3.622315081754643,0.10576027631759644,1.7529444666997973,43.0,53.0,1.0
0.8709976798143851,0.7312748018959006,0.34218950267871595,7.537962659768208,3.9097464770149415,0.10576027631759644,1.6274236233935733,44.0,53.0,1.0
0.8876117496807152,0.5789119070161857,0.36755429415459906,7.643003635560718,3.9612668592094322,0.10576027631759644,1.4680792831256098,45.0,53.0,1.0
0.9269706336939721,0.5387380414930525,0.3606899866372038,7.783224016336037,4.030117925668049,0.10576027631759644,1.3026281630001606,46.0,53.0,1.0
0.8794701986754967,0.5269737765493049,0.3720551060054164,7.192182058713246,3.7405249146055386,0.10576027631759644,1.4470287229427106,47.0,53.0,1.0
0.886576482830385,0.6127901556351396,0.30502312878830684,7.4413203897176174,3.862390797771338,0.10576027631759644,1.4390248916131736,48.0,53.0,1.0
0.8803329864724245,0.41306014427660487,0.39193947954465436,7.4342573821331355,3.8589316105288938,0.10576027631759644,1.458919252037419,49.0,53.0,1.0
0.9293023255813954,0.4015622096427406,0.3619927632909327,7.6004023345004,3.9403657832561834,0.10576027631759644,1.3331383942331767,50.0,53.0,1.0
0.7935578330893118,0.8941409652822854,0.3840699957198922,6.297109319933935,3.305775284959049,0.06971120089292526,3.330423516692666,1.0,54.0,1.0
0.9093406593406593,0.9063503298692577,0.3398551740519393,6.4967749901858625,3.4022792812655616,0.06971120089292526,1.6577108721406075,2.0,54.0,1.0
0.8416988416988417,0.7196179788394985,0.337697866268359,6.07993319509559,3.201169945858288,0.06971120089292526,2.621269922424865,3.0,54.0,1.0
0.7821100917431193,0.9483496193092404,0.25298711045134353,6.52649485957079,3.4166693482978068,0.06971120089292526,2.0687896829410524,4.0,54.0,1.0
0.8215158924205379,0.8851699632591661,0.39178100488462847,6.511745329644728,3.409526966341127,0.06971120089292526,2.1566913750825067,5.0,54.0,1.0
0.9163701067615658,0.8064061420068086,0.36662300001855586,6.246106765481563,3.2811742778131374,0.06971120089292526,1.4718534252900948,6.0,54.0,1.0
0.8460236886632826,0.927958690192031,0.27272879765112074,6.2166061010848646,3.266954315675413,0.06971120089292526,1.9082195376709286,7.0,54.0,1.0
0.6635714285714286,0.9484577440753368,0.2916387049793864,6.835184586147301,3.566498076950735,0.06971120089292526,6.188617839530548,8.0,54.0,1.0
0.7626353790613718,0.9443183855892812,0.29906131784474516,6.740519359606223,3.5204821864692715,0.06971120089292526,3.852863388933888,9.0,54.0,1.0
0.8011527377521613,0.8619183500304001,0.29064638511618307,6.322565239927284,3.3180616975800703,0.06971120089292526,3.6364319551052917,10.0,54.0,1.0
0.7608906098741529,0.9442804593689487,0.3395943047189311,6.668228248417403,3.4853819696275896,0.06971120089292526,4.805006030585901,11.0,54.0,1.0
0.6979377274565305,0.9886255359392322,0.3496594843492117,7.454141078146678,3.8686704930925435,0.06971120089292526,3.8307809912130617,12.0,54.0,1.0
0.6513157894736842,0.5408328902247844,0.3084766226504252,5.983936280687191,3.155060750185239,0.06971120089292526,2.6693974983566253,13.0,54.0,1.0
0.739344262295082,0.7536068672383598,0.33874082291651053,6.113682179832232,3.2173994642586936,0.06971120089292526,2.7852664986769233,14.0,54.0,1.0
0.7033557046979866,0.8353364848585542,0.30133203086346566,6.263398262591624,3.2895124549543606,0.06971120089292526,3.2840630999876983,15.0,54.0,1.0
0.7123623011015912,0.8635584168720275,0.35184108217527754,6.368187186350492,3.340094090992502,0.06971120089292526,3.9367226078279707,16.0,54.0,1.0
0.6842105263157895,0.6519549976765002,0.26851688594546774,6.280395838960195,3.297711255897661,0.06971120089292526,3.6166226381774753,17.0,54.0,1.0
0.8247338247338247,0.9683067913875415,0.3362307737619278,6.915723448631314,3.605692207198265,0.06971120089292526,2.2208230207605486,18.0,54.0,1.0
0.7545931758530183,0.7314026118075322,0.41851909583307056,6.3561076606958915,3.334258894875057,0.06971120089292526,3.0562138321947194,19.0,54.0,1.0
0.7723463687150838,0.7791301702186825,0.3345649018875028,6.317164686747284,3.315454667507191,0.06971120089292526,2.9407187421901413,20.0,54.0,1.0
0.8587896253602305,0.879753861520242,0.32903938901651597,6.391917113392602,3.351560473221019,0.06971120089292526,2.6786336645545203,21.0,54.0,1.0
0.7710622710622711,0.9379503698144516,0.3388554569763775,6.736966958001855,3.51875653682786,0.06971120089292526,3.4548998673906106,22.0,54.0,1.0
0.5704354189535309,0.9250616270056802,0.415214122766611,7.352441100243583,3.818879104832538,0.06971120089292526,5.589268567251369,23.0,54.0,1.0
0.8391959798994975,0.7238087415084908,0.3880032256352564,6.218600119691729,3.2679152510115372,0.06971120089292526,2.0760685130369816,24.0,54.0,1.0
0.8406072106261859,0.8950706336557438,0.2862699895889163,6.095824562432225,3.208810703734761,0.06971120089292526,1.832879914749519,25.0,54.0,1.0
0.8491484184914841,0.921837031824955,0.3908290721660738,5.857933154483459,3.09466599198655,0.06971120089292526,1.7967711732133684,26.0,54.0,1.0
0.8018181818181818,0.8272884372371191,0.35696679624678285,6.091309882077698,3.206639769098842,0.06971120089292526,2.364394934341197,27.0,54.0,1.0
0.7302083333333333,0.8972626995110975,0.32329265698011167,6.553933404025811,3.429960506875607,0.06971120089292526,4.414364008036375,28.0,54.0,1.0
0.7846750727449079,0.8928451072256424,0.39660087080698875,6.697034247666484,3.499364215744147,0.06971120089292526,3.4611313775236057,29.0,54.0,1.0
0.8099173553719008,0.8031533326379279,0.3228412985811964,6.19644412779452,3.257239926085709,0.06971120089292526,1.8766815306487166,30.0,54.0,1.0
0.8717948717948718,0.8611285114377656,0.36802832866043284,6.361302477572996,3.336768190274,0.06971120089292526,1.5981486419399231,31.0,54.0,1.0
0.8413978494623656,0.9360835051437288,0.3370831484231378,6.440946540632921,3.3752652907168783,0.06971120089292526,1.9540621617762077,32.0,54.0,1.0
0.7975871313672922,0.6893251689385224,0.3315557497841756,6.39024066706535,3.350750266349798,0.06971120089292526,2.9633794657039445,33.0,54.0,1.0
0.7445255474452555,0.8516426504430288,0.3709320801311741,6.418364935936212,3.3643452381681582,0.06971120089292526,2.7672196040724235,34.0,54.0,1.0
0.8509316770186336,0.8305732425668438,0.39601271327326937,6.3080984415095305,3.3110786025216337,0.06971120089292526,1.6673586200632624,35.0,54.0,1.0
0.7054468535166578,0.6766497507818834,0.3822727475056848,7.19668657083435,3.74272540923671,0.06971120089292526,3.57552709026976,36.0,54.0,1.0
0.7917505030181087,0.8765402659606847,0.35942847949883266,6.669498089857879,3.4859982236125884,0.06971120089292526,2.7090262990186917,37.0,54.0,1.0
0.7619047619047619,0.7707798386964637,0.3071109776470588,6.142037405587356,3.231042751474132,0.06971120089292526,2.976516088324693,38.0,54.0,1.0
0.7515527950310559,0.811690291713885,0.3949728036897351,6.406879986069314,3.358792807127421,0.06971120089292526,2.8765164798158898,39.0,54.0,1.0
0.9093432007400555,0.9411297512312138,0.32065238154828896,6.891625897052253,3.593960928377419,0.06971120089292526,1.7951229235248685,40.0,54.0,1.0
0.8366111951588502,0.8152098238691222,0.31544603485216427,6.317164686747284,3.315454667507191,0.06971120089292526,1.834605987857838,41.0,54.0,1.0
0.851228978007762,0.8764859566669322,0.3438572569973048,6.490723534502507,3.3993500180758454,0.06971120089292526,2.8547667923895657,42.0,54.0,1.0
0.7659574468085106,0.9001833935591044,0.3330764875934953,6.418364935936212,3.3643452381681582,0.06971120089292526,4.375424246232182,43.0,54.0,1.0
0.7906458797327395,0.8830658078255035,0.36425187478540333,6.566672429803241,3.436133095036098,0.06971120089292526,3.26084130926376,44.0,54.0,1.0
0.713436385255648,0.6844034097524515,0.3802648490514036,6.398594934535208,3.3547879997000694,0.06971120089292526,3.3161897120035264,45.0,54.0,1.0
0.7800252844500632,0.7835251358735066,0.3396313134698522,6.42648845745769,3.3682731816433544,0.06971120089292526,3.153538498216704,46.0,54.0,1.0
0.7275574112734864,0.8859946289718688,0.3239588160896,6.548219102762372,3.4271920675450747,0.06971120089292526,4.012992209112847,47.0,54.0,1.0
0.7865671641791044,0.8393351664880697,0.335910305670938,6.269096283706261,3.2922606426771264,0.06971120089292526,3.0944857824618377,48.0,54.0,1.0
0.7018633540372671,0.897641198164761,0.3821762506470024,6.674561391814426,3.488455553134174,0.06971120089292526,4.722133601164488,49.0,54.0,1.0
0.8888888888888888,0.8382754737168292,0.2618430960124849,6.285998094508865,3.3004140194890073,0.0711306482553482,1.4483433163508543,1.0,55.0,1.0
0.8445440956651719,0.5998989336392878,0.2660044869349032,6.338594078203183,3.325800714356344,0.0711306482553482,1.9558328173681787,2.0,55.0,1.0
0.7872779843040066,0.9562560834307133,0.29205092659108195,7.553286605600419,3.9172594067144986,0.0711306482553482,2.3835852523597096,3.0,55.0,1.0
0.9134615384615384,0.800333412183836,0.26729802369013606,6.634633357861686,3.469082387698186,0.0711306482553482,1.4287142932520844,4.0,55.0,1.0
0.7921686746987951,0.7734727173908127,0.2989232688058874,6.267200548541362,3.291346289814672,0.0711306482553482,1.748239448703177,5.0,55.0,1.0
0.9013657056145675,0.6052566696624337,0.25959537125541376,6.38856140554563,3.349938720549436,0.0711306482553482,1.3511374757434593,6.0,55.0,1.0
0.878140703517588,0.8672179168093143,0.25085147875832925,6.551080335043404,3.428578235385295,0.0711306482553482,1.6643686638071766,7.0,55.0,1.0
0.9487179487179487,0.8160099274924043,0.22832144917909247,6.320768294250582,3.3171942254202196,0.0711306482553482,1.356186905058918,8.0,55.0,1.0
0.836552748885587,0.7500758869776221,0.34720699806506583,6.335054251498059,3.324091447428883,0.0711306482553482,1.7311475513503158,9.0,55.0,1.0
0.8361344537815126,0.6073677843910487,0.2289417277118352,6.393590753950631,3.352369345593839,0.0711306482553482,1.760127852271007,10.0,55.0,1.0
0.8492462311557789,0.6029506107082322,0.3431940595329221,6.230481447578482,3.2736416465680107,0.0711306482553482,1.730858779663477,11.0,55.0,1.0
0.9092261904761905,0.6123574720976717,0.24748151661404533,6.416732282512326,3.3635558662074105,0.0711306482553482,1.3481349794340434,12.0,55.0,1.0
0.8630952380952381,0.355747207270202,0.33289042547161446,6.077642243349034,3.2000686100941182,0.0711306482553482,1.6598732575949708,13.0,55.0,1.0
0.8614564831261101,0.4642005945691871,0.29218937367358166,6.186208623900494,3.252309572886743,0.0711306482553482,1.6547951764775566,14.0,55.0,1.0
0.7636103151862464,0.558116377534494,0.2733575099687872,6.280395838960195,3.297711255897661,0.0711306482553482,2.028736578248983,15.0,55.0,1.0
0.8727858293075684,0.8832465540070746,0.29304137435071664,6.297109319933935,3.305775284959049,0.0711306482553482,1.5227651267610676,16.0,55.0,1.0
0.8814935064935064,0.9015278870410165,0.29340380780343567,6.298949246855942,3.306663161251125,0.0711306482553482,1.685869899010402,17.0,55.0,1.0
0.910913140311804,0.8156488808993051,0.31372150438818214,6.016157159698354,3.1705279314042873,0.0711306482553482,1.437040148954013,18.0,55.0,1.0
0.8817567567567568,0.6754127940045811,0.3528782752453284,6.259581464064923,3.2876717382596228,0.0711306482553482,1.7313213522805648,19.0,55.0,1.0
0.6115981119352664,0.7895453822903017,0.2390099252037211,6.811244378601294,3.5548554906182406,0.0711306482553482,3.7380128856296673,20.0,55.0,1.0
0.84375,0.6860520388682422,0.34208268955471804,6.342121418721152,3.327504049817454,0.0711306482553482,1.9296057712994474,21.0,55.0,1.0
0.8048533872598584,0.8496608238848706,0.26727669170169227,6.680854678790215,3.4915100641572487,0.0711306482553482,3.330035155091161,22.0,55.0,1.0
0.875717017208413,0.5031241698718384,0.3557423562237414,6.129050210060545,3.2247930321274607,0.0711306482553482,1.5379753790892678,23.0,55.0,1.0
0.8647686832740213,0.6668571473025963,0.2383629314833141,6.18826412308259,3.253299618946441,0.0711306482553482,1.4932675973910128,24.0,55.0,1.0
0.8006103763987793,0.7742595121876678,0.30946761200259043,6.669498089857879,3.4859982236125884,0.0711306482553482,2.9718892946971156,25.0,55.0,1.0
0.8421052631578947,0.944249104542781,0.5150818375604547,3.4965075614664802,1.9991904198260104,0.0711306482553482,1.3757670383259464,26.0,55.0,1.0
0.8072727272727273,0.531553654899044,0.3102463958596417,6.09807428216624,3.2098925725250473,0.0711306482553482,2.3326577334065663,27.0,55.0,1.0
0.7962962962962963,0.721821882242574,0.235277994543935,5.84354441703136,3.0877787618435875,0.0711306482553482,1.7416721603082845,28.0,55.0,1.0
0.835,0.5767761337943244,0.3127850236485557,6.218600119691729,3.2679152510115372,0.0711306482553482,1.6395420303769521,29.0,55.0,1.0
0.7788732394366197,0.6912184547995344,0.2802246114840669,6.317164686747284,3.315454667507191,0.0711306482553482,2.034764231760773,30.0,55.0,1.0
0.4935064935064935,0.8123245477178755,0.48307396505896655,3.6635616461296463,2.0739007621600622,0.0711306482553482,1.7240106097159862,31.0,55.0,1.0
0.7871072589382448,0.955119271172855,0.26566355047037876,7.282073658093465,3.7844583395362363,0.0711306482553482,2.397750224110736,32.0,55.0,1.0
0.9006802721088435,0.7805923964161167,0.20499249245746257,6.4967749901858625,3.4022792812655616,0.0711306482553482,1.428506766516917,33.0,55.0,1.0
0.8422876949740035,0.6934042278257847,0.19699623103341612,6.18826412308259,3.253299618946441,0.0711306482553482,1.7063296509430574,34.0,55.0,1.0
0.9473684210526315,0.8378105411337329,0.3268890411949428,6.698268054115413,3.4999632228985154,0.0711306482553482,1.3137670219422688,35.0,55.0,1.0
0.7793952967525196,0.7510900411901276,0.31269345499492773,6.546785410760524,3.42649751558829,0.0711306482553482,2.5837383540467003,36.0,55.0,1.0
0.805528134254689,0.8599287510689426,0.2426153001493569,6.705639094860003,3.5035420416441037,0.0711306482553482,2.459586722519249,37.0,55.0,1.0
0.8512820512820513,0.8251753204770557,0.23421275898884403,6.212606095751519,3.2650267762701417,0.0711306482553482,1.6923500507406917,38.0,55.0,1.0
0.8373493975903614,0.6957239336740741,0.3331960368841499,6.035481432524756,3.1798087326686115,0.0711306482553482,1.8268062006020231,39.0,55.0,1.0
0.841715976331361,0.8699355858862018,0.3211763483023594,6.345636360828596,3.3292014950260556,0.0711306482553482,1.5840783901411573,40.0,55.0,1.0
0.7604306864064603,0.7312944119875886,0.22614582508722605,6.338594078203183,3.325800714356344,0.0711306482553482,2.0720217739389493,41.0,55.0,1.0
0.8581024349286314,0.901903691650087,0.2535363536060009,6.930494765951626,3.6128850107874486,0.0711306482553482,1.9698242034523252,42.0,55.0,1.0
0.79750346740638,0.5917258854219908,0.3168018755229133,6.3561076606958915,3.334258894875057,0.0711306482553482,2.57741399983367,43.0,55.0,1.0
0.8565840938722294,0.8421719672870814,0.2872633151179629,6.489204931325317,3.398614966409901,0.0711306482553482,2.582709426799287,44.0,55.0,1.0
0.8879736408566722,0.8662336729874804,0.3167954718772515,6.29156913955832,3.3031019751298745,0.0711306482553482,1.4615897448444803,45.0,55.0,1.0
0.7925736235595391,0.45227031440001203,0.30575175022303674,6.429719478039138,3.3698356066712125,0.0711306482553482,1.8945897286833637,46.0,55.0,1.0
0.9174311926605505,0.8167197871360719,0.24975302361652052,6.398594934535208,3.3547879997000694,0.0711306482553482,1.366310353665496,47.0,55.0,1.0
0.9277504105090312,0.732945190963978,0.26583987999921893,6.338594078203183,3.325800714356344,0.0711306482553482,1.2493778261760526,48.0,55.0,1.0
0.8464788732394366,0.7632219813595748,0.2606362003882673,6.400257445308821,3.3555915779487355,0.0711306482553482,1.698357680772094,49.0,55.0,1.0
0.8980747451868629,0.8179729238095537,0.27025890541052006,6.677083461247136,3.489679632917633,0.0711306482553482,1.518494673102945,50.0,55.0,1.0
0.8962188254223652,0.8632159911494618,0.3033830980052544,7.016609683894219,3.6548443657380183,0.0711306482553482,1.594367825767276,51.0,55.0,1.0
0.8391304347826087,0.8747030165563551,0.3037103425385274,5.958424693029782,3.1428209247966743,0.06984823942184448,1.7557319219151133,1.0,56.0,1.0
0.8745247148288974,0.9432134416802935,0.3496093490264038,6.133398042996649,3.226885143400894,0.06984823942184448,1.7042591681172912,2.0,56.0,1.0
0.8213660245183888,0.8823882804035365,0.335949916028329,6.152732694704104,3.2361906317473745,0.06984823942184448,1.764699579610417,3.0,56.0,1.0
0.8713450292397661,0.907309662047602,0.3577283342632703,5.700443573390686,3.0193923792804047,0.06984823942184448,1.5937683541119811,4.0,56.0,1.0
0.8329411764705882,0.8919984929514606,0.36190989092168924,5.872117789475416,3.101457452879022,0.06984823942184448,1.7480914945815933,5.0,56.0,1.0
0.7764705882352941,0.8494577111295328,0.2750273231101267,5.802118375377063,3.0679610941199775,0.06984823942184448,1.7668644211450288,6.0,56.0,1.0
0.7913486005089059,0.6059616168623263,0.38694974890279316,5.7430031878094825,3.0397100845444807,0.06984823942184448,1.767520713625891,7.0,56.0,1.0
0.8432671081677704,0.8664708628426135,0.3202023043387638,5.948034989180646,3.1378379036506057,0.06984823942184448,1.6199591337222097,8.0,56.0,1.0
0.8901408450704226,0.8892597700369945,0.37415445956715887,5.75890177387728,3.047304603298942,0.06984823942184448,1.4654569226466045,9.0,56.0,1.0
0.795484727755644,0.934768734955098,0.296094186865242,6.396929655216146,3.3539831044573494,0.06984823942184448,1.9643371611572238,10.0,56.0,1.0
0.8491379310344828,0.9309798129004172,0.36756133617965486,5.978885764901122,3.1526371691065775,0.06984823942184448,1.7824010624439126,11.0,56.0,1.0
0.9346246973365617,0.9463369315598503,0.26942900709257595,5.958424693029782,3.1428209247966743,0.06984823942184448,1.6245418120504285,12.0,56.0,1.0
0.8783505154639175,0.9250437234029275,0.3381590360107783,6.056784013228625,3.190043482747458,0.06984823942184448,1.6195649222738808,13.0,56.0,1.0
0.90625,0.8981389421684047,0.29135996036298123,5.673323267171493,3.0064548212072264,0.06984823942184448,1.4010952027500703,14.0,56.0,1.0
0.8342105263157895,0.8333070948109076,0.36373847592496755,5.762051382780177,3.048809421238675,0.06984823942184448,1.5671808238293854,15.0,56.0,1.0
0.8668280871670703,0.9205350658666172,0.29914591497070697,5.883322388488279,3.1068234468444036,0.06984823942184448,1.6325007754799075,16.0,56.0,1.0
0.8877551020408163,0.9185394397031306,0.3229460107273726,5.855071922202427,3.0932962940146203,0.06984823942184448,1.607384806877961,17.0,56.0,1.0
0.9271523178807947,0.8952610592656245,0.3746676133656313,5.638354669333745,2.9897843636388495,0.06984823942184448,1.3766558077442543,18.0,56.0,1.0
0.8125,0.954842085811759,0.24052030289118836,5.786897381366708,3.06068374343092,0.06984823942184448,2.0607501442146487,19.0,56.0,1.0
0.8940809968847352,0.8570937287203069,0.3342030372790259,5.662960480135946,3.001513299195731,0.06984823942184448,1.3508480942103633,20.0,56.0,1.0
0.8901515151515151,0.8728208090850558,0.3570867643885662,5.4638318050256105,2.9067767396614164,0.06984823942184448,1.35921673383809,21.0,56.0,1.0
0.8885542168674698,0.8640096375436908,0.3489872242168056,5.69035945432406,3.0145809480811034,0.06984823942184448,1.4885446093020942,22.0,56.0,1.0
0.8937728937728938,0.9024686451741752,0.316717688910503,5.501258210544727,2.9245501886414424,0.06984823942184448,1.4390697102518475,23.0,56.0,1.0
0.8926174496644296,0.9132245770733868,0.30694587716313415,5.58724865840025,2.9654435299704613,0.06984823942184448,1.483814334089177,24.0,56.0,1.0
0.8668407310704961,0.9124426880594521,0.3015582275138322,5.808142489980444,3.0708419217261693,0.06984823942184448,1.5825245900689622,25.0,56.0,1.0
0.9218106995884774,0.8527821327940542,0.31477127620061,5.41610040220442,2.8841319408092607,0.06984823942184448,1.2764150147611646,26.0,56.0,1.0
0.8188405797101449,0.8822670209588296,0.3185180029067688,5.424950017481403,2.888328474376144,0.06984823942184448,1.7393940860035493,27.0,56.0,1.0
0.9002375296912114,0.9234428616857602,0.3331220369132975,5.940171252720432,3.1340670235501786,0.06984823942184448,1.5735159055026842,28.0,56.0,1.0
0.875,0.8486947647633156,0.37152710235651426,5.840641657373398,3.0863895830282515,0.06984823942184448,1.4789170718445837,29.0,56.0,1.0
0.8472727272727273,0.8426911626705383,0.42848165940046923,5.455321115357702,2.902737237029169,0.06984823942184448,1.6266191288077225,30.0,56.0,1.0
0.806615776081425,0.7778272461479501,0.3569721364195241,5.762051382780177,3.048809421238675,0.06984823942184448,1.8185263261297198,31.0,56.0,1.0
0.7763819095477387,0.7995840318660893,0.31953045679883685,5.736572297479192,3.0366388555496324,0.06984823942184448,1.8505952317572871,32.0,56.0,1.0
0.9257950530035336,0.8418480759325608,0.345862984643307,5.572154032177765,2.9582594772777395,0.06984823942184448,1.2970895455973692,33.0,56.0,1.0
0.8323207776427703,0.8408915811254875,0.34799536161074834,6.530877627725885,3.418791985002002,0.06984823942184448,2.0907829355927636,34.0,56.0,1.0
0.8298969072164949,0.9395784692538401,0.2533698859790022,5.777652323222656,3.0562646669363067,0.06984823942184448,1.8005104568211163,35.0,56.0,1.0
0.8656716417910447,0.8857629597180912,0.3541393573832834,5.4510384535657,2.9007048223163214,0.06984823942184448,1.4650899702726072,36.0,56.0,1.0
0.8592132505175983,0.9019080625446982,0.31724593653391314,6.030685260261263,3.1775049819767096,0.06984823942184448,1.6798673492034104,37.0,56.0,1.0
0.8961424332344213,0.8904839011984943,0.34551090241061927,5.713732805509369,3.025734630798558,0.06984823942184448,1.4922857681958912,38.0,56.0,1.0
0.8881431767337807,0.9195616813876879,0.27213892742066953,5.986452005284438,3.156268052106129,0.06984823942184448,1.5007281815878524,39.0,56.0,1.0
0.8816901408450705,0.9372328864408869,0.3219497570677814,5.749392985908253,3.0427620955781656,0.06984823942184448,1.644535040894024,40.0,56.0,1.0
0.7539118065433855,0.9588242809543877,0.3082660117460764,6.274762021241939,3.2949935195029982,0.06984823942184448,2.156365445617435,41.0,56.0,1.0
0.8276762402088773,0.8815718127438172,0.38223629890586497,5.762051382780177,3.048809421238675,0.06984823942184448,1.7013899659866072,42.0,56.0,1.0
0.8885714285714286,0.8158097777563558,0.37648111702874265,5.7430031878094825,3.0397100845444807,0.06984823942184448,1.3587137598962284,43.0,56.0,1.0
0.8971291866028708,0.9288750693043318,0.3443902092321599,5.929589143389895,3.128993506456731,0.06984823942184448,1.5746721165644304,44.0,56.0,1.0
0.9263456090651558,0.8841197013770803,0.3467689546041486,5.793013608384144,3.0636077182062085,0.06984823942184448,1.3568242805852861,45.0,56.0,1.0
0.8966565349544073,0.8700268588547496,0.34061411008874215,5.69035945432406,3.0145809480811034,0.06984823942184448,1.3325527574128884,46.0,56.0,1.0
0.8400735294117647,0.9335358889355093,0.3196278378261497,6.126869184114185,3.2237436162807276,0.06984823942184448,1.6737669456686586,47.0,56.0,1.0
0.889487870619946,0.8381138160418369,0.3142666034946326,5.802118375377063,3.0679610941199775,0.06984823942184448,1.3605137147862174,48.0,56.0,1.0
0.9370932754880694,0.8705109696388658,0.20057250459182974,6.07073772800249,3.1967496595577645,0.09157115966081619,1.3992145600621306,1.0,57.0,1.0
0.9271948608137045,0.8443799781314493,0.20318734326660626,6.073044534100405,3.1978584782637562,0.09157115966081619,1.3618825710053686,2.0,57.0,1.0
0.8854625550660793,0.9191457764362102,0.21055265675636578,6.403574197934815,3.3571948007312304,0.09157115966081619,1.582271590108564,3.0,57.0,1.0
0.8621848739495799,0.884542356653509,0.2640880308416168,6.2422232654551655,3.2793019394667504,0.09157115966081619,1.5644749719134792,4.0,57.0,1.0
0.9114583333333334,0.8886536782892746,0.1928428321448711,6.26530121273771,3.290430229380671,0.09157115966081619,1.4052109583974024,5.0,57.0,1.0
0.9186991869918699,0.9171232596621184,0.21071295147457877,6.338594078203183,3.325800714356344,0.09157115966081619,1.5270414067914504,6.0,57.0,1.0
0.8977505112474438,0.8889904284930732,0.21000610333349645,6.0867747269123065,3.2044591667776596,0.09157115966081619,1.5518929192146376,7.0,57.0,1.0
0.9299610894941635,0.8209264201709245,0.22075840573959674,6.171700597410915,3.2453226809481306,0.09157115966081619,1.3017458318998594,8.0,57.0,1.0
0.739209726443769,0.9815418554525683,0.1877618484354085,7.104144092987527,3.6975399950041226,0.09157115966081619,2.8187492335075657,9.0,57.0,1.0
0.9064039408866995,0.7174756573180336,0.24525008969469805,5.910796644040527,3.1199861290795745,0.09157115966081619,1.3713050462467369,10.0,57.0,1.0
0.8826185101580135,0.8707694280353541,0.20451789638283674,5.971261839790462,3.148979129142304,0.09157115966081619,1.4590249796794765,11.0,57.0,1.0
0.8856682769726248,0.8639015080404414,0.22757327268621855,6.311734809152915,3.312833714085301,0.09157115966081619,1.469217550006689,12.0,57.0,1.0
0.9029982363315696,0.8977990175475012,0.21410470930503384,6.240275845170769,3.278363082792804,0.09157115966081619,1.5675305870929979,13.0,57.0,1.0
0.7755610972568578,0.6600524912556832,0.253395651407654,5.7430031878094825,3.0397100845444807,0.09157115966081619,1.813370094765268,14.0,57.0,1.0
0.9161676646706587,0.9364206122780462,0.22999687022915596,6.131226489483141,3.2258402046274908,0.09157115966081619,1.646619391047645,15.0,57.0,1.0
0.8733624454148472,0.7613268724871893,0.21037333197030783,5.993961427306569,3.159872180588705,0.09157115966081619,1.4693735523054778,16.0,57.0,1.0
0.8673469387755102,0.7862215446895081,0.20049860785522552,6.054439346269371,3.1889167998345416,0.09157115966081619,1.4754662104740368,17.0,57.0,1.0
0.923469387755102,0.8928145660177367,0.25841427640950526,5.8944028342648505,3.1121311440517316,0.09157115966081619,1.3758591004525325,18.0,57.0,1.0
0.7932011331444759,0.9776760792419721,0.1924296794081747,7.02197642307216,3.657460759543554,0.09157115966081619,2.543289673325084,19.0,57.0,1.0
0.7994505494505495,0.9430915366868926,0.1992221437931855,6.773080375655535,3.5363032226416697,0.09157115966081619,2.1229651351396917,20.0,57.0,1.0
0.8881987577639752,0.8992312637947665,0.19023948376599598,6.063785208687608,3.19340805480027,0.09157115966081619,1.466393602063345,21.0,57.0,1.0
0.8930041152263375,0.8989903015314485,0.2503491681407717,6.075346031088684,3.1989647913230304,0.09157115966081619,1.4752669747889997,22.0,57.0,1.0
0.9039812646370023,0.8395552410764774,0.21946975032882152,5.958424693029782,3.1428209247966743,0.09157115966081619,1.361135139644807,23.0,57.0,1.0
0.9114219114219114,0.8464283859452562,0.23222440783750997,5.971261839790462,3.148979129142304,0.09157115966081619,1.351766508119212,24.0,57.0,1.0
0.8465753424657534,0.9452871940159776,0.21834047402121995,6.428105272684596,3.3690550153282692,0.09157115966081619,1.7703664600757065,25.0,57.0,1.0
0.9494047619047619,0.8268538751966916,0.23831197626044134,5.768320995793772,3.051805203465507,0.09157115966081619,1.232298004504082,26.0,57.0,1.0
0.9344262295081968,0.9151544301121665,0.2680572054743635,5.991464547107982,3.158673752678844,0.09157115966081619,1.4730561927874466,27.0,57.0,1.0
0.9412997903563941,0.9192424841463464,0.23646270461036512,6.1092475827643655,3.2152663537569754,0.09157115966081619,1.4182775591697598,28.0,57.0,1.0
0.8802395209580839,0.8815617942581379,0.20653772949139737,6.091309882077698,3.206639769098842,0.09157115966081619,1.4407630457220892,29.0,57.0,1.0
0.9040852575488455,0.8929552241862874,0.2583391440403415,6.234410725718371,3.2755356796562056,0.09157115966081619,1.408353737442564,30.0,57.0,1.0
0.8977987421383647,0.9538971273679301,0.18355248376388783,6.349138991379798,3.330893090766943,0.09157115966081619,1.7889027980477679,31.0,57.0,1.0
0.8423423423423423,0.8429724316671143,0.24333989164140996,5.926926025970411,3.1277168565226234,0.09157115966081619,1.5413712443398961,32.0,57.0,1.0
0.9086651053864169,0.7875576719973215,0.26451202618034203,5.963579343618446,3.1452935205900445,0.09157115966081619,1.302742375669163,33.0,57.0,1.0
0.8253521126760563,0.9384490852654268,0.2313029744258953,6.375024819828097,3.3433976136291093,0.09157115966081619,1.822276479899606,34.0,57.0,1.0
0.9494505494505494,0.9021447301830166,0.17828318314586886,6.07073772800249,3.1967496595577645,0.09157115966081619,1.3946544638192224,35.0,57.0,1.0
0.9130434782608695,0.8463229452104754,0.2590841122373653,5.937536205082426,3.1328035721870147,0.09157115966081619,1.3569357208937782,36.0,57.0,1.0
0.919047619047619,0.8709175466600747,0.23959574096496075,5.958424693029782,3.1428209247966743,0.09157115966081619,1.3794269691055088,37.0,57.0,1.0
0.8963210702341137,0.6932516163717612,0.2212609809138788,5.594711379601839,2.968996182651891,0.09157115966081619,1.3984619305808133,38.0,57.0,1.0
0.9153674832962138,0.8696184449281444,0.16602345673776162,6.021023349349527,3.172864686238923,0.09157115966081619,1.4428811572538445,39.0,57.0,1.0
0.9289693593314763,0.9546499721104253,0.22620498085782625,6.504288173536645,3.4059164812342138,0.09157115966081619,1.7471193229467328,40.0,57.0,1.0
0.9341317365269461,0.876371801376167,0.21162216349989363,6.150602768446279,3.235165373652169,0.09157115966081619,1.3755010261064344,41.0,57.0,1.0
0.9014705882352941,0.9248950160300976,0.17931944949126769,6.419994928147142,3.365133343625764,0.09157115966081619,1.6056184966082805,42.0,57.0,1.0
0.879837067209776,0.8843731988634349,0.2326009937003278,6.07073772800249,3.1967496595577645,0.09157115966081619,1.5062495764840913,43.0,57.0,1.0
0.7789473684210526,0.9589761291972013,0.21607931055620586,6.9440872082295275,3.6195049439864766,0.09157115966081619,2.3041242395549513,44.0,57.0,1.0
0.9117647058823529,0.7825985709772437,0.22441321971958708,6.075346031088684,3.1989647913230304,0.09157115966081619,1.3025472270249765,45.0,57.0,1.0
0.9153846153846154,0.893227175121234,0.21016925845834392,5.8805329864007,3.1054874638185948,0.09157115966081619,1.4036997515086653,46.0,57.0,1.0
0.878731343283582,0.8690833015653643,0.2130676993613201,6.156978985585555,3.238234734370268,0.09157115966081619,1.6692274455915164,47.0,57.0,1.0
0.8926080892608089,0.6853129514521213,0.40884299402550794,7.560601162768557,3.920845925923087,0.08734133094549179,1.4697026705893725,1.0,58.0,1.0
0.9294636296840558,0.37285301176966573,0.35020591086809905,7.143617602704121,3.7168077916761453,0.08734133094549179,1.247308568826949,2.0,58.0,1.0
0.7607455306200076,0.34427340124181494,0.3512407550604165,7.601402334583733,3.9408563103932455,0.08734133094549179,2.162633192413416,3.0,58.0,1.0
0.7963617988883275,0.9374316678929719,0.2901178199635234,8.461469042643875,4.364217279527101,0.08734133094549179,2.04290802261194,4.0,58.0,1.0
0.9199057714958775,0.7167646876676572,0.32789685347914244,7.354362330421477,3.8198192441055348,0.08734133094549179,1.3787704221639092,5.0,58.0,1.0
0.8770581778265643,0.3765919603880757,0.3121734776613527,7.377133712833954,3.8309636628024917,0.08734133094549179,1.4395799672274228,6.0,58.0,1.0
0.8524509803921568,0.6926728339046405,0.37080287994454914,7.461640392208575,3.8723440972155596,0.08734133094549179,1.6236882617354105,7.0,58.0,1.0
0.9501075268817204,0.6270810574392661,0.3060797958755182,7.700747794511798,3.989610162614355,0.08734133094549179,1.2577481995542033,8.0,58.0,1.0
0.8936376881981545,0.8447239181827616,0.3318892243027422,7.518064181233078,3.8999924060332596,0.08734133094549179,1.4421892334804136,9.0,58.0,1.0
0.8595505617977528,0.637627724462598,0.3247644851058624,7.595889917718538,3.9381523768641196,0.08734133094549179,1.617930494673321,10.0,58.0,1.0
0.8682483594144371,0.7233754147837025,0.36445821404267864,7.450660796211539,3.8669657390755026,0.08734133094549179,1.5785040281771805,11.0,58.0,1.0
0.9191138588356518,0.5667320686834623,0.3393305445124041,7.487173694213739,3.8848538334097658,0.08734133094549179,1.3562087091138448,12.0,58.0,1.0
0.8879551820728291,0.2972570613021856,0.3486360014659209,7.368970402194793,3.826968201438202,0.08734133094549179,1.3913057768038317,13.0,58.0,1.0
0.8976417461113899,0.6972301374051293,0.28836067636092577,7.489970898834801,3.88622447976357,0.08734133094549179,1.4659534388580187,14.0,58.0,1.0
0.838339222614841,0.6910673481601127,0.30477819147437607,7.549082710812286,3.9151982387209125,0.08734133094549179,1.7418145392080466,15.0,58.0,1.0
0.8963636363636364,0.7717492660510094,0.303071377311331,7.81035268372429,4.043448270079413,0.08734133094549179,1.5717670344692252,16.0,58.0,1.0
0.8474233748736949,0.7666042844849548,0.3260379371582909,7.830822995135316,4.053508871030466,0.08734133094549179,1.6891270057510293,17.0,58.0,1.0
0.827275413711584,0.9403756758864648,0.31507042865583074,8.630521876723241,4.447728056831252,0.08734133094549179,2.183419417243448,18.0,58.0,1.0
0.8895196506550218,0.5356127615877956,0.27465111262662756,7.61972421378267,3.9498444870976464,0.08734133094549179,1.4581264419902114,19.0,58.0,1.0
0.8884702336096458,0.7682249119499638,0.35017608033829495,7.07326971745971,3.6824757342645444,0.08734133094549179,1.4268786536537739,20.0,58.0,1.0
0.8635539437896645,0.7531231192492319,0.3441515883517882,7.552762084214147,3.9170022296170863,0.08734133094549179,1.5199691095472958,21.0,58.0,1.0
0.8382693793458666,0.8934924637109586,0.30386346625095917,8.08825472712243,4.180170109439832,0.08734133094549179,1.8777096244188163,22.0,58.0,1.0
0.9222222222222223,0.8612387111740438,0.3786459225321476,7.252762418053187,3.77012810821047,0.08734133094549179,1.4548198642230574,23.0,58.0,1.0
0.7924297924297924,0.5784554881729363,0.32369627156673286,7.5745584842024805,3.927690249957396,0.08734133094549179,1.8542265496121466,24.0,58.0,1.0
0.9230769230769231,0.5811066407567804,0.33186251007559053,7.313886831633462,3.8000168390178755,0.08734133094549179,1.3159702347786473,25.0,58.0,1.0
0.7920955125566077,0.2710658302422264,0.31000336810507995,7.562681246721884,3.921865890691685,0.08734133094549179,1.9049591969265063,26.0,58.0,1.0
0.8770995493650143,0.6916316065679372,0.31023263402793877,7.669495251007694,3.97426826337783,0.08734133094549179,1.64329607640753,27.0,58.0,1.0
0.8847826086956522,0.6311649761525715,0.22737817488080483,7.618742377670413,3.9493627887953138,0.08734133094549179,1.4825360443556481,28.0,58.0,1.0
0.9104227710339055,0.5736925487836135,0.41743447648635057,7.685243607975833,3.9819986132016965,0.08734133094549179,1.3891343091935702,29.0,58.0,1.0
0.9240088105726872,0.630413676126325,0.31138149819036787,7.425953657077541,3.854865079261356,0.08734133094549179,1.4010713252018863,30.0,58.0,1.0
0.8678102926337034,0.7192133178289206,0.2455678868807365,7.450660796211539,3.8669657390755026,0.08734133094549179,1.5317280023874569,31.0,58.0,1.0
0.9328896283971159,0.7165420886383869,0.2860449766638024,7.428333194190806,3.8560303606132327,0.08734133094549179,1.4016884812971506,32.0,58.0,1.0
0.9093516924842227,0.605689135755396,0.3849232457721014,7.368970402194793,3.826968201438202,0.08734133094549179,1.3644373453712402,33.0,58.0,1.0
0.8934707903780069,0.9172595114492521,0.33762405603614876,6.660575149839686,3.481668154607897,0.08734133094549179,1.5585411647597835,34.0,58.0,1.0
0.9190952588081774,0.5328517978169691,0.3057336669267498,7.656337166430183,3.9678102265732176,0.08734133094549179,1.3197254139506212,35.0,58.0,1.0
0.9207459207459208,0.9404371627434044,0.3403583195553018,6.673297967767654,3.4878423698666046,0.08734133094549179,1.6286409302269036,36.0,58.0,1.0
0.8643986583612842,0.7796021242730423,0.25133933827286914,7.498315870766981,3.8903137849859992,0.08734133094549179,1.7856326252895822,37.0,58.0,1.0
0.8787210584343991,0.8869640136346577,0.30673369294752617,8.067462667010057,4.169930735307033,0.08734133094549179,1.7538801224796807,38.0,58.0,1.0
0.9375520399666945,0.6716358373050475,0.4017290363175746,7.027314514039777,3.66006335417057,0.08734133094549179,1.259499055853687,39.0,58.0,1.0
0.9432943294329433,0.5548613587435188,0.3753323673746682,6.955592608396297,3.6251092996293104,0.08734133094549179,1.195910907615879,40.0,58.0,1.0
0.9065934065934066,0.8137358524718419,0.351093208584456,7.745435610274381,4.011554768422092,0.08734133094549179,1.5301106488982887,41.0,58.0,1.0
0.9498680738786279,0.867495239135654,0.3180595636675125,6.985641817639208,3.639750221565756,0.08734133094549179,1.367358967929077,42.0,58.0,1.0
0.9024390243902439,0.8163749962202724,0.3187886046393559,7.461640392208575,3.8723440972155596,0.08734133094549179,1.474089295167281,43.0,58.0,1.0
0.9076163610719323,0.666325739947908,0.28539230642546126,7.160845906664299,3.72521998726923,0.08734133094549179,1.3953986818320177,44.0,58.0,1.0
0.8567208271787297,0.48247180236800113,0.3436964570756167,7.462214939768189,3.8726255555146563,0.08734133094549179,1.550479028463641,45.0,58.0,1.0
0.885511251480458,0.734450408519085,0.3132633657392472,7.716015266642587,3.9971065161313497,0.08734133094549179,1.620551597280004,46.0,58.0,1.0
0.9234184239733629,0.7081745068375427,0.3720577692179151,7.417580402414544,3.850764839562826,0.08734133094549179,1.3446392134459864,47.0,58.0,1.0
0.8450342465753424,0.5439175989317228,0.3260342509496898,7.5883236773352225,3.934441232648331,0.08734133094549179,1.6223662112441057,48.0,58.0,1.0
0.9556527170518426,0.8661340845635981,0.3489393165892855,7.333676395657684,3.809697725016692,0.08734133094549179,1.3433468842670973,49.0,58.0,1.0
0.9384752563530985,0.8381007621882719,0.3579888343939777,7.652545692693921,3.965949498719763,0.08734133094549179,1.3677171471248377,50.0,58.0,1.0
0.905440414507772,0.5544685404417258,0.3617573009173137,7.6487397889562425,3.9640817529944505,0.08734133094549179,1.440804541009068,51.0,58.0,1.0
0.9082321187584346,0.8292811766160983,0.37837752559814186,7.205635176410364,3.7470972097440742,0.08734133094549179,1.4474259235871563,52.0,58.0,1.0
0.7727944800394283,0.9814948192502824,0.22914900122438464,7.358193752733032,3.821694176975532,0.07174617797136307,3.96362601557523,1.0,59.0,1.0
0.8988195615514334,0.7763497520367034,0.34683067937586,6.280395838960195,3.297711255897661,0.07174617797136307,1.4221473058619116,2.0,59.0,1.0
0.8362892223738063,0.7902875773431225,0.3819442470198599,6.419994928147142,3.365133343625764,0.07174617797136307,1.961173558908799,3.0,59.0,1.0
0.785622593068036,0.8815861305391657,0.35103353529850045,6.418364935936212,3.3643452381681582,0.07174617797136307,2.1771428473279735,4.0,59.0,1.0
0.828080229226361,0.8535612553305176,0.2510453262037973,6.361302477572996,3.336768190274,0.07174617797136307,2.3435302119244676,5.0,59.0,1.0
0.8913857677902621,0.9528499283237231,0.3493248758639308,5.476463551931511,2.91277372451585,0.07174617797136307,1.6678608931745917,6.0,59.0,1.0
0.8954423592493298,0.885735085170678,0.32278628928786596,6.505784060128229,3.4066407028003685,0.07174617797136307,1.5253026339972815,7.0,59.0,1.0
0.9308885754583921,0.8516891077273164,0.27978148418696785,6.493753839851687,3.400816831813066,0.07174617797136307,1.390689753635073,8.0,59.0,1.0
0.708523592085236,0.9243065927968351,0.3280129549259704,6.837332814685591,3.5675429807193653,0.07174617797136307,3.60395627007411,9.0,59.0,1.0
0.9394329896907216,0.8716414352909653,0.27324349856943314,6.593044534142437,3.448915145987127,0.07174617797136307,1.3452530153157185,10.0,59.0,1.0
0.8906048906048906,0.8934825064307701,0.2931732267631826,6.541029999189903,3.4237094557778343,0.07174617797136307,1.56259623729293,11.0,59.0,1.0
0.8643478260869565,0.8113564394943713,0.33318502881503614,6.210600077024653,3.2640601572299572,0.07174617797136307,1.6494692398376207,12.0,59.0,1.0
0.867043847241867,0.8793027243705848,0.3587628034690539,6.419994928147142,3.365133343625764,0.07174617797136307,1.5801002202147798,13.0,59.0,1.0
0.7881136950904393,0.8642048175516432,0.2934612434899915,6.415096959171596,3.362765223648051,0.07174617797136307,2.7189383946174623,14.0,59.0,1.0
0.8647342995169082,0.8763139001511759,0.30121534182819293,6.2878585601617845,3.301311641968339,0.07174617797136307,1.6568966127868712,15.0,59.0,1.0
0.9117647058823529,0.8985418121786272,0.2971424004726332,6.431331081933479,3.370614959631608,0.07174617797136307,1.5320740952431302,16.0,59.0,1.0
0.8622222222222222,0.8970812489269094,0.2550451852605341,6.655440350367647,3.479176618038813,0.07174617797136307,1.7956353208030003,17.0,59.0,1.0
0.8184931506849316,0.7669987096234019,0.28995275702918444,6.171700597410915,3.2453226809481306,0.07174617797136307,2.3789331652168615,18.0,59.0,1.0
0.940251572327044,0.8647809340555264,0.22482280142864614,6.395261598115449,3.3531768878769914,0.07174617797136307,1.3840202388583371,19.0,59.0,1.0
0.9094202898550725,0.8695142326506005,0.29024631571784365,6.220590170099739,3.2688743066769077,0.07174617797136307,1.4949906001507067,20.0,59.0,1.0
0.9152542372881356,0.8652825991361076,0.3564839887220483,6.698268054115413,3.4999632228985154,0.07174617797136307,1.4560374154205553,21.0,59.0,1.0
0.9118541033434651,0.875311984643955,0.23329517358602023,6.398594934535208,3.3547879997000694,0.07174617797136307,1.4733133835153513,22.0,59.0,1.0
0.9057507987220448,0.8726479404633015,0.3233802619524631,6.342121418721152,3.327504049817454,0.07174617797136307,1.622895928340124,23.0,59.0,1.0
0.8013816925734024,0.5595333639099852,0.31056199744870877,6.142037405587356,3.231042751474132,0.07174617797136307,1.9639873501629468,24.0,59.0,1.0
0.8333333333333334,0.9392884292111334,0.3190670414392485,6.255750041753367,3.285824087631947,0.07174617797136307,1.9545077628240115,25.0,59.0,1.0
0.8135593220338984,0.8770944535833737,0.3268417213570516,6.511745329644728,3.409526966341127,0.07174617797136307,2.0445209332188514,26.0,59.0,1.0
0.8658088235294118,0.8471936311147544,0.3215116091826653,6.156978985585555,3.238234734370268,0.07174617797136307,1.5732622610449682,27.0,59.0,1.0
0.8674698795180723,0.7492036618458899,0.2684450098266488,6.07073772800249,3.1967496595577645,0.07174617797136307,1.5770393322574674,28.0,59.0,1.0
0.9385826771653544,0.849310332295113,0.34538785938749705,6.391917113392602,3.351560473221019,0.07174617797136307,1.4492522456646484,29.0,59.0,1.0
0.9243986254295533,0.8673809215085587,0.25936426073455027,6.289715570908998,3.3022076251803294,0.07174617797136307,1.474424037716705,30.0,59.0,1.0
0.8937875751503006,0.8786990889744289,0.28279976729024087,6.102558594613569,3.212049166133297,0.07174617797136307,1.5402668913935746,31.0,59.0,1.0
0.683742812336644,0.9764667554411559,0.3373528925041663,7.1770187659099,3.7331183216449437,0.07174617797136307,3.506257169966114,32.0,59.0,1.0
0.9264705882352942,0.8452746395152027,0.27561220407500386,6.447305862541213,3.3783412358802214,0.07174617797136307,1.4253000821569892,33.0,59.0,1.0
0.9071969696969697,0.8837289389006131,0.2573728818694233,6.173786103901937,3.2463269274599886,0.07174617797136307,1.478143352248209,34.0,59.0,1.0
0.9016736401673641,0.8118679710460114,0.30937734833827457,6.068425588244111,3.1956383237685504,0.07174617797136307,1.4121815647151499,35.0,59.0,1.0
0.7776523702031602,0.8673020293720467,0.32204756024961445,6.536691597591305,3.4216079874112246,0.07174617797136307,3.3158557090014598,36.0,59.0,1.0
0.8952745849297573,0.8846015315710266,0.298006643396363,6.553933404025811,3.429960506875607,0.07174617797136307,1.554298249632301,37.0,59.0,1.0
0.9163636363636364,0.8681194288498516,0.26653359450142683,5.53338948872752,2.9398211737233946,0.07174617797136307,1.43262870447185,38.0,59.0,1.0
0.8729582577132486,0.8926389689327117,0.3032273479527007,6.1779441140506,3.248329267952155,0.07174617797136307,1.712495784686488,39.0,59.0,1.0
0.9007832898172323,0.8333960125481537,0.33034426795429356,5.846438775057724,3.0891640000198266,0.07174617797136307,1.4099516328983377,40.0,59.0,1.0
0.8833333333333333,0.9074881742252603,0.31165708656613156,6.169610732491456,3.244316372307624,0.07174617797136307,1.5169168879596666,41.0,59.0,1.0
0.8603042876901799,0.9329073758318627,0.29491436618533007,6.434546518787453,3.3721699661478706,0.07174617797136307,1.9897890324176342,42.0,59.0,1.0
0.9291044776119403,0.8084417808693352,0.34554767940065073,6.212606095751519,3.2650267762701417,0.07174617797136307,1.420493629764561,43.0,59.0,1.0
0.9020537124802528,0.8536056196486993,0.3064255260230777,6.349138991379798,3.330893090766943,0.07174617797136307,1.4829583167183218,44.0,59.0,1.0
0.8426470588235294,0.8651870131637307,0.3314283570293937,6.352629396319567,3.332578877401803,0.07174617797136307,1.8493721889748231,45.0,59.0,1.0
0.9178082191780822,0.8181463252676765,0.33632864182453237,6.403574197934815,3.3571948007312304,0.07174617797136307,1.430642394845289,46.0,59.0,1.0
0.8176382660687593,0.752003208718183,0.3743717245071375,6.306275286948016,3.3101986870821287,0.07174617797136307,2.1233279913412417,47.0,59.0,1.0
0.9050966608084359,0.8224815187427811,0.30276592286560755,6.246106765481563,3.2811742778131374,0.07174617797136307,1.3877798194212003,48.0,59.0,1.0
0.8903436988543372,0.8880461385413146,0.32937119692547384,6.300785794663244,3.3075494338148435,0.07174617797136307,1.5638923577052224,49.0,59.0,1.0
0.9119170984455959,0.8505428118833952,0.27364419512056576,6.270988431858299,3.2931732943527003,0.07174617797136307,1.4326593797640526,50.0,59.0,1.0
0.9070021881838074,0.9279893404425836,0.2653792559283209,6.721425700790643,3.511208047767101,0.07174617797136307,1.7824492318209957,51.0,59.0,1.0
0.8850574712643678,0.9118598234686732,0.32269774188157785,6.424869023905388,3.3674901016379835,0.07174617797136307,1.6540619472567923,52.0,59.0,1.0
0.8409542743538767,0.8327769746747591,0.263311334511877,6.049733455231958,3.186655623772265,0.08634114265441895,1.6275320127464665,1.0,60.0,1.0
0.8567839195979899,0.6156446710788459,0.2799190001527073,5.834810737062605,3.0835993128074524,0.08634114265441895,1.4695624964474885,2.0,60.0,1.0
0.8301369863013699,0.6521657570446647,0.2689903798701873,5.717027701406222,3.0273073859067696,0.08634114265441895,1.9773439707790434,3.0,60.0,1.0
0.7618213660245184,0.4999597855365618,0.2508616154360127,6.077642243349034,3.2000686100941182,0.08634114265441895,2.0134860756952486,4.0,60.0,1.0
0.8519163763066202,0.7820325923176276,0.2348600631130245,6.194405391104672,3.2562578148232486,0.08634114265441895,1.7316343534686334,5.0,60.0,1.0
0.8314855875831486,0.40970805862311677,0.27348969606733586,5.929589143389895,3.128993506456731,0.08634114265441895,2.017184406707786,6.0,60.0,1.0
0.8650963597430407,0.38769328428120364,0.2661311184973697,6.003887067106539,3.1646367460432785,0.08634114265441895,1.8762487970900967,7.0,60.0,1.0
0.8273684210526315,0.5001229713331399,0.2753888955817759,5.976350909297934,3.1514208600279643,0.08634114265441895,1.9616469525108964,8.0,60.0,1.0
0.8891509433962265,0.706997219054691,0.31421878036147094,5.934894195619588,3.1315368469780993,0.08634114265441895,1.3887577142295775,9.0,60.0,1.0
0.8677884615384616,0.49981407003830935,0.31470237076647883,5.891644211825771,3.1108096154451643,0.08634114265441895,2.0393252231857804,10.0,60.0,1.0
0.8096026490066225,0.38487329414280447,0.28434781995510594,6.194405391104672,3.2562578148232486,0.08634114265441895,2.4779370297011867,11.0,60.0,1.0
0.7540394973070018,0.7472624974803221,0.2723129726273042,6.042632833682381,3.183244151510257,0.08634114265441895,2.296060984408687,12.0,60.0,1.0
0.9356984478935698,0.674256937980677,0.17628594067191258,6.0473721790462776,3.185521106364606,0.08634114265441895,1.2481012088123882,13.0,60.0,1.0
0.8001561280249805,0.947356621116087,0.21596542049087394,6.933423025730715,3.614311067464667,0.08634114265441895,2.0763927566307068,14.0,60.0,1.0
0.8753246753246753,0.8092289398759922,0.26649935761576876,5.823045895483019,3.0779704761968443,0.08634114265441895,1.499893298990016,15.0,60.0,1.0
0.8976744186046511,0.7463512178714706,0.23760782523927856,5.958424693029782,3.1428209247966743,0.08634114265441895,1.4157876303680212,16.0,60.0,1.0
0.8685446009389671,0.6691028049895099,0.2810125744060747,5.916202062607435,3.122576648603987,0.08634114265441895,1.5758520512915117,17.0,60.0,1.0
0.9501385041551247,0.6968997732920005,0.237082705129101,5.840641657373398,3.0863895830282515,0.08634114265441895,1.1732493775059967,18.0,60.0,1.0
0.9158653846153846,0.808952726189319,0.21388508388761615,5.945420608606575,3.1365841725049277,0.08634114265441895,1.3707742606282438,19.0,60.0,1.0
0.8626292466765141,0.8953356812445024,0.2299795871521993,6.371611847231857,3.3417486306479462,0.08634114265441895,1.737221080968124,20.0,60.0,1.0
0.8941398865784499,0.8387676755984315,0.2420393034374604,6.161207321695077,3.2402703450710373,0.08634114265441895,1.5610440648661765,21.0,60.0,1.0
0.7948207171314741,0.6248273282667424,0.2708688045918832,5.991464547107982,3.158673752678844,0.08634114265441895,2.283935164099266,22.0,60.0,1.0
0.9112271540469974,0.7990030787018423,0.2613580741909474,5.857933154483459,3.09466599198655,0.08634114265441895,1.3473459553248022,23.0,60.0,1.0
0.87468671679198,0.3274500090186084,0.27155741896743635,5.857933154483459,3.09466599198655,0.08634114265441895,1.584278592325014,24.0,60.0,1.0
0.8967136150234741,0.4850630830280189,0.28513646426536804,5.948034989180646,3.1378379036506057,0.08634114265441895,1.5386110495345322,25.0,60.0,1.0
0.8700980392156863,0.799801825434745,0.2735636533608344,5.87493073085203,3.102804487185762,0.08634114265441895,1.4448498661911218,26.0,60.0,1.0
0.875,0.5238420495325528,0.25515333657690725,5.733341276897746,3.0350959579035486,0.08634114265441895,1.359057376900206,27.0,60.0,1.0
0.9125560538116592,0.805041605435891,0.24930905987204666,6.0112671744041615,3.168179962863699,0.08634114265441895,1.3205893963774122,28.0,60.0,1.0
0.9136490250696379,0.5929968233548311,0.24880438820564452,5.796057750765372,3.0650631622973936,0.08634114265441895,1.2847413494952202,29.0,60.0,1.0
0.8618090452261307,0.6463558423427962,0.23607707549336004,5.840641657373398,3.0863895830282515,0.08634114265441895,1.6834867039645245,30.0,60.0,1.0
0.7757496740547588,0.8883237435296674,0.2462738377154396,6.39024066706535,3.350750266349798,0.08634114265441895,2.20242850924478,31.0,60.0,1.0
0.7924107142857143,0.5077845071467527,0.32267997340464266,5.87493073085203,3.102804487185762,0.08634114265441895,1.953620051605503,32.0,60.0,1.0
0.8182579564489112,0.9644810182967535,0.2722611684783732,6.885509670034818,3.590983970680228,0.08634114265441895,2.43925931664433,33.0,60.0,1.0
0.8926553672316384,0.6897128109506473,0.2570349160473573,5.75890177387728,3.047304603298942,0.08634114265441895,1.3677923539518106,34.0,60.0,1.0
0.8722689075630252,0.8334113337273295,0.2227492949443016,6.253828811575473,3.2848976456499384,0.08634114265441895,1.802573201030099,35.0,60.0,1.0
0.7635135135135135,0.47092172261498255,0.2565095012236269,5.8289456176102075,3.080793006039081,0.08634114265441895,1.894680226585678,36.0,60.0,1.0
0.9368770764119602,0.47267584458694434,0.23024256573551774,5.645446897643238,2.993164401484698,0.08634114265441895,1.136277165024779,37.0,60.0,1.0
0.8680089485458613,0.4447100230527299,0.31502129077403873,5.963579343618446,3.1452935205900445,0.08634114265441895,1.5027455128295348,38.0,60.0,1.0
0.9269911504424779,0.8173239823419917,0.2235475823270678,6.040254711277414,3.1821016892896967,0.08634114265441895,1.2805506506671969,39.0,60.0,1.0
0.8674157303370786,0.7286265993630952,0.21686326864724367,5.958424693029782,3.1428209247966743,0.08634114265441895,1.6156729778919496,40.0,60.0,1.0
0.9155844155844156,0.8033706371988492,0.2482005320599825,6.049733455231958,3.186655623772265,0.08634114265441895,1.3409308467594467,41.0,60.0,1.0
0.8962472406181016,0.7226010058203207,0.3054178449278397,6.008813185442595,3.1670017395333008,0.08634114265441895,1.427991051961575,42.0,60.0,1.0
0.8181818181818182,0.639622820281535,0.28854403522416394,6.259581464064923,3.2876717382596228,0.08634114265441895,2.7905674828176417,43.0,60.0,1.0
0.8997429305912596,0.6631791101499105,0.26403485595049025,5.860786223465865,3.096031859554354,0.08634114265441895,1.3726101029056572,44.0,60.0,1.0
0.9077868852459017,0.8184614300786607,0.2800231570108268,6.095824562432225,3.208810703734761,0.08634114265441895,1.3417738555925633,45.0,60.0,1.0
0.8707592891760905,0.75201350580111,0.2857506756263611,6.29156913955832,3.3031019751298745,0.08634114265441895,1.6538881091788937,46.0,60.0,1.0
0.8797327394209354,0.7495846303314863,0.2600746809364041,5.981414211254481,3.153850460820174,0.08634114265441895,1.4476808268683587,47.0,60.0,1.0
0.8777555110220441,0.8176681628683222,0.24019925558057656,6.0844994130751715,3.2033652131088193,0.08634114265441895,1.6282910700163278,48.0,60.0,1.0
0.7418032786885246,0.732475028092776,0.28895608207584145,5.8944028342648505,3.1121311440517316,0.08634114265441895,3.239643762582879,49.0,60.0,1.0
0.7543035993740219,0.47039831228636164,0.2987987914479942,6.180016653652572,3.2493273787293653,0.08634114265441895,2.390349187518852,50.0,60.0,1.0
0.8095872170439414,0.9098813636310862,0.3700644858067498,6.411818267709897,3.361180110251783,0.07978829741477966,2.0773456581043437,1.0,61.0,1.0
0.8774193548387097,0.8429652028636857,0.28015049987496504,6.300785794663244,3.3075494338148435,0.07978829741477966,1.7406339995664735,2.0,61.0,1.0
0.75,0.8424293940077158,0.3224752020577362,6.551080335043404,3.428578235385295,0.07978829741477966,2.2463012022520887,3.0,61.0,1.0
0.8351648351648352,0.9625226783989383,0.2743309782611675,6.729824070489475,3.515286990705571,0.07978829741477966,2.411130795773981,4.0,61.0,1.0
0.8455988455988456,0.8780087454262094,0.2841944657111941,6.375024819828097,3.3433976136291093,0.07978829741477966,1.759896096248609,5.0,61.0,1.0
0.8919491525423728,0.8595363411053498,0.2806155160609643,6.045005314036012,3.1843839530583917,0.07978829741477966,1.4976386688950598,6.0,61.0,1.0
0.7606936416184971,0.8567489707849096,0.3738391452097136,6.490723534502507,3.3993500180758454,0.07978829741477966,2.4096426733956458,7.0,61.0,1.0
0.8242530755711776,0.8331060458939259,0.23223832378634177,6.152732694704104,3.2361906317473745,0.07978829741477966,1.8502821672033756,8.0,61.0,1.0
0.797752808988764,0.9116237962132999,0.25491934962895707,6.056784013228625,3.190043482747458,0.07978829741477966,2.046525128142764,9.0,61.0,1.0
0.8781725888324873,0.8910816716319587,0.2753865121126613,6.253828811575473,3.2848976456499384,0.07978829741477966,1.6085947757587962,10.0,61.0,1.0
0.8362831858407079,0.9204793424789202,0.3230690155207188,6.342121418721152,3.327504049817454,0.07978829741477966,1.8454381213750837,11.0,61.0,1.0
0.8833746898263027,0.6912882948003901,0.29777605458752143,5.877735781779639,3.104147817354147,0.07978829741477966,1.401562426065193,12.0,61.0,1.0
0.9038461538461539,0.9339811500681217,0.3941929752498249,6.154858094016418,3.237213748997611,0.07978829741477966,1.656484998444318,13.0,61.0,1.0
0.8829787234042553,0.911532508337374,0.35662076261274755,6.499787040655854,3.4037373924377348,0.07978829741477966,1.7491873663609327,14.0,61.0,1.0
0.8365079365079365,0.8174027536214776,0.2942671786156799,6.269096283706261,3.2922606426771264,0.07978829741477966,2.0773239002204393,15.0,61.0,1.0
0.8858695652173914,0.9260892262392145,0.266700008639208,6.194405391104672,3.2562578148232486,0.07978829741477966,1.6651379673424542,16.0,61.0,1.0
0.8269230769230769,0.7495872002451092,0.32534775814985534,6.248042874508429,3.2821077731980286,0.07978829741477966,2.512530679934896,17.0,61.0,1.0
0.853494623655914,0.9413754252043318,0.2709311670272617,6.455198563340122,3.3821592836002257,0.07978829741477966,1.941476303986823,18.0,61.0,1.0
0.898876404494382,0.9031011392952017,0.29624532552444777,6.46302945692067,3.3859478922708695,0.07978829741477966,1.6320781040605032,19.0,61.0,1.0
0.8760563380281691,0.8654005988169096,0.3161329585576492,5.7430031878094825,3.0397100845444807,0.07978829741477966,1.4756515070725853,20.0,61.0,1.0
0.8088737201365188,0.9461733366987995,0.29640846376015395,6.568077911411976,3.4368141803298893,0.07978829741477966,1.9597932615233873,21.0,61.0,1.0
0.8663446054750402,0.936939069237317,0.3066902908137428,6.289715570908998,3.3022076251803294,0.07978829741477966,1.7611931326517631,22.0,61.0,1.0
0.9234875444839857,0.8319370309762081,0.32362960286820314,6.253828811575473,3.2848976456499384,0.07978829741477966,1.3671296630909822,23.0,61.0,1.0
0.8446771378708552,0.9009934312674202,0.34355586959592066,6.184148890937483,3.2513175229518874,0.07978829741477966,1.8383336385672517,24.0,61.0,1.0
0.6779475982532751,0.8451867569181727,0.3469173826277851,7.1252830915107115,3.7078572706539408,0.07978829741477966,3.414592520924562,25.0,61.0,1.0
0.9256900212314225,0.8608715077774038,0.3158323137848251,6.07993319509559,3.201169945858288,0.07978829741477966,1.325309865884366,26.0,61.0,1.0
0.8492063492063492,0.6920071833517535,0.2900001262823492,6.061456918928017,3.1922890983518433,0.07978829741477966,1.8971163603598993,27.0,61.0,1.0
0.7992831541218638,0.6438642901214225,0.28453563910087587,6.102558594613569,3.212049166133297,0.07978829741477966,2.5539080486729975,28.0,61.0,1.0
0.8402366863905325,0.9391752939212077,0.3343900202919833,6.748759547491679,3.524485342818668,0.07978829741477966,2.2637220973043397,29.0,61.0,1.0
0.8548387096774194,0.8623309478374983,0.274128493028734,5.765191102784844,3.0503096117785278,0.07978829741477966,1.4431686122628113,30.0,61.0,1.0
0.9054325955734407,0.9239585428020922,0.22637929563641382,6.111467339502679,3.2163340703086214,0.07978829741477966,1.6093362005445282,31.0,61.0,1.0
0.9044117647058824,0.9300304571738691,0.3148431256760674,6.20050917404269,3.259198265185218,0.07978829741477966,1.5824145310342066,32.0,61.0,1.0
0.8626262626262626,0.9139787601784997,0.22596445572366053,6.059123195581797,3.1911675782799995,0.07978829741477966,1.7379353393053658,33.0,61.0,1.0
0.8351822503961965,0.8644111628248563,0.31892294946783306,6.269096283706261,3.2922606426771264,0.07978829741477966,1.8024401120507416,34.0,61.0,1.0
0.8011834319526627,0.923270198660305,0.2667080048087814,6.519147287940395,3.4131111278055855,0.07978829741477966,1.978563653972704,35.0,61.0,1.0
0.8975501113585747,0.8705573948593449,0.3563154750037527,6.0014148779611505,3.163449948097688,0.07978829741477966,1.4386212583037208,36.0,61.0,1.0
0.8769230769230769,0.9252895293364397,0.2107832137692125,6.2422232654551655,3.2793019394667504,0.07978829741477966,1.816900498231248,37.0,61.0,1.0
0.9259259259259259,0.826688590747773,0.2910210167105708,6.26530121273771,3.290430229380671,0.07978829741477966,1.372422830890591,38.0,61.0,1.0
0.8944281524926686,0.9100290369397108,0.2990926321689188,6.415096959171596,3.362765223648051,0.07978829741477966,1.6006674160447523,39.0,61.0,1.0
0.8642714570858283,0.8897104336558715,0.3461416051292074,6.073044534100405,3.1978584782637562,0.07978829741477966,1.5108465143303889,40.0,61.0,1.0
0.8533007334963325,0.8955356045146134,0.33713350217361726,6.54965074223381,3.4278856398870774,0.07978829741477966,1.7886431546715096,41.0,61.0,1.0
0.9152542372881356,0.816554563020869,0.23120094713763006,6.293419278846481,3.303994697788857,0.07978829741477966,1.4037120630081465,42.0,61.0,1.0
0.8558139534883721,0.8979790769758046,0.32054684073092815,5.910796644040527,3.1199861290795745,0.07978829741477966,1.6152332011616999,43.0,61.0,1.0
0.9105180533751962,0.8707337679954132,0.32771285739950723,6.364750756851911,3.3384339569133052,0.07978829741477966,1.5440304695866416,44.0,61.0,1.0
0.7167919799498746,0.6527745479011663,0.30360578384040954,6.35088571671474,3.3317367077163884,0.07978829741477966,2.4323376640594834,45.0,61.0,1.0
0.9039881831610044,0.8589172434848347,0.3123505034518788,6.418364935936212,3.3643452381681582,0.07978829741477966,1.6164741951395827,46.0,61.0,1.0
0.6384377416860015,0.9675252669548399,0.32395150347675894,7.409741954080923,3.846926797632905,0.07978829741477966,2.955444456596441,47.0,61.0,1.0
0.8848167539267016,0.918219811039588,0.29642610007147646,6.517671272912275,3.412396382914837,0.07978829741477966,1.6713333922736815,48.0,61.0,1.0
0.7982326951399117,0.8732358116237631,0.40596441128745175,6.297109319933935,3.305775284959049,0.07978829741477966,1.8331967570255174,49.0,61.0,1.0
0.7435622317596566,0.8923781127026027,0.318685953519971,6.542471960506805,3.4244079541413814,0.08265887945890427,3.1690297986671077,1.0,62.0,1.0
0.66701244813278,0.8967690751303029,0.3163881260026138,6.467698726104354,3.38820711538559,0.08265887945890427,5.660549908115607,2.0,62.0,1.0
0.7947510094212651,0.9666781318764501,0.33478890135124156,7.074963197966044,3.6833018783466898,0.08265887945890427,3.9199478999427186,3.0,62.0,1.0
0.6771894093686355,0.8074222164118697,0.32693994454397457,6.501289670540389,3.404464829231502,0.08265887945890427,4.650558926556805,4.0,62.0,1.0
0.8158878504672897,0.9353852382808235,0.38206494905784977,6.773080375655535,3.5363032226416697,0.08265887945890427,2.5407738186776023,5.0,62.0,1.0
0.7086156824782188,0.8608791769325624,0.34004935090062594,6.597145701886651,3.4509033448325197,0.08265887945890427,4.426319978676695,6.0,62.0,1.0
0.7476439790575916,0.8468541049821056,0.2651154419555431,6.5722825426940075,3.438851795443043,0.08265887945890427,4.233414983954853,7.0,62.0,1.0
0.7441558441558441,0.8777393105272308,0.33514277276462373,6.352629396319567,3.332578877401803,0.08265887945890427,3.8723870907528917,8.0,62.0,1.0
0.7250280583613917,0.9052076731872035,0.29825928805387975,6.472346294500901,3.390455999451512,0.08265887945890427,5.044745829880293,9.0,62.0,1.0
0.7560975609756098,0.8369007497139362,0.4038240103859672,6.570882962339584,3.4381735279266215,0.08265887945890427,4.340068961617811,10.0,62.0,1.0
0.8901808785529716,0.9034297883821056,0.3884612863255183,6.536691597591305,3.4216079874112246,0.08265887945890427,1.7254160174963875,11.0,62.0,1.0
0.8911353032659409,0.9160436134137254,0.27522316097026417,6.352629396319567,3.332578877401803,0.08265887945890427,1.6120940925676717,12.0,62.0,1.0
0.748451053283767,0.895868346634838,0.32988677604670275,6.405228458030842,3.3579944538456363,0.08265887945890427,3.2900418619464573,13.0,62.0,1.0
0.7296587926509186,0.7670750717154919,0.30783003892615496,6.322565239927284,3.3180616975800703,0.08265887945890427,3.301637544601253,14.0,62.0,1.0
0.7313237221494102,0.8916277932063239,0.34069053358453033,6.326149473155099,3.3197920555363356,0.08265887945890427,3.8075352492807046,15.0,62.0,1.0
0.6659242761692651,0.9176172218304808,0.3057524400852368,6.8001700683022,3.5494710818309296,0.08265887945890427,5.351683178716154,16.0,62.0,1.0
0.7843822843822844,0.8709853859344301,0.28837507460666406,6.513230110912307,3.4102458921584575,0.08265887945890427,2.6806712997246747,17.0,62.0,1.0
0.6777645659928656,0.7609959750919878,0.25583198953568886,6.3473892096560105,3.3300480215475106,0.08265887945890427,3.8960823024539915,18.0,62.0,1.0
0.7489177489177489,0.6586588366773092,0.3497518600537659,6.253828811575473,3.2848976456499384,0.08265887945890427,2.8310545882396667,19.0,62.0,1.0
0.7317676143386898,0.7163227736240363,0.3619479995419906,6.385194398997726,3.348311594327416,0.08265887945890427,3.076989318612172,20.0,62.0,1.0
0.6784599375650364,0.7356454545923201,0.31736570182952983,6.481577129276431,3.394923127569323,0.08265887945890427,4.102494142827877,21.0,62.0,1.0
0.8082736674622116,0.9573186591993382,0.39492524952142655,6.92461239604856,3.610020466454018,0.08265887945890427,2.156325038314751,22.0,62.0,1.0
0.7337931034482759,0.7435606505943166,0.23639482647674234,6.278521424165844,3.2968070156311455,0.08265887945890427,3.5040223894459794,23.0,62.0,1.0
0.4688118811881188,0.8354274530318069,0.32474756282332407,6.854354502255021,3.5758234061020864,0.08265887945890427,7.028476873349486,24.0,62.0,1.0
0.5699322242760321,0.8096638738220628,0.31434005829898715,6.8308742346461795,3.564401599619654,0.08265887945890427,5.871103555728392,25.0,62.0,1.0
0.90625,0.8919941863289804,0.26665116137654477,6.202535517187923,3.2601745087280762,0.08265887945890427,1.5869621764444741,26.0,62.0,1.0
0.5194721596395236,0.9254798288502318,0.32521523175642003,7.387090235656757,3.8358372476172478,0.08265887945890427,7.817525136505291,27.0,62.0,1.0
0.7741935483870968,0.9328276939610897,0.3255714040805254,6.47543271670409,3.391949558352509,0.08265887945890427,2.0935929276063283,28.0,62.0,1.0
0.712280701754386,0.8824666973607762,0.27001952179117683,6.413458957167357,3.36197330637467,0.08265887945890427,3.2430197415307904,29.0,62.0,1.0
0.5720930232558139,0.8299100596443109,0.2620615929362998,6.423246963533519,3.3667057713144857,0.08265887945890427,4.9705538172403205,30.0,62.0,1.0
0.6714490674318508,0.9489105792186275,0.39490217886258516,6.150602768446279,3.235165373652169,0.08265887945890427,2.7492015702548165,31.0,62.0,1.0
0.7747318235995232,0.8198780904957148,0.3511005512292524,6.478509642208569,3.3934385919057464,0.08265887945890427,3.4223808349131657,32.0,62.0,1.0
0.8443223443223443,0.8417947525146756,0.3385276371066192,6.135564891081739,3.2279278580058395,0.08265887945890427,1.7290681323555626,33.0,62.0,1.0
0.7758913412563667,0.7939336460118261,0.24424981768432774,6.126869184114185,3.2237436162807276,0.08265887945890427,2.926505668625574,34.0,62.0,1.0
0.816,0.8371963071303498,0.2828786337801027,6.236369590203704,3.276479959863799,0.08265887945890427,2.0727086457827917,35.0,62.0,1.0
0.6698564593301436,0.9004546551400743,0.45141858771432525,6.734591659972948,3.5176027352944668,0.08265887945890427,5.32600995728809,36.0,62.0,1.0
0.7591078066914498,0.955213130698945,0.3733222021390169,6.92951677076365,3.612408740724418,0.08265887945890427,3.5931196638484826,37.0,62.0,1.0
0.8714859437751004,0.8595468658331212,0.3270498394482425,6.480044561926653,3.3941814202674,0.08265887945890427,1.6708020953895009,38.0,62.0,1.0
0.75,0.7011317174923842,0.3742601387895556,6.293419278846481,3.303994697788857,0.08265887945890427,3.0507795275340754,39.0,62.0,1.0
0.7775280898876404,0.9381489115003727,0.32739122869695086,6.541029999189903,3.4237094557778343,0.08265887945890427,3.1144236394633538,40.0,62.0,1.0
0.603448275862069,0.9312418468508296,0.28812916536513544,5.638354669333745,2.9897843636388495,0.08265887945890427,3.517789795397146,41.0,62.0,1.0
0.5480106100795756,0.9670292344835577,0.3129617006504268,6.9411900550683745,3.618093848053446,0.08265887945890427,7.647624482448215,42.0,62.0,1.0
0.4255173982260632,0.9637232708923081,0.38168719467250395,7.534762657037537,3.9081777371165214,0.08265887945890427,11.668872943180444,43.0,62.0,1.0
0.8190348525469169,0.946608117907373,0.2787224447835458,6.416732282512326,3.3635558662074105,0.08265887945890427,2.0704454479737118,44.0,62.0,1.0
0.5889261744966443,0.7373724694224875,0.33000446101954656,6.555356891810665,3.430650188351136,0.08265887945890427,5.018596981665186,45.0,62.0,1.0
0.7544426494345718,0.7656175604221568,0.34651886369617296,6.148468295917647,3.2341379656877605,0.08265887945890427,3.1622006110565377,46.0,62.0,1.0
0.6877234803337307,0.6935825722689966,0.3863522158481832,6.359573868672378,3.3359331827196006,0.08265887945890427,3.489012713913822,47.0,62.0,1.0
0.728,0.46552792396727877,0.3312865643482834,6.304448802421981,3.3093171909672208,0.08265887945890427,3.1413459773223216,48.0,62.0,1.0
0.6832214765100671,0.7447824201515995,0.27519814965727657,6.234410725718371,3.2755356796562056,0.08265887945890427,3.6691627490384198,49.0,62.0,1.0
0.6974443528441879,0.9056514227864981,0.42645758034943526,6.741700694652055,3.521056061947932,0.08265887945890427,5.641279771873521,50.0,62.0,1.0
0.9235294117647059,0.7578016810875979,0.1954883302407917,5.752572638825633,3.044280969691109,0.09483452886343002,1.2991581562620644,1.0,63.0,1.0
0.8989547038327527,0.6523755580718298,0.28559112034112033,5.556828061699537,2.9509677866405175,0.09483452886343002,1.321500360246393,2.0,63.0,1.0
0.947075208913649,0.8098265081968965,0.26507921530719436,5.831882477283517,3.0821981755735477,0.09483452886343002,1.2031815806565278,3.0,63.0,1.0
0.8666666666666667,0.8237175992108339,0.3554818642015176,4.875197323201151,2.6294038821744907,0.09483452886343002,1.2976219257114294,4.0,63.0,1.0
0.9396984924623115,0.8330790287245102,0.24980465584901648,5.926926025970411,3.1277168565226234,0.09483452886343002,1.308709244033884,5.0,63.0,1.0
0.9408284023668639,0.6173764642041643,0.25577339355844275,5.765191102784844,3.0503096117785278,0.09483452886343002,1.1386812739701848,6.0,63.0,1.0
0.8949579831932774,0.6471539710230952,0.2704120766191127,5.365976015021851,2.8603793245812574,0.09483452886343002,1.2691509345149152,7.0,63.0,1.0
0.8762886597938144,0.5467951454297253,0.297887435369364,5.14166355650266,2.7544415768409354,0.09483452886343002,1.3670931367937744,8.0,63.0,1.0
0.947075208913649,0.779838294806737,0.21719908872676102,5.831882477283517,3.0821981755735477,0.09483452886343002,1.195051790580942,9.0,63.0,1.0
0.9228723404255319,0.7905799527433808,0.2578882386615773,5.8522024797744745,3.091922743965858,0.09483452886343002,1.2737579684570763,10.0,63.0,1.0
0.8657718120805369,0.5139343905596597,0.24479219204294564,5.556828061699537,2.9509677866405175,0.09483452886343002,1.3551625822440183,11.0,63.0,1.0
0.903125,0.6817539796619545,0.27129561651077355,5.66988092298052,3.004813208801392,0.09483452886343002,1.2619733698588822,12.0,63.0,1.0
0.9761904761904762,0.5597088014264108,0.25347029563110995,5.327876168789581,2.842343945079886,0.09483452886343002,1.0141306139128687,13.0,63.0,1.0
0.9288025889967637,0.802946884455338,0.2814151758891672,5.662960480135946,3.001513299195731,0.09483452886343002,1.232414333837546,14.0,63.0,1.0
0.8968609865470852,0.5694105072814668,0.25797107343891806,5.303304908059076,2.8307214899683775,0.09483452886343002,1.234374389120157,15.0,63.0,1.0
0.9153605015673981,0.7557765671874731,0.2344062625683627,5.680172609017068,3.00972154874075,0.09483452886343002,1.276011990405487,16.0,63.0,1.0
0.8993055555555556,0.6119929499905912,0.2116000239462242,5.560681631015528,2.95280097813573,0.09483452886343002,1.2889384122113419,17.0,63.0,1.0
0.91,0.8371562895585559,0.26828573190808935,5.8998973535824915,3.1147635268,0.09483452886343002,1.402078250197841,18.0,63.0,1.0
0.9404388714733543,0.631093177205801,0.2822214694488666,5.707110264748875,3.022573818272304,0.09483452886343002,1.1861299633318017,19.0,63.0,1.0
0.9744408945686901,0.3883220313672533,0.2528605169976413,5.723585101952381,3.0304377585036146,0.09483452886343002,1.0392589998792734,20.0,63.0,1.0
0.951048951048951,0.5122015726929707,0.27425859453226,5.60947179518496,2.976024646048169,0.09483452886343002,1.1474934944491852,21.0,63.0,1.0
0.8987854251012146,0.44766548560296443,0.2485355371810162,5.407171771460119,2.8798988262931906,0.09483452886343002,1.2075812763305183,22.0,63.0,1.0
0.9293478260869565,0.5402576529042044,0.33482828211749727,5.147494476813453,2.757187751154611,0.09483452886343002,1.1494241620959127,23.0,63.0,1.0
0.887719298245614,0.7716742830555089,0.2900460196850191,5.537334267018537,2.9416967689887894,0.09483452886343002,1.4312278463340662,24.0,63.0,1.0
0.9451612903225807,0.773873796073624,0.25985418622134376,5.683579767338681,3.0113467377374623,0.09483452886343002,1.1969045226788473,25.0,63.0,1.0
0.95,0.7311888677380763,0.2784436097903261,5.720311776607412,3.0288750842692833,0.09483452886343002,1.1264125516108547,26.0,63.0,1.0
0.9069767441860465,0.6314559706661736,0.3329002274559462,5.056245805348308,2.714260959676752,0.09483452886343002,1.1654750353937875,27.0,63.0,1.0
0.9261083743842364,0.5095903322514455,0.2937847092037469,5.241747015059643,2.801634993632527,0.09483452886343002,1.1313263864250545,28.0,63.0,1.0
0.9153439153439153,0.2653398595217819,0.22556129904380912,5.159055299214529,2.762633757250194,0.09483452886343002,1.1140567230300322,29.0,63.0,1.0
0.9333333333333333,0.8186092676109991,0.18080315471332523,5.41610040220442,2.8841319408092607,0.09483452886343002,1.2413769769495295,30.0,63.0,1.0
0.8902743142144638,0.7970389766656321,0.20210922344409052,5.8805329864007,3.1054874638185948,0.09483452886343002,1.391586333764468,31.0,63.0,1.0
0.8287461773700305,0.5655753265617333,0.2631518628656211,5.605802066295998,2.974277019288197,0.09483452886343002,1.450564809729897,32.0,63.0,1.0
0.8926701570680629,0.8276269343258673,0.20298427599202618,5.834810737062605,3.0835993128074524,0.09483452886343002,1.456880707196232,33.0,63.0,1.0
0.9052132701421801,0.4807400774742084,0.2753920052465738,5.2574953720277815,2.809071938838489,0.09483452886343002,1.1645987972075256,34.0,63.0,1.0
0.860655737704918,0.5230853053599206,0.21044737102159056,5.755742213586912,3.045795129144854,0.09483452886343002,1.4476179366561657,35.0,63.0,1.0
0.8854748603351955,0.6621789895184871,0.23760837221177905,5.762051382780177,3.048809421238675,0.09483452886343002,1.3634775515734134,36.0,63.0,1.0
0.9365853658536586,0.5105680810003411,0.3162491755393175,5.262690188904886,2.8115257642062725,0.09483452886343002,1.1225112388972724,37.0,63.0,1.0
0.941358024691358,0.5250565305772675,0.22651544704802612,5.723585101952381,3.0304377585036146,0.09483452886343002,1.10616951044253,38.0,63.0,1.0
0.8918918918918919,0.6102894110654412,0.20110398801672305,5.579729825986222,2.9618647580378745,0.09483452886343002,1.2550700679226159,39.0,63.0,1.0
0.9,0.8555007060182216,0.22100808110257184,5.983936280687191,3.155060750185239,0.09483452886343002,1.5010247929987512,40.0,63.0,1.0
0.9068825910931174,0.7430606741213593,0.278962574077247,5.41610040220442,2.8841319408092607,0.09483452886343002,1.3058107785703292,41.0,63.0,1.0
0.8808290155440415,0.36201965572262657,0.2847050613947721,5.14166355650266,2.7544415768409354,0.09483452886343002,1.284551149558859,42.0,63.0,1.0
0.9406392694063926,0.64435941841145,0.21331691120842713,5.332718793265369,2.8446353798941684,0.09483452886343002,1.079797913915716,43.0,63.0,1.0
0.9144385026737968,0.6336853757957465,0.2287139584527755,5.147494476813453,2.757187751154611,0.09483452886343002,1.1382279960070607,44.0,63.0,1.0
0.9190751445086706,0.5461710641923843,0.280078561792171,5.075173815233827,2.723156846660952,0.09483452886343002,1.1156293948808487,45.0,63.0,1.0
0.9339622641509434,0.7197192942114463,0.24922774196859182,5.697093486505405,3.0177938398431716,0.09483452886343002,1.206821636966776,46.0,63.0,1.0
0.9212962962962963,0.5964676883590296,0.27591022875299553,5.298317366548036,2.8283631889982583,0.09483452886343002,1.2190540181548895,47.0,63.0,1.0
0.9197530864197531,0.6175392995682751,0.32686677886818066,5.0106352940962555,2.6928433649585806,0.09483452886343002,1.132153358003261,48.0,63.0,1.0
0.8771929824561403,0.6005975038490562,0.24142517014172754,5.5254529391317835,2.9360481460402674,0.09483452886343002,1.353696157098215,49.0,63.0,1.0
0.9078947368421053,0.6368086028704715,0.22833302527498958,5.337538079701318,2.846916040033857,0.09483452886343002,1.2583814879248019,50.0,63.0,1.0
0.9367088607594937,0.6763416297942244,0.22600438129784373,5.6937321388027,3.0161900410920905,0.09483452886343002,1.2714252234927355,51.0,63.0,1.0
0.9301310043668122,0.4116840942084563,0.2694582395003566,5.365976015021851,2.8603793245812574,0.09483452886343002,1.1248156910661609,52.0,63.0,1.0
0.9608938547486033,0.3443076997702069,0.33109824521411857,5.153291594497779,2.7599184194313575,0.09483452886343002,1.0058759034481002,53.0,63.0,1.0
0.8941176470588236,0.8594684413580121,0.3105948596004331,4.343805421853684,2.3829644995533994,0.09483452886343002,1.26279874037446,54.0,63.0,1.0
0.8823529411764706,0.40416442859544455,0.31009670399995304,5.755742213586912,3.045795129144854,0.09483452886343002,1.4031556033479535,55.0,63.0,1.0
0.9239766081871345,0.45077231452226996,0.28793985555151175,5.0689042022202315,2.720209720130939,0.09483452886343002,1.150722186844499,56.0,63.0,1.0
0.9391634980988594,0.6623019380656774,0.28227545728237113,5.5134287461649825,2.9303331491791136,0.09483452886343002,1.138891315955169,57.0,63.0,1.0
0.8732057416267942,0.9035716370843782,0.16483306250780394,5.902633333401366,3.116074419362811,0.09483452886343002,1.5361967696792673,58.0,63.0,1.0
0.9022988505747126,0.4252544496680537,0.22760421108514653,5.062595033026967,2.717244499651283,0.09483452886343002,1.178209337347639,59.0,63.0,1.0
0.920863309352518,0.5178698837557141,0.28583094590924574,5.54907608489522,2.9472805524664683,0.09483452886343002,1.2058879222288348,60.0,63.0,1.0
0.8388520971302428,0.7576761550255795,0.28004128147839524,5.942799375126701,3.1353272180420215,0.09483452886343002,1.5134531497561983,61.0,63.0,1.0
0.946843853820598,0.3819911452437188,0.2761188945584928,5.655991810819852,2.998190888656356,0.09483452886343002,1.1157345326227102,62.0,63.0,1.0
0.9240506329113924,0.5292215617704532,0.2967572211262663,5.393627546352361,2.873479142517127,0.09483452886343002,1.1511187177661002,63.0,63.0,1.0
0.9386503067484663,0.701930025909539,0.3487435311954397,5.0369526024136295,2.705198102736549,0.09483452886343002,1.102554577401868,64.0,63.0,1.0
0.8552188552188552,0.5817168235995124,0.2712153370450366,5.541263545158426,2.9435651603027786,0.09483452886343002,1.4712238010381173,65.0,63.0,1.0
0.9263157894736842,0.38804160214160627,0.29762625549548166,5.176149732573829,2.770689499484856,0.09483452886343002,1.0950671197965658,66.0,63.0,1.0
0.9444444444444444,0.45508011413769,0.28601446762284083,5.236441962829949,2.7991304191960698,0.09483452886343002,1.1267250337819041,67.0,63.0,1.0
0.9497206703910615,0.49287071640271124,0.3040674327545324,5.14166355650266,2.7544415768409354,0.09483452886343002,1.1337165475540916,68.0,63.0,1.0
0.9573170731707317,0.49719158279923775,0.26415369530490485,5.062595033026967,2.717244499651283,0.09483452886343002,1.0361462054795023,69.0,63.0,1.0
0.8689839572192514,0.8408045808650427,0.24106966838498647,5.786897381366708,3.06068374343092,0.09483452886343002,1.4705570475018026,70.0,63.0,1.0
0.88,0.7930250206618508,0.2498532849918647,5.493061443340548,2.9206563127707246,0.09483452886343002,1.3139848834606296,71.0,63.0,1.0
0.9523809523809523,0.6686482998089215,0.2927276310812205,5.771441123130016,3.0532962245824553,0.09483452886343002,1.139719699653803,72.0,63.0,1.0
0.8666666666666667,0.9557245044085597,0.2743576147608189,6.536691597591305,3.4216079874112246,0.06286898255348206,2.0795571903501453,1.0,64.0,1.0
0.93042071197411,0.940398057656692,0.2037193496772098,6.3561076606958915,3.334258894875057,0.06286898255348206,1.5878307621905068,2.0,64.0,1.0
0.9018987341772152,0.9208295541433092,0.26628995596324373,6.3473892096560105,3.3300480215475106,0.06286898255348206,1.563939808504252,3.0,64.0,1.0
0.8383838383838383,0.9305825206180608,0.3287353502482628,6.499787040655854,3.4037373924377348,0.06286898255348206,1.697481206043182,4.0,64.0,1.0
0.7381342062193126,0.8462546455002857,0.2094380102678591,6.113682179832232,3.2173994642586936,0.06286898255348206,2.29645240273285,5.0,64.0,1.0
0.9063324538258575,0.9188389084183551,0.30446912837893964,6.5337888379333435,3.4202020021865542,0.06286898255348206,1.666363094485921,6.0,64.0,1.0
0.9018817204301075,0.9224604655913876,0.2315368704242736,6.51025834052315,3.408806987605452,0.06286898255348206,1.7717013950149196,7.0,64.0,1.0
0.7830404889228418,0.9709362552339408,0.23487743471503855,6.933423025730715,3.614311067464667,0.06286898255348206,2.9666885576246718,8.0,64.0,1.0
0.8779816513761468,0.9584195552116374,0.27970366773746774,6.86484777797086,3.580928909807168,0.06286898255348206,2.0357735560588437,9.0,64.0,1.0
0.8827838827838828,0.9381615664994841,0.30571711976479304,6.180016653652572,3.2493273787293653,0.06286898255348206,1.6490414408159617,10.0,64.0,1.0
0.9052369077306733,0.9502847062179465,0.287031560170362,6.588926477533519,3.4469188789040004,0.06286898255348206,1.8118529877057046,11.0,64.0,1.0
0.5572008598041557,0.9494656538743137,0.34093058836534074,7.755338812846501,4.01641903198471,0.06286898255348206,4.462003198580554,12.0,64.0,1.0
0.7216856892010536,0.9375292080485501,0.3053236027666873,6.71295620067707,3.507095034748951,0.06286898255348206,3.0799943982583224,13.0,64.0,1.0
0.7982300884955752,0.8443088855693853,0.2797270614259489,6.113682179832232,3.2173994642586936,0.06286898255348206,2.8483219370844566,14.0,64.0,1.0
0.9170506912442397,0.9095913622808706,0.2556809684816176,6.393590753950631,3.352369345593839,0.06286898255348206,1.7918053491544053,15.0,64.0,1.0
0.8998178506375227,0.9283378564055197,0.28536179783974697,6.20455776256869,3.2611488119915713,0.06286898255348206,1.6057492556509865,16.0,64.0,1.0
0.9020217729393468,0.9238384107173355,0.23167484416009687,6.364750756851911,3.3384339569133052,0.06286898255348206,1.615983915009762,17.0,64.0,1.0
0.9155145929339478,0.9125346379470888,0.2862233716814592,6.391917113392602,3.351560473221019,0.06286898255348206,1.6050140657107648,18.0,64.0,1.0
0.8792517006802721,0.9135740761480476,0.27414784549505444,6.249975242259483,3.2830394951334,0.06286898255348206,1.716369592848698,19.0,64.0,1.0
0.8653061224489796,0.8778559392330479,0.3505621599438351,6.052089168924417,3.187787517538405,0.06286898255348206,1.523044101154173,20.0,64.0,1.0
0.8764607679465777,0.9450881531103882,0.329828463978704,6.26530121273771,3.290430229380671,0.06286898255348206,1.8220731107878396,21.0,64.0,1.0
0.9150943396226415,0.9564145292478147,0.2815542265764093,6.368187186350492,3.340094090992502,0.06286898255348206,1.828438638785632,22.0,64.0,1.0
0.9102209944751382,0.9383734429828003,0.2582213655193989,6.492239835020471,3.400083972114469,0.06286898255348206,1.7103604261193828,23.0,64.0,1.0
0.8373751783166904,0.9165835783016255,0.32680902418292723,6.376726947898627,3.344220033059043,0.06286898255348206,2.175169198611293,24.0,64.0,1.0
0.9388297872340425,0.9425350008196917,0.2917836454978778,6.561030665896573,3.433399282556618,0.06286898255348206,1.6308090677534388,25.0,64.0,1.0
0.8145506419400856,0.9327619415313675,0.2763174079321497,6.349138991379798,3.330893090766943,0.06286898255348206,1.9081665026133854,26.0,64.0,1.0
0.8250319284802043,0.9007199679672596,0.24522897000799287,6.472346294500901,3.390455999451512,0.06286898255348206,2.0548283664639846,27.0,64.0,1.0
0.8584905660377359,0.9370935477768567,0.31361367577300137,6.45833828334479,3.3836782341808753,0.06286898255348206,1.8514761483369693,28.0,64.0,1.0
0.890038809831824,0.9238063521761246,0.31662358100734456,6.535241271013659,3.420905497346099,0.06286898255348206,1.8018087772459381,29.0,64.0,1.0
0.8441971383147854,0.9450192774325045,0.25075935540873595,6.2766434893416445,3.2959011055689853,0.06286898255348206,2.043406862195633,30.0,64.0,1.0
0.8854337152209493,0.9365782576038668,0.3169933602891002,6.295266001439646,3.3048857990963882,0.06286898255348206,1.7746749761179654,31.0,64.0,1.0
0.7696709585121603,0.9280095492117041,0.2868722788240298,6.289715570908998,3.3022076251803294,0.06286898255348206,3.1256669230233602,32.0,64.0,1.0
0.7876427829698858,0.9879328215961515,0.27269427823565023,7.325148957955575,3.805525929104564,0.06286898255348206,3.3009770786302908,33.0,64.0,1.0
0.8706766917293233,0.9625072037756094,0.3018493356781682,6.363028103540465,3.337601780062446,0.06286898255348206,2.1351271214963274,34.0,64.0,1.0
0.8870748299319728,0.9433521479939443,0.3040259325750149,6.481577129276431,3.394923127569323,0.06286898255348206,1.7670986324909301,35.0,64.0,1.0
0.8904665314401623,0.8318295658385501,0.3453158778939415,6.0867747269123065,3.2044591667776596,0.06286898255348206,1.4096227541728568,36.0,64.0,1.0
0.9224952741020794,0.9274131775341017,0.2890164127788607,6.192362489474872,3.255273731869041,0.06286898255348206,1.6685501353083196,37.0,64.0,1.0
0.8512396694214877,0.9386191666319846,0.34861951172172384,6.428105272684596,3.3690550153282692,0.06286898255348206,1.8900771584854668,38.0,64.0,1.0
0.7346647646219686,0.9538603657563031,0.35034934054551004,6.246106765481563,3.2811742778131374,0.06286898255348206,2.4563925606057047,39.0,64.0,1.0
0.8442622950819673,0.9422885170477584,0.31895314778111117,6.246106765481563,3.2811742778131374,0.06286898255348206,1.9426160829041943,40.0,64.0,1.0
0.8634361233480177,0.9484063609547283,0.2936496760813765,6.3784261836515865,3.3450410773038,0.06286898255348206,1.9548094441869086,41.0,64.0,1.0
0.7842809364548495,0.8862134561710684,0.2521842176113615,6.152732694704104,3.2361906317473745,0.06286898255348206,2.185695662660454,42.0,64.0,1.0
0.7884841363102233,0.9313135239001605,0.2999244876754292,6.51025834052315,3.408806987605452,0.06286898255348206,2.000632084541336,43.0,64.0,1.0
0.6630336058128974,0.8680863463437553,0.3462867144769136,6.594413459749778,3.449578772169341,0.06286898255348206,2.523689389348188,44.0,64.0,1.0
0.7444444444444445,0.9693798506921493,0.281616042246424,6.690842277418564,3.4963581988332635,0.06286898255348206,2.5300819914005874,45.0,64.0,1.0
0.8316251830161054,0.9480692930971528,0.26106544897818007,6.343880434126331,3.328353506144283,0.06286898255348206,2.04482466771771,46.0,64.0,1.0
0.8622516556291391,0.9578473216419501,0.21256528669027627,6.480044561926653,3.3941814202674,0.06286898255348206,2.4335215286092864,47.0,64.0,1.0
0.8694852941176471,0.9209221903126181,0.2879392358397496,6.161207321695077,3.2402703450710373,0.06286898255348206,1.6550464446387976,48.0,64.0,1.0
0.8890649762282092,0.9222183858272973,0.28871171408818275,6.331501849893691,3.3223762073861303,0.06286898255348206,1.6750932787238089,49.0,64.0,1.0
0.8768809849521204,0.8210029046862425,0.33375382818089266,6.464588303689961,3.386702121319611,0.07963462173938751,1.5177326469576493,1.0,65.0,1.0
0.8924418604651163,0.8780221975453161,0.32919837266618124,6.826545223556594,3.5622961656663312,0.07963462173938751,1.505098392321662,2.0,65.0,1.0
0.8498896247240618,0.8778462874906573,0.3281057202843911,6.647688373563329,3.475415502820987,0.07963462173938751,1.6927870477342122,3.0,65.0,1.0
0.9041487839771102,0.8571129117801971,0.349133857881942,6.450470422144176,3.379872017052443,0.07963462173938751,1.5818109393289528,4.0,65.0,1.0
0.8404966571155683,0.9228232643234967,0.24311637526130017,6.78105762593618,3.5401803391866884,0.07963462173938751,1.8266181019629326,5.0,65.0,1.0
0.7424177701836822,0.9796032922302602,0.4299547049413594,7.461065514354283,3.8720624787042266,0.07963462173938751,2.953179553440383,6.0,65.0,1.0
0.9127423822714681,0.8327975020195186,0.33620447596513897,6.492239835020471,3.400083972114469,0.07963462173938751,1.4387543489036,7.0,65.0,1.0
0.9499217527386542,0.7071767865343314,0.3571212628705473,6.410174881966167,3.3603856311237044,0.07963462173938751,1.2575684284636937,8.0,65.0,1.0
0.9073634204275535,0.8838611523565697,0.26060844558717333,6.639875833826536,3.4716254223328975,0.07963462173938751,1.5044868497145314,9.0,65.0,1.0
0.8240384615384615,0.8589921758217818,0.33622015899603225,6.754604099487962,3.527324949599094,0.07963462173938751,1.6789874379556435,10.0,65.0,1.0
0.8637951105937136,0.8870054180360143,0.2667345237123028,6.610696044717759,3.4574732352151702,0.07963462173938751,1.695641119367049,11.0,65.0,1.0
0.8157099697885196,0.9486655520367463,0.23304036618694418,6.985641817639208,3.639750221565756,0.07963462173938751,2.298252878125873,12.0,65.0,1.0
0.8838862559241706,0.8620070622093136,0.30551091096529925,6.616065185132817,3.460076821337005,0.07963462173938751,1.6397358086754772,13.0,65.0,1.0
0.9119106699751861,0.8019088621105064,0.33818493982064063,6.601230118728877,3.452883540659941,0.07963462173938751,1.3542596290538345,14.0,65.0,1.0
0.8464598249801114,0.9031086143481594,0.2991513568262207,6.970730078143525,3.632484075759227,0.07963462173938751,1.7957681843662887,15.0,65.0,1.0
0.8623949579831933,0.9181010383968606,0.2819724308151277,6.71174039505618,3.506504646814233,0.07963462173938751,1.774270677260425,16.0,65.0,1.0
0.8624641833810889,0.5880990690804653,0.2826916877393103,6.401917196727186,3.3563938435255016,0.07963462173938751,1.748563529807609,17.0,65.0,1.0
0.8571428571428571,0.8710177201190652,0.29993791507183165,6.6052979209482015,3.4548557978999366,0.07963462173938751,1.848955053920275,18.0,65.0,1.0
0.9014821272885789,0.6883717999391064,0.33038794937928806,6.942156705699469,3.6185646620905767,0.07963462173938751,1.4302974216393451,19.0,65.0,1.0
0.8973429951690821,0.7873803676234297,0.3261138681397682,6.612041034833092,3.4581254245357638,0.07963462173938751,1.481156824887445,20.0,65.0,1.0
0.8848920863309353,0.80925758047065,0.3193709567605882,6.423246963533519,3.3667057713144857,0.07963462173938751,1.552405074764222,21.0,65.0,1.0
0.8178438661710037,0.9425573748447598,0.2611050483553754,7.00397413672268,3.648684949792385,0.07963462173938751,2.093790255225096,22.0,65.0,1.0
0.8426698450536353,0.7535186178586145,0.3735589156816292,6.56244409369372,3.434084161662506,0.07963462173938751,1.7329942434244918,23.0,65.0,1.0
0.8124341412012644,0.9099612961109127,0.34450783759604725,6.648984550024776,3.4760443547959055,0.07963462173938751,2.0125793589167413,24.0,65.0,1.0
0.9093298291721419,0.8332268509423397,0.31776504938788946,6.541029999189903,3.4237094557778343,0.07963462173938751,1.4724019646100932,25.0,65.0,1.0
0.8924050632911392,0.8904119768385803,0.3053171721039297,6.741700694652055,3.521056061947932,0.07963462173938751,1.6215331691579034,26.0,65.0,1.0
0.8630289532293987,0.8535273490788048,0.296417125665129,6.654152520183219,3.4785517581346084,0.07963462173938751,1.7063692865482976,27.0,65.0,1.0
0.8798076923076923,0.9034262364152525,0.24719447383014698,6.597145701886651,3.4509033448325197,0.07963462173938751,1.6944677540811748,28.0,65.0,1.0
0.8179775280898877,0.8367322344976131,0.2688900997898172,6.591673732008658,3.448250623340655,0.07963462173938751,1.890138297809406,29.0,65.0,1.0
0.8343949044585988,0.9173653998276146,0.2264509424869011,6.668228248417403,3.4853819696275896,0.07963462173938751,2.0549557446153774,30.0,65.0,1.0
0.8776255707762557,0.9171622526064834,0.22814966854891255,6.8690144506657065,3.5829563963690005,0.07963462173938751,1.8074388623652295,31.0,65.0,1.0
0.8849372384937239,0.8868471447808546,0.2746703466478039,6.741700694652055,3.521056061947932,0.07963462173938751,1.6860318881020127,32.0,65.0,1.0
0.8852889667250438,0.9222100962411587,0.32648454683917877,6.919683849847411,3.607620569577945,0.07963462173938751,1.6751121638895385,33.0,65.0,1.0
0.8545918367346939,0.935699026209716,0.28092217580108036,6.508769136971682,3.408085952849519,0.07963462173938751,1.8718601177655692,34.0,65.0,1.0
0.8442265795206971,0.907312036534744,0.24263427437036003,6.654152520183219,3.4785517581346084,0.07963462173938751,2.0289190370931722,35.0,65.0,1.0
0.7831325301204819,0.9217918073305774,0.20306455597915257,6.373319789577012,3.3425738143784405,0.07963462173938751,2.289722382460719,36.0,65.0,1.0
0.8358831710709318,0.9267969926650172,0.2902587971600357,6.400257445308821,3.3555915779487355,0.07963462173938751,2.071840839879933,37.0,65.0,1.0
0.6237331081081081,0.937605982986867,0.27503313543920066,7.298445101508147,3.792464275919109,0.07963462173938751,4.00644332122643,38.0,65.0,1.0
0.7817460317460317,0.8696074671482514,0.2625617109942385,6.3835066348840055,3.3474960049329185,0.07963462173938751,2.3078094754719354,39.0,65.0,1.0
0.8995873452544704,0.926355348844091,0.2694995331922011,6.484635235635252,3.3964031925516505,0.07963462173938751,1.7135125952883603,40.0,65.0,1.0
0.8788321167883212,0.8095882338596139,0.2553019749668728,6.401917196727186,3.3563938435255016,0.07963462173938751,1.5919318418411446,41.0,65.0,1.0
0.8829787234042553,0.9156421736841124,0.37711817207164133,6.617402977974478,3.4607255708274307,0.07963462173938751,1.7317001712855988,42.0,65.0,1.0
0.9028475711892797,0.7990447466002583,0.2890528961053841,6.29156913955832,3.3031019751298745,0.07963462173938751,1.4203362290275885,43.0,65.0,1.0
0.83803457688808,0.886468932139897,0.31128452996983713,6.826545223556594,3.5622961656663312,0.07963462173938751,1.794768727153568,44.0,65.0,1.0
0.921146953405018,0.9297537148214513,0.27880718428857976,6.9363427358340495,3.615733012459674,0.07963462173938751,1.674925620838343,45.0,65.0,1.0
0.8245125348189415,0.9071024546998167,0.3538045334766708,6.790097235513905,3.5445742856458438,0.07963462173938751,2.250404196194515,46.0,65.0,1.0
0.882921589688507,0.8098601002346808,0.3613581447534094,6.71295620067707,3.507095034748951,0.07963462173938751,1.5772090399591314,47.0,65.0,1.0
0.8670284938941656,0.9067097876939687,0.24824320588436663,6.461468176353717,3.385192503791494,0.07963462173938751,1.650196822768806,48.0,65.0,1.0
0.9501779359430605,0.9164382260242513,0.30069464881672137,6.687108607866515,3.4945457388519543,0.07963462173938751,1.4876132037212924,49.0,65.0,1.0
0.9066820276497696,0.6531320373004642,0.31689647341059857,6.669498089857879,3.4859982236125884,0.08199463039636612,1.4273485732928055,1.0,66.0,1.0
0.8520642201834863,0.6722692211621207,0.29616090198469613,6.612041034833092,3.4581254245357638,0.08199463039636612,2.0679458878850085,2.0,66.0,1.0
0.9007936507936508,0.8656041634219837,0.29794566126575367,6.812345094177479,3.5553907094838992,0.08199463039636612,1.5709063627029765,3.0,66.0,1.0
0.8491686460807601,0.6171433537483415,0.3418303650592672,6.573680166960646,3.4395291288957583,0.08199463039636612,2.0373094070360964,4.0,66.0,1.0
0.8553948832035595,0.6301672764318168,0.3296151582181666,6.646390514847729,3.4747858462784773,0.08199463039636612,1.9203480954010443,5.0,66.0,1.0
0.8810160427807486,0.6689524692516363,0.32566720257649545,6.492239835020471,3.400083972114469,0.08199463039636612,1.6204158076193764,6.0,66.0,1.0
0.854320987654321,0.7963870172421403,0.40465351196597765,6.541029999189903,3.4237094557778343,0.08199463039636612,1.846334869664457,7.0,66.0,1.0
0.7794117647058824,0.9536162792604999,0.2631707125967263,7.338238150065589,3.811929580476312,0.08199463039636612,3.674162507687546,8.0,66.0,1.0
0.8366013071895425,0.5324960364020754,0.33211365559962647,6.240275845170769,3.278363082792804,0.08199463039636612,1.7960428711286545,9.0,66.0,1.0
0.9377537212449256,0.8210791165949397,0.2993957457613783,6.542471960506805,3.4244079541413814,0.08199463039636612,1.4514215372876338,10.0,66.0,1.0
0.881203007518797,0.4393110355455394,0.31025261933338194,6.375024819828097,3.3433976136291093,0.08199463039636612,1.6137738556897596,11.0,66.0,1.0
0.8895939086294417,0.4172313605760043,0.3137564227947024,6.553933404025811,3.429960506875607,0.08199463039636612,1.514318036979242,12.0,66.0,1.0
0.8217194570135746,0.6216974459248843,0.32747175705472353,6.812345094177479,3.5553907094838992,0.08199463039636612,2.5190921877224746,13.0,66.0,1.0
0.8614864864864865,0.8716465840740156,0.2399217656963986,6.236369590203704,3.276479959863799,0.08199463039636612,1.6292351481295355,14.0,66.0,1.0
0.788218793828892,0.5593853619562855,0.30641376508824986,6.333279628139691,3.3232345766671405,0.08199463039636612,2.1356478916694814,15.0,66.0,1.0
0.8367609254498715,0.6969264788554766,0.31841524827379103,6.480044561926653,3.3941814202674,0.08199463039636612,2.1640329450779863,16.0,66.0,1.0
0.9064976228209192,0.7081951419744994,0.30859624228146304,6.35088571671474,3.3317367077163884,0.08199463039636612,1.4059141135340965,17.0,66.0,1.0
0.7613293051359517,0.6917972281307243,0.28153342268148995,6.22455842927536,3.2707868084534972,0.08199463039636612,2.417578767151421,18.0,66.0,1.0
0.8916666666666667,0.7752236358655387,0.23608003974977615,6.466144724237619,3.387455194506941,0.08199463039636612,1.5247889634538092,19.0,66.0,1.0
0.8760469011725294,0.8535259885348885,0.31436529214745745,6.261491684321042,3.288592960078605,0.08199463039636612,1.6375022310978806,20.0,66.0,1.0
0.6775818639798489,0.7662859426502684,0.2911847445622949,6.289715570908998,3.3022076251803294,0.08199463039636612,2.6688698170500404,21.0,66.0,1.0
0.9427549194991055,0.7585051330736656,0.2944869796892254,6.269096283706261,3.2922606426771264,0.08199463039636612,1.1871992341225106,22.0,66.0,1.0
0.7693222354340071,0.7730083566361318,0.2750584562176523,6.473890696352274,3.391203346296449,0.08199463039636612,2.7883953395899628,23.0,66.0,1.0
0.8905775075987842,0.6503326105339969,0.3663873712870589,6.375024819828097,3.3433976136291093,0.08199463039636612,1.47114100933977,24.0,66.0,1.0
0.867862969004894,0.37394414007868415,0.3466587339979225,6.278521424165844,3.2968070156311455,0.08199463039636612,1.6897268372623595,25.0,66.0,1.0
0.9181818181818182,0.7891543310525069,0.279525212185883,6.813444599510896,3.555925347636887,0.08199463039636612,1.4393763271838462,26.0,66.0,1.0
0.7927007299270074,0.22961609459857063,0.3185544418629494,6.298949246855942,3.306663161251125,0.08199463039636612,2.2402968153453893,27.0,66.0,1.0
0.9243498817966903,0.752056707475124,0.29374316462392364,6.663132695990803,3.4829092090820253,0.08199463039636612,1.3108583961480216,28.0,66.0,1.0
0.8711409395973154,0.8720816605720856,0.24902124994321279,6.476972362889683,3.3926946390755788,0.08199463039636612,1.5017504952391798,29.0,66.0,1.0
0.9134253450439147,0.8431292131376146,0.2839516087853144,6.591673732008658,3.448250623340655,0.08199463039636612,1.455618494893645,30.0,66.0,1.0
0.8498896247240618,0.762057971345095,0.35724751678979844,6.647688373563329,3.475415502820987,0.08199463039636612,1.7120977937976727,31.0,66.0,1.0
0.8333333333333334,0.7311913024646793,0.27654349511573356,6.431331081933479,3.370614959631608,0.08199463039636612,2.1296370085745497,32.0,66.0,1.0
0.8391376451077943,0.6309500383086825,0.28891558983414956,6.2285110035911835,3.2726918794891433,0.08199463039636612,1.9515800618500507,33.0,66.0,1.0
0.6527037319116527,0.7918562065853296,0.2890474679336219,6.754604099487962,3.527324949599094,0.08199463039636612,2.6811317411644526,34.0,66.0,1.0
0.9518072289156626,0.7181323546088466,0.31795419358607946,6.673297967767654,3.4878423698666046,0.08199463039636612,1.246811573052153,35.0,66.0,1.0
0.7964285714285714,0.8180263986753062,0.347864215748445,6.507277712385012,3.4073638589576607,0.08199463039636612,2.0245648290857696,36.0,66.0,1.0
0.7957992998833139,0.5319765134809062,0.343674058007875,6.52649485957079,3.4166693482978068,0.08199463039636612,1.8035533667853814,37.0,66.0,1.0
0.7415881561238223,0.8481988198961345,0.3265051150904897,7.005789019253503,3.64956958779873,0.08199463039636612,3.203075911899385,38.0,66.0,1.0
0.8786407766990292,0.6532689613126148,0.25045584631130996,6.586171654854675,3.4455835192576023,0.08199463039636612,1.52999018140816,39.0,66.0,1.0
0.9330900243309003,0.834317698914771,0.26724866740957787,6.643789733147672,3.4735241112040596,0.08199463039636612,1.4181123391115584,40.0,66.0,1.0
0.7863475177304965,0.8060664553084007,0.2750447547270937,6.78897174299217,3.544027180696029,0.08199463039636612,3.2644206918687693,41.0,66.0,1.0
0.949171270718232,0.7010718469989938,0.3208816968684271,6.756932389247553,3.5284562242384374,0.08199463039636612,1.2917356611208994,42.0,66.0,1.0
0.8476903870162297,0.7585720460778779,0.3162023223338258,6.522092798170152,3.414537507771146,0.08199463039636612,2.4976034111384458,43.0,66.0,1.0
0.8408531583264971,0.8756314351334887,0.3200271400777352,6.933423025730715,3.614311067464667,0.08199463039636612,2.1639956523956565,44.0,66.0,1.0
0.7666666666666667,0.7952360748027704,0.30708661936879283,6.8501261661455,3.573766304996434,0.08199463039636612,1.979415636541006,45.0,66.0,1.0
0.815068493150685,0.9437675614397483,0.322754715538571,7.487733761436444,3.8851282665879383,0.08199463039636612,4.4804684085418405,46.0,66.0,1.0
0.9380530973451328,0.7163382653661152,0.35318653803417094,6.610696044717759,3.4574732352151702,0.08199463039636612,1.3159125657510764,47.0,66.0,1.0
0.9245867768595041,0.6188017194976798,0.4106429769007834,6.79794041297493,3.54838710305391,0.08199463039636612,1.3125069239784821,48.0,66.0,1.0
0.8459139114160948,0.8770451773370641,0.2739842145277236,7.213031659834869,3.750711054720015,0.07559971511363983,1.6433122332756136,1.0,67.0,1.0
0.840173829068083,0.8987283067608782,0.22462985605436048,7.462214939768189,3.8726255555146563,0.07559971511363983,1.6974111326016126,2.0,67.0,1.0
0.941315945465323,0.8242794954337861,0.2685309774064177,7.370860166536716,3.8278931004206314,0.07559971511363983,1.3531678990578935,3.0,67.0,1.0
0.883108935128519,0.7610349449628132,0.28274345932850814,7.275172319452771,3.7810838770433572,0.07559971511363983,1.5005342769817454,4.0,67.0,1.0
0.8828740157480315,0.9141980285186199,0.23771321484448146,7.492760300922379,3.887591339896718,0.07559971511363983,1.6473248753395824,5.0,67.0,1.0
0.9079382579933848,0.8874102825660961,0.28403694490646647,7.4073177104694174,3.8457398448458333,0.07559971511363983,1.5053362947725621,6.0,67.0,1.0
0.9033564814814815,0.8353792347319917,0.22326703046032145,7.3537223303996315,3.8195060629227218,0.07559971511363983,1.5096090415978938,7.0,67.0,1.0
0.8267355134825014,0.8132194172562647,0.22836910243980915,7.273786317844895,3.780406210980705,0.07559971511363983,1.7569433694436787,8.0,67.0,1.0
0.8769230769230769,0.9161872339730334,0.2570992007417975,7.4109518755836366,3.847519207564424,0.07559971511363983,1.7206328668560047,9.0,67.0,1.0
0.9202099737532808,0.9180596871339839,0.23179510181046542,7.469654172932128,3.876270016778949,0.07559971511363983,1.5487888924499433,10.0,67.0,1.0
0.8326612903225806,0.8647950092925796,0.21083485354722664,7.410347097821024,3.847223091292562,0.07559971511363983,1.776204091124508,11.0,67.0,1.0
0.8627559490868844,0.8058304209877845,0.20044858392635795,7.352441100243583,3.818879104832538,0.07559971511363983,1.5983115781882629,12.0,67.0,1.0
0.8401515151515152,0.8669511809777957,0.2672353050821278,7.01211529430638,3.6526533901114284,0.07559971511363983,1.7886493506362282,13.0,67.0,1.0
0.9381648936170213,0.9090899882805107,0.3192530002939217,7.252762418053187,3.77012810821047,0.07559971511363983,1.500191970091034,14.0,67.0,1.0
0.9116368903911154,0.8552932806364707,0.27741088023697025,7.543802867501509,3.9126096495589744,0.07559971511363983,1.4987411602176934,15.0,67.0,1.0
0.9242424242424242,0.8345636235018484,0.23145006728144182,7.330405211844402,3.8080973514312997,0.07559971511363983,1.3873379571270759,16.0,67.0,1.0
0.8968963703314046,0.8313726150805708,0.29051983964984884,7.441906728051625,3.8626779744669446,0.07559971511363983,1.552246881388301,17.0,67.0,1.0
0.9170199878861296,0.8822847535239956,0.23792559021364268,7.323170717943469,3.804558187048444,0.07559971511363983,1.5810870449957872,18.0,67.0,1.0
0.9051348999129678,0.9568692183356341,0.21348592374439027,8.045908742270779,4.159317835698039,0.07559971511363983,1.9042169840679548,19.0,67.0,1.0
0.8618957940991839,0.8165947786651911,0.2716458150646905,7.2254814727822945,3.7567945688258675,0.07559971511363983,1.5677709716476227,20.0,67.0,1.0
0.9321774604793472,0.8741092284194681,0.2663314447466327,7.511524648390866,3.8967871858969576,0.07559971511363983,1.4101838616968392,21.0,67.0,1.0
0.9187757504414361,0.9005849995468829,0.2608174459931044,7.3537223303996315,3.8195060629227218,0.07559971511363983,1.4965633362511448,22.0,67.0,1.0
0.9582262210796915,0.866162336258995,0.22433021888782786,7.307872780763706,3.7970752152866045,0.07559971511363983,1.294534045704207,23.0,67.0,1.0
0.8935119887165022,0.891980772200958,0.23698280271106528,7.145196134997171,3.7175784852918636,0.07559971511363983,1.5242164868326957,24.0,67.0,1.0
0.7189922480620154,0.3244541753814124,0.3165563112952835,7.01571242048723,3.6544069481875527,0.07559971511363983,2.2265224740602187,25.0,67.0,1.0
0.8749289368959636,0.8356370091041314,0.27553073687338053,7.3395376954076745,3.8125654073166624,0.07559971511363983,1.5695474167666221,26.0,67.0,1.0
0.9083594099240053,0.8994708464127674,0.2345968202933795,7.617267813628347,3.9486393615279995,0.07559971511363983,1.4905986856527011,27.0,67.0,1.0
0.8257497414684591,0.8973630333100937,0.2874672265327202,7.37650812632622,3.830657463113569,0.07559971511363983,1.792808835975998,28.0,67.0,1.0
0.8182795698924731,0.8854196894005542,0.2800992888137283,7.328437352895162,3.8071346347213875,0.07559971511363983,1.7799743265339583,29.0,67.0,1.0
0.8582974137931034,0.8880339618722449,0.23503246661520424,7.374001859350161,3.829430764864852,0.07559971511363983,1.6872487155946225,30.0,67.0,1.0
0.8502738892270237,0.9186723628411273,0.2870829408089298,7.242797922793756,3.76525751040183,0.07559971511363983,1.8143230811919229,31.0,67.0,1.0
0.852002027369488,0.8524925588855176,0.2754913519059725,7.427738840532894,3.855739297529024,0.07559971511363983,1.6406864604993885,32.0,67.0,1.0
0.8518518518518519,0.8248248691550042,0.22605040404187485,7.370230641807081,3.827584992931917,0.07559971511363983,1.6382527867156005,33.0,67.0,1.0
0.8925129725722758,0.8659384849921576,0.2644695843829136,7.094234845924755,3.6927044732657546,0.07559971511363983,1.5169610726094922,34.0,67.0,1.0
0.821349147516679,0.9167092984201531,0.3272879739981338,7.011213987350367,3.6522140251520416,0.07559971511363983,1.8123421843418956,35.0,67.0,1.0
0.9162512462612163,0.872086996679132,0.23147775785082636,7.516977224604321,3.899459642227758,0.07559971511363983,1.533914212341199,36.0,67.0,1.0
0.9276155717761557,0.875174583831158,0.26742481428109705,7.330405211844402,3.8080973514312997,0.07559971511363983,1.4612009103749066,37.0,67.0,1.0
0.9030269058295964,0.8468515591396124,0.23992281970178445,7.385230923066573,3.8349271013876,0.07559971511363983,1.4093342320370688,38.0,67.0,1.0
0.9070262597586941,0.8343877641340608,0.2900073516075114,7.153833801578843,3.7217959350327074,0.07559971511363983,1.4763980377179362,39.0,67.0,1.0
0.8172280508006626,0.9031810433393321,0.1953767832794352,7.300472814267799,3.793455961599853,0.07559971511363983,1.970549916657494,40.0,67.0,1.0
0.8829416884247171,0.8898446830171958,0.255952534399793,7.615791072035833,3.947914875730886,0.07559971511363983,1.575227326153073,41.0,67.0,1.0
0.8760736196319019,0.8204439070572624,0.2561302751253148,7.264730177929867,3.7759785864063744,0.07559971511363983,1.5551589022400392,42.0,67.0,1.0
0.8841502227880331,0.8285505389819239,0.26114806483823255,7.237059026124737,3.762452604375149,0.07559971511363983,1.5167709434667471,43.0,67.0,1.0
0.9082042455536431,0.8768045076893386,0.2022449853696486,7.367708572374371,3.8263506396515847,0.07559971511363983,1.5002268752269885,44.0,67.0,1.0
0.8712070128118679,0.9127009308982679,0.25943269545032666,7.164720378771857,3.7271120311200256,0.07559971511363983,1.8093971443399595,45.0,67.0,1.0
0.9103335155822854,0.8596761315248455,0.23525042155545828,7.418180822726788,3.851058843674519,0.07559971511363983,1.4907586236492147,46.0,67.0,1.0
0.8225880201188843,0.92116976173368,0.23437786616008333,7.495541943884256,3.8889544347237077,0.07559971511363983,2.1261260645711926,47.0,67.0,1.0
0.8693023255813953,0.8606782683406704,0.2822306737571379,7.533693709848633,3.9076537169140226,0.07559971511363983,1.5812203458315732,48.0,67.0,1.0
0.9514661274014156,0.35494089258737904,0.344403151428444,6.848005274576363,3.572734525930879,0.07559971511363983,1.15787786715435,49.0,67.0,1.0
0.9185441941074524,0.836292032274454,0.26750738168418386,6.966967138613983,3.630650692536863,0.07559971511363983,1.4072307684023821,50.0,67.0,1.0
0.9135514018691588,0.8869879834391287,0.26847931631296934,7.068172000388042,3.679988973556838,0.07559971511363983,1.4361606893665768,51.0,67.0,1.0
0.868575624082232,0.8671524281331375,0.2637664417126057,7.076653815443951,3.6841266421097423,0.07559971511363983,1.5111438399469748,52.0,67.0,1.0
0.8132530120481928,0.8902450908133799,0.23493800281351185,7.470793774195062,3.8768283280076288,0.07559971511363983,1.9401525585118022,53.0,67.0,1.0
0.8948667324777887,0.9055733224960455,0.25329517448810357,7.503289630675082,3.8927512447074633,0.07559971511363983,1.6575006809805037,54.0,67.0,1.0
0.9372340425531915,0.5042218254826134,0.36319347266111046,6.782192056006791,3.5407317304444796,0.09512297064065933,1.2677003649514542,1.0,68.0,1.0
0.8341759352881699,0.6692536629166913,0.29072768060099513,6.716594773520978,3.508861963084962,0.09512297064065933,2.225103605816117,2.0,68.0,1.0
0.9041860465116279,0.8636475811146355,0.30608760100108384,6.880384082186005,3.588489366968601,0.09512297064065933,1.6537283227647943,3.0,68.0,1.0
0.8363636363636363,0.6057558212796172,0.31540185306962576,6.663132695990803,3.4829092090820253,0.09512297064065933,1.833381208077404,4.0,68.0,1.0
0.8710089399744572,0.6231372590496983,0.33442399654951155,6.52649485957079,3.4166693482978068,0.09512297064065933,1.8692066581116578,5.0,68.0,1.0
0.9070796460176991,0.5537499934833231,0.30644679465075064,6.710523109452428,3.5059135501330543,0.09512297064065933,1.3453187579273405,6.0,68.0,1.0
0.8772348033373063,0.7700799772517605,0.3435551129898631,6.602587892189336,3.4535418386459438,0.09512297064065933,1.770986449395847,7.0,68.0,1.0
0.8604336043360433,0.5470437864291315,0.35489335936866956,6.455198563340122,3.3821592836002257,0.09512297064065933,1.6143169539964612,8.0,68.0,1.0
0.7810536491058483,0.9506691353033422,0.28224699572665374,7.388327859577107,3.8364430825406437,0.09512297064065933,3.5280009807916777,9.0,68.0,1.0
0.8344640434192673,0.5293685161983758,0.31334390588896405,6.423246963533519,3.3667057713144857,0.09512297064065933,2.146951130595482,10.0,68.0,1.0
0.9207606973058637,0.7243318938098983,0.33393342955016136,7.0587581525186645,3.6753971167999278,0.09512297064065933,1.3967170749951423,11.0,68.0,1.0
0.9247648902821317,0.8285129201474911,0.3172403548946047,6.786716950605081,3.542931144747462,0.09512297064065933,1.4616723479664884,12.0,68.0,1.0
0.8927335640138409,0.42846070387921276,0.2993178025396726,6.652863029353347,3.4779261038923286,0.09512297064065933,1.451322128141393,13.0,68.0,1.0
0.8240997229916898,0.49211316646800635,0.3133798095151258,6.39024066706535,3.350750266349798,0.09512297064065933,2.3590788755911043,14.0,68.0,1.0
0.8673780487804879,0.8528526283030721,0.28693127620682213,6.345636360828596,3.3292014950260556,0.09512297064065933,1.5840783901411573,15.0,68.0,1.0
0.832258064516129,0.4545565473864907,0.2780724280055824,6.470799503782602,3.3897075143459197,0.09512297064065933,1.9144639261431422,16.0,68.0,1.0
0.8529729729729729,0.6756954961940899,0.3193343168189942,6.672032945461067,3.4872284218035032,0.09512297064065933,2.27005747112865,17.0,68.0,1.0
0.8888888888888888,0.7401993977322371,0.2629251864334442,6.371611847231857,3.3417486306479462,0.09512297064065933,1.540477780892573,18.0,68.0,1.0
0.8142458100558659,0.6843840293449585,0.2549168254112953,6.369900982828227,3.3409220577548453,0.09512297064065933,2.3776940297225564,19.0,68.0,1.0
0.8693931398416886,0.798584911518688,0.2726197092143121,6.492239835020471,3.400083972114469,0.09512297064065933,1.6456783575274525,20.0,68.0,1.0
0.8676148796498906,0.7071507154071767,0.29119584710967655,6.677083461247136,3.489679632917633,0.09512297064065933,1.6561784441778957,21.0,68.0,1.0
0.7016985138004246,0.7878559500713159,0.28183542430210096,6.495265555937008,3.401548600444154,0.09512297064065933,2.4755324503674396,22.0,68.0,1.0
0.8929712460063898,0.7689012201848535,0.32848295698095814,6.327936783729195,3.320654952137892,0.09512297064065933,1.4024315158031377,23.0,68.0,1.0
0.8984848484848484,0.5756146746015411,0.3000646377539014,6.386879319362645,3.3491258313670405,0.09512297064065933,1.6682667916111715,24.0,68.0,1.0
0.7662473794549266,0.7200829384029196,0.30360149749282744,6.595780513961311,3.450241504312641,0.09512297064065933,2.962066979048781,25.0,68.0,1.0
0.8602409638554217,0.6077184522178712,0.3653141188284944,6.5722825426940075,3.438851795443043,0.09512297064065933,1.8186391348301851,26.0,68.0,1.0
0.9043560606060606,0.7832488632864566,0.32554055281759053,6.862757913051401,3.579912030755416,0.09512297064065933,1.4827867345065804,27.0,68.0,1.0
0.7667464114832536,0.37828667238933184,0.31306223379127585,6.464588303689961,3.386702121319611,0.09512297064065933,2.603372484391557,28.0,68.0,1.0
0.8816631130063965,0.6749185782932845,0.32583302782907647,6.71901315438526,3.5100364026556834,0.09512297064065933,2.7546384273474174,29.0,68.0,1.0
0.8674285714285714,0.8129263248004819,0.27080782893898153,6.633318433280377,3.468444570313011,0.09512297064065933,1.6924811510211988,30.0,68.0,1.0
0.9350104821802935,0.7783563559109723,0.3040200618142783,6.794586580876499,3.546756650164739,0.09512297064065933,1.3821047679726821,31.0,68.0,1.0
0.8684461391801716,0.7405799392022543,0.37394073762903346,6.815639990074331,3.5569928868543106,0.09512297064065933,2.1585122455162344,32.0,68.0,1.0
0.8083756345177665,0.7039196235092231,0.2430162167579966,6.45833828334479,3.3836782341808753,0.09512297064065933,2.2983902485754113,33.0,68.0,1.0
0.9191919191919192,0.5753702526824499,0.30416307804055165,6.45833828334479,3.3836782341808753,0.09512297064065933,1.2721363067231763,34.0,68.0,1.0
0.7204225352112676,0.7376221415212071,0.32171197618663677,6.931471805599453,3.61336082133967,0.09512297064065933,2.230611014876541,35.0,68.0,1.0
0.9499417927823051,0.6114668674003367,0.334536247461854,6.705639094860003,3.5035420416441037,0.09512297064065933,1.207084733714707,36.0,68.0,1.0
0.8302808302808303,0.8211850567296987,0.35176385474828087,6.523562306149512,3.4152491488748544,0.09512297064065933,1.8230065275664784,37.0,68.0,1.0
0.823121387283237,0.5357969289300998,0.34402705268122397,6.569481420414296,3.4374943237560047,0.09512297064065933,1.6247186442974466,38.0,68.0,1.0
0.7663299663299663,0.8493616488552563,0.31316470509264727,7.037905963447182,3.66522772467263,0.09512297064065933,3.150742779441377,39.0,68.0,1.0
0.8785982478097623,0.7593955755143847,0.31703872751955753,6.555356891810665,3.430650188351136,0.09512297064065933,1.4968608658202154,40.0,68.0,1.0
0.9415730337078652,0.8424527583470014,0.3031018656025207,6.732210706467206,3.5164462241887757,0.09512297064065933,1.3915638639089725,41.0,68.0,1.0
0.8005029337803856,0.8087797172492777,0.31423143141883136,6.862757913051401,3.579912030755416,0.09512297064065933,3.1336418246677495,42.0,68.0,1.0
0.9110878661087866,0.7146363860455578,0.4268577708688506,6.77078942390898,3.535189847152078,0.09512297064065933,1.3671269143279845,43.0,68.0,1.0
0.8952483801295896,0.7379434260771376,0.3213091649817386,6.721425700790643,3.511208047767101,0.09512297064065933,1.428342926645041,44.0,68.0,1.0
0.851031321619557,0.8793142956694383,0.34255017065278226,7.016609683894219,3.6548443657380183,0.09512297064065933,1.7674326273185095,45.0,68.0,1.0
0.8533801580333626,0.7866670002672751,0.3163254496338517,6.880384082186005,3.588489366968601,0.09512297064065933,1.7704208481415165,46.0,68.0,1.0
0.8136531365313653,0.9452736028353279,0.29943158987287266,7.475905969367397,3.879332961332664,0.09512297064065933,3.7608898428949025,47.0,68.0,1.0
0.9294554455445545,0.7309335089205727,0.35789526493186247,6.62273632394984,3.4633120485778757,0.09512297064065933,1.3732345038637614,48.0,68.0,1.0
0.9094449853943525,0.6387497901848302,0.40012393763932724,6.840546529288687,3.5691061942892177,0.09512297064065933,1.4341408926547332,49.0,68.0,1.0
0.8224956063268892,0.927902882802282,0.23311427878118607,6.150602768446279,3.235165373652169,0.0687638446688652,1.9259414615177743,1.0,69.0,1.0
0.8384925975773889,0.9063938213409182,0.2057895447639334,6.436150368369428,3.3729456275283662,0.0687638446688652,1.7458943243957705,2.0,69.0,1.0
0.90748031496063,0.8282338094843522,0.2592548542258142,6.135564891081739,3.2279278580058395,0.0687638446688652,1.5470531207530405,3.0,69.0,1.0
0.9198473282442748,0.8792843317831003,0.20951694711641988,6.180016653652572,3.2493273787293653,0.0687638446688652,1.4613956921636608,4.0,69.0,1.0
0.7496296296296296,0.35843733620844875,0.304473110466758,6.2285110035911835,3.2726918794891433,0.0687638446688652,2.0468380111314532,5.0,69.0,1.0
0.8552971576227391,0.9224932999673541,0.2411936166472205,6.4967749901858625,3.4022792812655616,0.0687638446688652,1.9048516000145632,6.0,69.0,1.0
0.7825342465753424,0.8379398867035605,0.3032284465868246,6.126869184114185,3.2237436162807276,0.0687638446688652,1.7682049288920767,7.0,69.0,1.0
0.864329268292683,0.8576247586042726,0.23102278823397104,6.342121418721152,3.327504049817454,0.0687638446688652,1.6752838431229997,8.0,69.0,1.0
0.916247906197655,0.8603560979432661,0.269473629363306,6.306275286948016,3.3101986870821287,0.0687638446688652,1.453085876550811,9.0,69.0,1.0
0.8560354374307863,0.9197434868697595,0.2108661017717604,6.651571873589727,3.477299653281769,0.0687638446688652,1.8701343087890032,10.0,69.0,1.0
0.7938218390804598,0.969162443586515,0.19875232607534588,7.00850518208228,3.6508935780400513,0.0687638446688652,2.4014734747547157,11.0,69.0,1.0
0.8693790149892934,0.7324726729150327,0.27914526858684907,6.008813185442595,3.1670017395333008,0.0687638446688652,1.6027089089682942,12.0,69.0,1.0
0.9107505070993914,0.835993450300399,0.2631437498615662,6.1092475827643655,3.2152663537569754,0.0687638446688652,1.3858229569000728,13.0,69.0,1.0
0.8841463414634146,0.8751017820290917,0.19672537840987225,6.364750756851911,3.3384339569133052,0.0687638446688652,1.5340577259768102,14.0,69.0,1.0
0.8940092165898618,0.8787345519464361,0.2662395085797109,5.963579343618446,3.1452935205900445,0.0687638446688652,1.5233838515225708,15.0,69.0,1.0
0.8904847396768402,0.8723706400299792,0.22820461975572645,6.208590026096629,3.263091628576238,0.0687638446688652,1.5498030211025988,16.0,69.0,1.0
0.9461697722567288,0.8549046541149109,0.2981964862673154,6.126869184114185,3.2237436162807276,0.0687638446688652,1.321407808754831,17.0,69.0,1.0
0.7280163599182005,0.9599005770820084,0.22521781213710793,6.974478911025045,3.6343106702931305,0.0687638446688652,2.634190895865988,18.0,69.0,1.0
0.9344262295081968,0.770818575311917,0.30541625914504594,5.991464547107982,3.158673752678844,0.0687638446688652,1.2559418829288058,19.0,69.0,1.0
0.8916797488226059,0.8448985431011784,0.31697352630808406,6.343880434126331,3.328353506144283,0.0687638446688652,1.469825156019041,20.0,69.0,1.0
0.8785046728971962,0.8480374416032781,0.29918473846579435,5.932245187448011,3.1302668308155708,0.0687638446688652,1.4998885624255274,21.0,69.0,1.0
0.8717504332755632,0.8786725040103358,0.26488814573015523,6.222576268071369,3.269831490046909,0.0687638446688652,1.6408324029910508,22.0,69.0,1.0
0.8706896551724138,0.8150874652825456,0.27854882810435005,6.003887067106539,3.1646367460432785,0.0687638446688652,1.5727141167411913,23.0,69.0,1.0
0.8683788121990369,0.8638613463592253,0.2613338098385743,6.295266001439646,3.3048857990963882,0.0687638446688652,1.5080800778790686,24.0,69.0,1.0
0.9343936381709742,0.5096001258903151,0.288149867543668,6.154858094016418,3.237213748997611,0.0687638446688652,1.1764111249392124,25.0,69.0,1.0
0.847682119205298,0.8865035730718974,0.2146721138767649,6.240275845170769,3.278363082792804,0.0687638446688652,1.6196800983561055,26.0,69.0,1.0
0.9001848428835489,0.8967655660267364,0.32414089935206913,6.1903154058531475,3.254287669250494,0.0687638446688652,1.6130342697073485,27.0,69.0,1.0
0.9124487004103967,0.9114278143331226,0.3438575371071336,6.504288173536645,3.4059164812342138,0.0687638446688652,1.5118140881006057,28.0,69.0,1.0
0.8560606060606061,0.8452721483633473,0.32259472300753567,6.115892125483034,3.2184625457423364,0.0687638446688652,1.7259533901878654,29.0,69.0,1.0
0.9331395348837209,0.8765889419534258,0.2404566379828585,6.466144724237619,3.387455194506941,0.0687638446688652,1.4453197044125574,30.0,69.0,1.0
0.8700696055684455,0.7398193524916695,0.27322012374093424,5.929589143389895,3.128993506456731,0.0687638446688652,1.4830316951290383,31.0,69.0,1.0
0.8387096774193549,0.9055806836203977,0.30298949301462946,6.093569770045136,3.2077264394885976,0.0687638446688652,1.7823458653194002,32.0,69.0,1.0
0.8285302593659942,0.8682417380134326,0.17511190610777935,6.3561076606958915,3.334258894875057,0.0687638446688652,1.7310970910514232,33.0,69.0,1.0
0.823915900131406,0.9206910407021007,0.22300343691483956,6.4425401664681985,3.376036084287424,0.0687638446688652,1.8480527563422597,34.0,69.0,1.0
0.8422174840085288,0.8617479769660771,0.26783593975572256,5.981414211254481,3.153850460820174,0.0687638446688652,1.6085481092745348,35.0,69.0,1.0
0.8853383458646616,0.8655079003529806,0.23973535069383609,6.156978985585555,3.238234734370268,0.0687638446688652,1.5174237940592743,36.0,69.0,1.0
0.9036458333333334,0.7793037222508847,0.24042036128360075,5.8522024797744745,3.091922743965858,0.0687638446688652,1.3106328247238759,37.0,69.0,1.0
0.9084967320261438,0.8194396366124257,0.290099248088302,6.035481432524756,3.1798087326686115,0.0687638446688652,1.3935983321093626,38.0,69.0,1.0
0.8296422487223168,0.8655401669128353,0.2506004048026552,6.1903154058531475,3.254287669250494,0.0687638446688652,1.896776006244919,39.0,69.0,1.0
0.8552036199095022,0.9039012001201243,0.23597491603785936,6.6293632534374485,3.466526142820269,0.0687638446688652,1.8634728138171548,40.0,69.0,1.0
0.8994197292069632,0.8555929602615808,0.2887971934203905,6.144185634125646,3.232076663767271,0.0687638446688652,1.4728146911384943,41.0,69.0,1.0
0.872093023255814,0.8744711347091633,0.2546723047245552,6.26530121273771,3.290430229380671,0.0687638446688652,1.579573734015859,42.0,69.0,1.0
0.8161993769470405,0.8824908962529356,0.21783847831932193,6.263398262591624,3.2895124549543606,0.0687638446688652,2.186233356637289,43.0,69.0,1.0
0.9367311072056239,0.8209325841631544,0.24910027096360507,6.280395838960195,3.297711255897661,0.0687638446688652,1.3477880899507961,44.0,69.0,1.0
0.8623481781376519,0.8615407233655121,0.2608977650314435,6.056784013228625,3.190043482747458,0.0687638446688652,1.6364904927685813,45.0,69.0,1.0
0.9228007181328546,0.8317154499009438,0.2667463989976851,6.244166900663736,3.2802390021815278,0.0687638446688652,1.3156364937378215,46.0,69.0,1.0
0.8680297397769516,0.807945045967412,0.21450751402514395,6.148468295917647,3.2341379656877605,0.0687638446688652,1.5764376992935045,47.0,69.0,1.0
0.9171374764595104,0.7893837281040965,0.2695798607708897,6.1903154058531475,3.254287669250494,0.0687638446688652,1.3667343193317922,48.0,69.0,1.0
0.909952606635071,0.8991673478377293,0.2946548124121173,6.645090969505644,3.474155383098723,0.0687638446688652,1.4941488440059538,49.0,69.0,1.0
0.931782945736434,0.8583941903247105,0.23071288623895936,6.400257445308821,3.3555915779487355,0.0687638446688652,1.3863944961403252,50.0,69.0,1.0
0.819047619047619,0.4052317975785227,0.3432645016509712,5.84354441703136,3.0877787618435875,0.08741474151611328,1.8814315800737744,1.0,70.0,1.0
0.8213256484149856,0.48945977651840095,0.36027790254007747,5.655991810819852,2.998190888656356,0.08741474151611328,1.575331669752462,2.0,70.0,1.0
0.9127358490566038,0.7132109934051754,0.4167942961702217,5.961005339623274,3.144058785551736,0.08741474151611328,1.3140735924328637,3.0,70.0,1.0
0.8761061946902655,0.5807517571128963,0.35281732434859137,5.983936280687191,3.155060750185239,0.08741474151611328,1.4440250672045498,4.0,70.0,1.0
0.8807692307692307,0.7799574662614487,0.3661352634013809,6.129050210060545,3.2247930321274607,0.08741474151611328,1.52215054567558,5.0,70.0,1.0
0.8707571801566579,0.8313888962432655,0.37741236341516954,6.504288173536645,3.4059164812342138,0.08741474151611328,1.5754067883145295,6.0,70.0,1.0
0.8377777777777777,0.7918688909837999,0.3252038744165544,6.626717749249025,3.4652430233366527,0.08741474151611328,1.878065426331279,7.0,70.0,1.0
0.8957345971563981,0.7763371593694286,0.29688055292452215,5.937536205082426,3.1328035721870147,0.08741474151611328,1.4338031340096553,8.0,70.0,1.0
0.8517587939698492,0.8197876848434552,0.4182393160286687,6.520621127558696,3.4138248350840055,0.08741474151611328,1.4527745467716833,9.0,70.0,1.0
0.876984126984127,0.4533280872162008,0.3723458702479882,6.093569770045136,3.2077264394885976,0.08741474151611328,1.3815164073635682,10.0,70.0,1.0
0.8808193668528864,0.7093693013378342,0.4093215332198876,6.161207321695077,3.2402703450710373,0.08741474151611328,1.411564688214535,11.0,70.0,1.0
0.8699878493317132,0.8609574571748558,0.3814776133893187,6.57507584059962,3.4402055308645014,0.08741474151611328,1.6275538944210481,12.0,70.0,1.0
0.8024691358024691,0.7455840342382479,0.3688116208210606,6.573680166960646,3.4395291288957583,0.08741474151611328,1.9316132377379824,13.0,70.0,1.0
0.8537666174298375,0.8913979016532642,0.3761909582025292,6.361302477572996,3.336768190274,0.08741474151611328,1.608344866816205,14.0,70.0,1.0
0.8448598130841122,0.7169784871683724,0.32247545293350166,6.115892125483034,3.2184625457423364,0.08741474151611328,1.6205458350752164,15.0,70.0,1.0
0.8926767676767676,0.685530055125625,0.37587969060440896,6.56244409369372,3.434084161662506,0.08741474151611328,1.4017913878662236,16.0,70.0,1.0
0.843859649122807,0.689461375949539,0.3638626698479062,6.1779441140506,3.248329267952155,0.08741474151611328,1.6218938302804884,17.0,70.0,1.0
0.8683206106870229,0.6751098311132676,0.3239666916087253,6.1224928095143865,3.221638015754096,0.08741474151611328,1.4486981332134152,18.0,70.0,1.0
0.8853046594982079,0.6487802376333727,0.334385426880484,6.20455776256869,3.2611488119915713,0.08741474151611328,1.383351629149638,19.0,70.0,1.0
0.8382352941176471,0.42952712269723625,0.3572158008494704,5.655991810819852,2.998190888656356,0.08741474151611328,1.5265723423584325,20.0,70.0,1.0
0.8415841584158416,0.8504981215282401,0.34070850630704497,6.523562306149512,3.4152491488748544,0.08741474151611328,1.7205977317632573,21.0,70.0,1.0
0.8475,0.44278413527845795,0.40686000540074013,5.8289456176102075,3.080793006039081,0.08741474151611328,1.5444296703969047,22.0,70.0,1.0
0.8473282442748091,0.7044130536211577,0.3673496599963792,6.09807428216624,3.2098925725250473,0.08741474151611328,1.5344166476018597,23.0,70.0,1.0
0.8472222222222222,0.558446849090145,0.3524577903645615,5.905361848054571,3.1173818047395194,0.08741474151611328,1.5408691242404327,24.0,70.0,1.0
0.8621103117505995,0.8055245013589162,0.4375454540815162,6.579251212010101,3.442229173504188,0.08741474151611328,1.444064514225336,25.0,70.0,1.0
0.794841735052755,0.7906566570338159,0.3173462446556289,6.520621127558696,3.4138248350840055,0.08741474151611328,1.915204044644177,26.0,70.0,1.0
0.8587257617728532,0.683618247310878,0.3490371976182538,6.431331081933479,3.370614959631608,0.08741474151611328,1.4576608804684754,27.0,70.0,1.0
0.859035004730369,0.8118181079166312,0.37888905553502017,6.812345094177479,3.5553907094838992,0.08741474151611328,1.6009000142504193,28.0,70.0,1.0
0.8396124865446717,0.7739781143259211,0.3778306691305952,6.660575149839686,3.481668154607897,0.08741474151611328,1.562127818774764,29.0,70.0,1.0
0.8833208676140614,0.8931309602433153,0.4108358547525141,7.074963197966044,3.6833018783466898,0.08741474151611328,1.6847703871313429,30.0,70.0,1.0
0.8439226519337016,0.58669020919834,0.43120838986171134,6.416732282512326,3.3635558662074105,0.08741474151611328,1.6261745373286913,31.0,70.0,1.0
0.8870292887029289,0.6512584707327099,0.3911297821593219,6.052089168924417,3.187787517538405,0.08741474151611328,1.3783850887306766,32.0,70.0,1.0
0.8422818791946308,0.8365941944953539,0.37248540040171724,6.625392368007956,3.4646002066911614,0.08741474151611328,1.5574383028618888,33.0,70.0,1.0
0.8765880217785844,0.7995226439849277,0.35280848377170665,6.182084906716632,3.2503234609725857,0.08741474151611328,1.453966912221328,34.0,70.0,1.0
0.8826086956521739,0.8858895017759838,0.3675139956781766,6.923628628138427,3.609541420513619,0.08741474151611328,1.6121447780225395,35.0,70.0,1.0
0.9112903225806451,0.5222325209848119,0.3402032950785014,5.8289456176102075,3.080793006039081,0.08741474151611328,1.2749922827397406,36.0,70.0,1.0
0.8476702508960573,0.6599298174213178,0.342316135061693,6.161207321695077,3.2402703450710373,0.08741474151611328,1.5833671929559425,37.0,70.0,1.0
0.943127962085308,0.7444073627629898,0.4018130296131057,6.393590753950631,3.352369345593839,0.08741474151611328,1.182409500484874,38.0,70.0,1.0
0.8628571428571429,0.9011170531923863,0.4260442811759501,6.964135612418245,3.6292711694914677,0.08741474151611328,1.669447335690582,39.0,70.0,1.0
0.7957860615883307,0.4332224658475079,0.4480840172751627,6.198478716492308,3.2582200735808287,0.08741474151611328,1.7476046535433347,40.0,70.0,1.0
0.7674825174825175,0.3931611805699335,0.37040217414966536,6.0867747269123065,3.2044591667776596,0.08741474151611328,1.8281905708237243,41.0,70.0,1.0
0.8697829716193656,0.3530686792098619,0.3961032772329754,6.257667587882639,3.2867487829667077,0.08741474151611328,1.3888087438709424,42.0,70.0,1.0
0.828125,0.7860827287559737,0.43453170174026445,6.679599185844383,3.490900676352285,0.08741474151611328,1.6723092646690352,43.0,70.0,1.0
0.8652597402597403,0.5713762694843212,0.44388057043150936,6.280395838960195,3.297711255897661,0.08741474151611328,1.4392700921632857,44.0,70.0,1.0
0.8235294117647058,0.6298908008499273,0.431455705168073,6.278521424165844,3.2968070156311455,0.08741474151611328,1.6571529906897053,45.0,70.0,1.0
0.8407079646017699,0.8800056477339411,0.4384506199040104,6.752270376141742,3.5261910706696633,0.08741474151611328,1.6854315467077439,46.0,70.0,1.0
0.8482758620689655,0.6547539691144686,0.39089668242423936,6.423246963533519,3.3667057713144857,0.08741474151611328,1.4695117819356989,47.0,70.0,1.0
0.9141630901287554,0.6148526127427452,0.38820310029348837,6.056784013228625,3.190043482747458,0.08741474151611328,1.2691509345149152,48.0,70.0,1.0
0.886736214605067,0.825768215562472,0.3795128236591667,6.39024066706535,3.350750266349798,0.08741474151611328,1.4816897328519718,49.0,70.0,1.0
0.8636363636363636,0.6441390059965979,0.44225958649816616,6.4425401664681985,3.376036084287424,0.08741474151611328,1.421763462276593,50.0,70.0,1.0
0.9049180327868852,0.8215882823852775,0.39687744339413566,6.720220155135295,3.510622573684219,0.08741474151611328,1.4220335390509273,51.0,70.0,1.0
0.8647260273972602,0.7961036666307281,0.40239967543163585,6.226536669287466,3.2717402691855377,0.08741474151611328,1.552394489770206,52.0,70.0,1.0
0.8203309692671394,0.45126506511941783,0.42100584957523374,5.8522024797744745,3.091922743965858,0.08741474151611328,1.6346217526779423,53.0,70.0,1.0
0.8838709677419355,0.8584939771845637,0.4240976571719229,6.71295620067707,3.507095034748951,0.08741474151611328,1.5906856874715447,54.0,70.0,1.0
0.6232741617357002,0.9375944420144267,0.26765018318707035,6.450470422144176,3.379872017052443,0.06405794620513916,3.191075939123747,1.0,71.0,1.0
0.7959183673469388,0.7579997663354976,0.3535714973696533,5.968707559985366,3.147753676731401,0.06405794620513916,1.708219772518872,2.0,71.0,1.0
0.8172757475083057,0.7184985663884065,0.3948799457054824,5.5093883366279774,2.928413127337617,0.06405794620513916,1.7850433322931618,3.0,71.0,1.0
0.8594771241830066,0.8467726250572117,0.27890156759192536,5.575949103146316,2.9600654559509008,0.06405794620513916,1.5554438685293515,4.0,71.0,1.0
0.8950617283950617,0.8886504786927176,0.35998623555232795,6.364750756851911,3.3384339569133052,0.06405794620513916,1.6428821852093287,5.0,71.0,1.0
0.8288690476190477,0.8984820297457795,0.31561835639744956,6.324358962381311,3.3189276391464566,0.06405794620513916,2.895721935019921,6.0,71.0,1.0
0.8723404255319149,0.3596071784985439,0.30984829654664375,5.327876168789581,2.842343945079886,0.06405794620513916,1.2661980313756298,7.0,71.0,1.0
0.8207792207792208,0.5033665870392284,0.33969697829240075,5.75890177387728,3.047304603298942,0.06405794620513916,2.0481407074220837,8.0,71.0,1.0
0.802247191011236,0.8243792668725826,0.32222732466353093,5.8805329864007,3.1054874638185948,0.06405794620513916,1.812920065953441,9.0,71.0,1.0
0.758957654723127,0.9226269451369882,0.28683731182138056,6.1463292576688975,3.233108398772586,0.06405794620513916,2.371342364405624,10.0,71.0,1.0
0.850909090909091,0.5650087417060448,0.39058178598659166,5.459585514144159,2.9047611858976925,0.06405794620513916,1.6963713357929613,11.0,71.0,1.0
0.7867867867867868,0.7474279900978162,0.4213720635300295,5.572154032177765,2.9582594772777395,0.06405794620513916,1.91267485224654,12.0,71.0,1.0
0.7959641255605381,0.8839331949645801,0.39250504418572507,5.87493073085203,3.102804487185762,0.06405794620513916,2.2236316217899774,13.0,71.0,1.0
0.8861209964412812,0.6454197396768958,0.3508562291399496,5.521460917862246,2.934150599309053,0.06405794620513916,1.681083020422744,14.0,71.0,1.0
0.75,0.8300857133326571,0.37959691797318534,6.021023349349527,3.172864686238923,0.06405794620513916,2.442913795925572,15.0,71.0,1.0
0.7531914893617021,0.7737867582478218,0.31746908829222314,5.872117789475416,3.101457452879022,0.06405794620513916,2.6832936131376854,16.0,71.0,1.0
0.8862876254180602,0.6297664540204712,0.4113781070085662,5.583496308781699,2.963657433055631,0.06405794620513916,1.319365834788516,17.0,71.0,1.0
0.9011976047904192,0.6796715996945367,0.3458352398534996,5.71042701737487,3.0241567860074383,0.06405794620513916,1.3590755396120249,18.0,71.0,1.0
0.8578947368421053,0.8789468773305271,0.294477417364055,5.7899601708972535,3.0621479206782674,0.06405794620513916,1.5924576468221114,19.0,71.0,1.0
0.7798319327731092,0.8727387605065916,0.3645443390154951,6.142037405587356,3.231042751474132,0.06405794620513916,2.449004654114101,20.0,71.0,1.0
0.8407494145199064,0.8030264193904257,0.3867722102748126,5.886104031450156,3.1081557865296174,0.06405794620513916,1.6241372116374917,21.0,71.0,1.0
0.8673469387755102,0.9267141060173363,0.3117910812289725,6.236369590203704,3.276479959863799,0.06405794620513916,1.7616407757514505,22.0,71.0,1.0
0.8326241134751773,0.9219604809518523,0.31362710354110335,6.376726947898627,3.344220033059043,0.06405794620513916,2.446085113412134,23.0,71.0,1.0
0.9312977099236641,0.8850165864407213,0.3272600895448026,5.905361848054571,3.1173818047395194,0.06405794620513916,1.4184185597377275,24.0,71.0,1.0
0.7651933701657458,0.8898729510136768,0.40944917233319544,6.318968113746434,3.316325217220967,0.06405794620513916,2.334981999910365,25.0,71.0,1.0
0.8035087719298246,0.5761067710887062,0.3461937175379324,5.438079308923196,2.894556062106034,0.06405794620513916,1.688112274104954,26.0,71.0,1.0
0.8912621359223301,0.816559215647456,0.36563571190961724,6.131226489483141,3.2258402046274908,0.06405794620513916,1.4100489401860097,27.0,71.0,1.0
0.7811634349030471,0.8325137157028755,0.33086218562725755,5.645446897643238,2.993164401484698,0.06405794620513916,2.405404640228547,28.0,71.0,1.0
0.9003322259136213,0.7111788177174361,0.47689139039600625,5.605802066295998,2.974277019288197,0.06405794620513916,1.2356896621213296,29.0,71.0,1.0
0.7642276422764228,0.8217748021242234,0.35840987866544705,5.932245187448011,3.1302668308155708,0.06405794620513916,2.4502507188917293,30.0,71.0,1.0
0.9434447300771208,0.8317490821780306,0.33468133119640386,5.908082938168931,3.118685701754257,0.06405794620513916,1.29055355209925,31.0,71.0,1.0
0.8024316109422492,0.6743844048049626,0.3793125610086419,5.579729825986222,2.9618647580378745,0.06405794620513916,1.738362192043841,32.0,71.0,1.0
0.865979381443299,0.5530037090471859,0.36795231389245714,5.1298987149230735,2.7489019924817604,0.06405794620513916,1.303372682927728,33.0,71.0,1.0
0.7758346581875993,0.8891202046325317,0.3396895860921471,6.192362489474872,3.255273731869041,0.06405794620513916,2.08158736474905,34.0,71.0,1.0
0.8176229508196722,0.9041080982845624,0.33315585233226264,5.991464547107982,3.158673752678844,0.06405794620513916,1.9456441542958844,35.0,71.0,1.0
0.7405940594059406,0.842227787930456,0.4319863595561222,5.926926025970411,3.1277168565226234,0.06405794620513916,2.3202736267871202,36.0,71.0,1.0
0.864693446088795,0.7963304696690504,0.3293145714811758,6.016157159698354,3.1705279314042873,0.06405794620513916,1.484724022600823,37.0,71.0,1.0
0.8725490196078431,0.3931927065992489,0.3926323975952241,5.187385805840755,2.7759864300094415,0.06405794620513916,1.2659278145931439,38.0,71.0,1.0
0.8507936507936508,0.7379741626364476,0.39960367291497395,5.594711379601839,2.968996182651891,0.06405794620513916,1.5367732694667917,39.0,71.0,1.0
0.6836935166994106,0.5373816880694706,0.40044382133253836,6.951772164398911,3.6232482476392267,0.06405794620513916,3.0244797920898163,40.0,71.0,1.0
0.8365243004418262,0.9227943711170997,0.3919194858458407,6.343880434126331,3.328353506144283,0.06405794620513916,1.8767638180701678,41.0,71.0,1.0
0.9261213720316622,0.7656734297889324,0.336084306892376,5.863631175598097,3.0973939182078127,0.06405794620513916,1.2991443021273281,42.0,71.0,1.0
0.8419117647058824,0.7694789785326583,0.4158156597124373,5.438079308923196,2.894556062106034,0.06405794620513916,1.5538820480329287,43.0,71.0,1.0
0.744578313253012,0.40629050477091094,0.433532674882352,5.736572297479192,3.0366388555496324,0.06405794620513916,2.4187109738749637,44.0,71.0,1.0
0.6415584415584416,0.9073112619509347,0.37800130088608747,6.20455776256869,3.2611488119915713,0.06405794620513916,2.703117803746863,45.0,71.0,1.0
0.8016085790884718,0.6433655225872145,0.35618576103587607,5.703782474656201,3.0209856940038846,0.06405794620513916,1.8447514740809683,46.0,71.0,1.0
0.8181818181818182,0.7115537099022372,0.37905838975086875,5.53338948872752,2.9398211737233946,0.06405794620513916,1.586043767642714,47.0,71.0,1.0
0.8215962441314554,0.7605021131614218,0.40013625916243734,5.860786223465865,3.096031859554354,0.06405794620513916,2.1140441824409066,48.0,71.0,1.0
0.8873239436619719,0.924928231998069,0.4147619184909852,5.937536205082426,3.1328035721870147,0.06405794620513916,1.6206705424617929,49.0,71.0,1.0
0.8348623853211009,0.8491360277453169,0.35013099487202437,5.8998973535824915,3.1147635268,0.06405794620513916,2.022517597719963,50.0,71.0,1.0
0.89419795221843,0.8387967587043378,0.42611114937283273,6.263398262591624,3.2895124549543606,0.06405794620513916,1.4609947088661643,51.0,71.0,1.0
0.8450413223140496,0.8339426153238603,0.3473995180544268,6.016157159698354,3.1705279314042873,0.06405794620513916,1.7348173475408795,52.0,71.0,1.0
0.7964989059080962,0.8638179128638481,0.3258648941579563,5.8998973535824915,3.1147635268,0.06405794620513916,2.189836288505259,53.0,71.0,1.0
0.8132992327365729,0.814979215401902,0.34551010000991317,5.765191102784844,3.0503096117785278,0.06405794620513916,2.083889924097928,54.0,71.0,1.0
0.7727272727272727,0.4445576836961293,0.29715070601690563,5.66988092298052,3.004813208801392,0.06405794620513916,2.0337350204920113,55.0,71.0,1.0
0.8541666666666666,0.8897422758847205,0.309632687678405,6.018593214496234,3.1716977037998157,0.06405794620513916,1.6755098379549607,56.0,71.0,1.0
0.8226351351351351,0.8851815101281267,0.29890207589979373,6.1903154058531475,3.254287669250494,0.06405794620513916,2.1139197856255834,57.0,71.0,1.0
0.8648648648648649,0.7687516141262345,0.3213719367031799,5.666426688112432,3.003166047426715,0.06405794620513916,1.5447109046294267,58.0,71.0,1.0
0.7198515769944341,0.8661190660809904,0.38707986009106554,5.963579343618446,3.1452935205900445,0.06405794620513916,2.3959364253086766,59.0,71.0,1.0
0.7241379310344828,0.8076061365529275,0.34531509017252604,5.991464547107982,3.158673752678844,0.06405794620513916,2.3912525534723414,60.0,71.0,1.0
0.8733766233766234,0.7014809433026622,0.3933800837343754,5.598421958998375,2.970762833670308,0.06405794620513916,1.5708549417387623,61.0,71.0,1.0
0.8005464480874317,0.7804639576130896,0.3792074033071133,5.683579767338681,3.0113467377374623,0.06405794620513916,1.993289563044401,62.0,71.0,1.0
0.8033613445378152,0.9298307031068883,0.3490515177384261,6.171700597410915,3.2453226809481306,0.06405794620513916,2.1445423970455084,63.0,71.0,1.0
0.7309782608695652,0.9476718132091995,0.32896026782715737,6.289715570908998,3.3022076251803294,0.06405794620513916,2.218469063363317,64.0,71.0,1.0
0.8378839590443686,0.9215628542284995,0.37090000198169837,6.198478716492308,3.2582200735808287,0.06405794620513916,1.9189148744518223,65.0,71.0,1.0
0.8556701030927835,0.953531238551634,0.3232649520443361,6.499787040655854,3.4037373924377348,0.06405794620513916,2.079975097865448,66.0,71.0,1.0
0.8910505836575876,0.8619176878276881,0.3118682456644203,5.438079308923196,2.894556062106034,0.06405794620513916,1.4577949727630461,67.0,71.0,1.0
0.8426229508196721,0.8337879964919964,0.32621601226029956,5.552959584921617,2.9491276624177987,0.06405794620513916,1.5295839044233546,68.0,71.0,1.0
0.8002873563218391,0.9349838683791182,0.30430780813489017,6.324358962381311,3.3189276391464566,0.06405794620513916,2.4628672551303152,69.0,71.0,1.0
0.7917808219178082,0.771255150670076,0.28664250218575893,5.66988092298052,3.004813208801392,0.06692374497652054,2.576947051430215,1.0,72.0,1.0
0.8358585858585859,0.9364375826804411,0.2712271527503909,5.805134968916488,3.0694036332450274,0.06692374497652054,1.8058854133910431,2.0,72.0,1.0
0.7674050632911392,0.875212134579633,0.3711526826945597,6.186208623900494,3.252309572886743,0.06692374497652054,2.427719114091068,3.0,72.0,1.0
0.8551401869158879,0.8934774131730264,0.4290268113859907,5.214935757608986,2.788980541848176,0.06692374497652054,1.4355141090243044,4.0,72.0,1.0
0.891566265060241,0.7887370963942001,0.3604916248465455,5.003946305945459,2.6897046141975167,0.06692374497652054,1.3022419802986187,5.0,72.0,1.0
0.861878453038674,0.8293934823994253,0.3437595498105788,5.746203190540153,3.041238477168779,0.06692374497652054,1.543773061879718,6.0,72.0,1.0
0.8502747252747253,0.9503940180778255,0.3246179976977238,6.429719478039138,3.3698356066712125,0.06692374497652054,1.9948775967081207,7.0,72.0,1.0
0.7850467289719626,0.8338391685122204,0.33118869550756164,5.53338948872752,2.9398211737233946,0.06692374497652054,1.809522420820207,8.0,72.0,1.0
0.9106382978723404,0.5906059234055634,0.3710258202868881,5.3706380281276624,2.8625873288802732,0.06692374497652054,1.314514743181901,9.0,72.0,1.0
0.7977207977207977,0.8046476499766884,0.3548558598591867,5.638354669333745,2.9897843636388495,0.06692374497652054,1.7006411865383095,10.0,72.0,1.0
0.8295454545454546,0.9165371418591,0.33925144161101733,5.902633333401366,3.116074419362811,0.06692374497652054,1.8059113715400115,11.0,72.0,1.0
0.8031809145129225,0.8909872131044478,0.40062972608946473,6.003887067106539,3.1646367460432785,0.06692374497652054,1.9634656739890775,12.0,72.0,1.0
0.8613861386138614,0.8429227078485215,0.38819331537631985,5.568344503761097,2.9564467719424368,0.06692374497652054,1.5018375810995288,13.0,72.0,1.0
0.8771551724137931,0.9172095015717888,0.3448823764982791,6.0112671744041615,3.168179962863699,0.06692374497652054,1.6578953350612855,14.0,72.0,1.0
0.8823529411764706,0.7679962600251292,0.31225373384536725,5.545177444479562,2.9454264031731636,0.06692374497652054,1.4157742491251224,15.0,72.0,1.0
0.8561797752808988,0.9449991997228848,0.3654044830975455,5.945420608606575,3.1365841725049277,0.06692374497652054,1.8014266814319553,16.0,72.0,1.0
0.8304862023653088,0.9656297608665374,0.23924370044045273,6.450470422144176,3.379872017052443,0.06692374497652054,2.1512713487547144,17.0,72.0,1.0
0.8121085594989561,0.9085127447834825,0.3230237302496771,5.966146739123692,3.146525145745436,0.06692374497652054,1.837292048848118,18.0,72.0,1.0
0.7492957746478873,0.7731876072622849,0.3416342919289562,5.58724865840025,2.9654435299704613,0.06692374497652054,2.4108301880406438,19.0,72.0,1.0
0.883495145631068,0.8346630663248068,0.3412592009474928,5.6131281063880705,2.977766022716529,0.06692374497652054,1.454032573536824,20.0,72.0,1.0
0.8617424242424242,0.9168274633440976,0.30478534164285837,6.1224928095143865,3.221638015754096,0.06692374497652054,1.7845402246901902,21.0,72.0,1.0
0.8532110091743119,0.8888139794158241,0.3464580737452276,5.634789603169249,2.9880855085731093,0.06692374497652054,1.7543270869844898,22.0,72.0,1.0
0.7391304347826086,0.9496093102610258,0.2980487768291645,5.831882477283517,3.0821981755735477,0.06692374497652054,2.1236613736876833,23.0,72.0,1.0
0.8846153846153846,0.8514391664013914,0.27700277555315295,5.910796644040527,3.1199861290795745,0.06692374497652054,1.5288377991354716,24.0,72.0,1.0
0.896,0.6836981484783162,0.434259032703558,5.41610040220442,2.8841319408092607,0.06692374497652054,1.3705753326648198,25.0,72.0,1.0
0.826362484157161,0.964096013197639,0.3088947712403369,6.481577129276431,3.394923127569323,0.06692374497652054,2.244134996332938,26.0,72.0,1.0
0.7929515418502202,0.9374371992051101,0.35164735222785704,6.293419278846481,3.303994697788857,0.06692374497652054,2.1214560719961852,27.0,72.0,1.0
0.7811764705882352,0.7550722730599306,0.3764185309176334,5.808142489980444,3.0708419217261693,0.06692374497652054,1.8004459994952873,28.0,72.0,1.0
0.8108108108108109,0.41006592880811615,0.3009415715392116,5.484796933490655,2.9167309965830013,0.06692374497652054,1.7208616728811283,29.0,72.0,1.0
0.8262295081967214,0.8071259218494605,0.3029087050645632,5.53338948872752,2.9398211737233946,0.06692374497652054,1.60783894321957,30.0,72.0,1.0
0.802734375,0.8964189287587333,0.36488712167564785,6.021023349349527,3.172864686238923,0.06692374497652054,1.8849949287559975,31.0,72.0,1.0
0.8607843137254902,0.9342846898126149,0.26058015620827196,6.0867747269123065,3.2044591667776596,0.06692374497652054,1.7983732799008798,32.0,72.0,1.0
0.8782961460446247,0.9368288931140508,0.31992397613333673,6.073044534100405,3.1978584782637562,0.06692374497652054,1.7209953865977001,33.0,72.0,1.0
0.8458149779735683,0.8854530726724769,0.3152059788243747,5.953243334287785,3.1403357621918144,0.06692374497652054,1.8154816404151448,34.0,72.0,1.0
0.8168421052631579,0.8293982735413,0.33396701379838567,5.963579343618446,3.1452935205900445,0.06692374497652054,2.4899672568570566,35.0,72.0,1.0
0.901840490797546,0.8654634513651157,0.3956899862651499,5.68697535633982,3.012966525513552,0.06692374497652054,1.4428912358904185,36.0,72.0,1.0
0.7849686847599165,0.8992311297418736,0.362684541846662,5.932245187448011,3.1302668308155708,0.06692374497652054,2.30349135166121,37.0,72.0,1.0
0.8954248366013072,0.7458764553887274,0.2998349367653705,5.616771097666572,2.9795011941353966,0.06692374497652054,1.367838676626489,38.0,72.0,1.0
0.8478260869565217,0.7926642288321565,0.44096027930304615,4.770684624465665,2.5806172672386394,0.06692374497652054,1.4787235503681473,39.0,72.0,1.0
0.8448275862068966,0.7940373189017995,0.3562906580043979,5.2832037287379885,2.821218655676358,0.06692374497652054,1.435235484902688,40.0,72.0,1.0
0.8254364089775561,0.8989845590500244,0.3915201454803984,5.805134968916488,3.0694036332450274,0.06692374497652054,1.7615264621687599,41.0,72.0,1.0
0.9163179916317992,0.8390893630604455,0.449509008499768,5.393627546352361,2.873479142517127,0.06692374497652054,1.2386404609884492,42.0,72.0,1.0
0.8429878048780488,0.9398139469471419,0.33884930633912114,6.317164686747284,3.315454667507191,0.06692374497652054,1.8569756986239359,43.0,72.0,1.0
0.83984375,0.903737692914358,0.3375453859532508,6.066108090103747,3.1945244593809208,0.06692374497652054,1.9730698760548044,44.0,72.0,1.0
0.8467336683417085,0.8787885369987654,0.31772364985044527,5.823045895483019,3.0779704761968443,0.06692374497652054,1.7301639732280698,45.0,72.0,1.0
0.8057851239669421,0.5803776530531565,0.35358828380693025,5.278114659230518,2.818813548128382,0.06692374497652054,1.7044690582203628,46.0,72.0,1.0
0.8395061728395061,0.8633428590732469,0.28517847947543695,5.831882477283517,3.0821981755735477,0.06692374497652054,1.9138229912974336,47.0,72.0,1.0
0.8400852878464818,0.8456425437973953,0.2904443634738963,5.978885764901122,3.1526371691065775,0.06692374497652054,1.7163379639117775,48.0,72.0,1.0
0.841692789968652,0.909856372900904,0.4014611910801331,6.2878585601617845,3.301311641968339,0.06692374497652054,1.7069662837322608,49.0,72.0,1.0
0.8870588235294118,0.9130885935386104,0.3205852195479922,5.934894195619588,3.1315368469780993,0.06692374497652054,1.6361568700278313,50.0,72.0,1.0
0.7130730050933786,0.5922651640148217,0.3860107531875476,6.734591659972948,3.5176027352944668,0.06692374497652054,2.421649906054848,51.0,72.0,1.0
0.7520278099652375,0.9501440939454473,0.32092417995048284,6.476972362889683,3.3926946390755788,0.06692374497652054,2.264952265064337,52.0,72.0,1.0
0.7864271457085829,0.8802881694718789,0.3379099523019977,5.978885764901122,3.1526371691065775,0.06692374497652054,1.9470328911752062,53.0,72.0,1.0
0.8794117647058823,0.8258037731590856,0.3251762290266411,5.703782474656201,3.0209856940038846,0.06692374497652054,1.5015703206670625,54.0,72.0,1.0
0.8942065491183879,0.8622337951692276,0.2789083714746437,5.87493073085203,3.102804487185762,0.06692374497652054,1.668879783670104,55.0,72.0,1.0
0.7897526501766784,0.9345153030109569,0.3252374084829955,6.104793232414985,3.2131239119730264,0.06692374497652054,2.025626861499448,56.0,72.0,1.0
0.8115671641791045,0.9049953958025964,0.35315653970665245,6.077642243349034,3.2000686100941182,0.06692374497652054,1.9503909119622205,57.0,72.0,1.0
0.9035714285714286,0.9147809784110812,0.2699130046294426,6.2285110035911835,3.2726918794891433,0.06692374497652054,1.6343251633231088,58.0,72.0,1.0
0.8725361366622865,0.933298471255558,0.3750740997833664,6.499787040655854,3.4037373924377348,0.06692374497652054,1.8784631610430502,59.0,72.0,1.0
0.8792569659442725,0.8480026878212824,0.38335645123617196,5.652489180268651,2.996521148598113,0.06692374497652054,1.531947597085047,60.0,72.0,1.0
0.7451612903225806,0.9506166581003621,0.3318569231411794,6.542471960506805,3.4244079541413814,0.06692374497652054,2.3048582867954184,61.0,72.0,1.0
0.8461538461538461,0.8658783660674796,0.39441905423706475,5.697093486505405,3.0177938398431716,0.06692374497652054,1.6976094221601072,62.0,72.0,1.0
0.7955555555555556,0.9245801823770496,0.33421867999940996,6.2878585601617845,3.301311641968339,0.06692374497652054,2.4326681703655217,63.0,72.0,1.0
0.8857868020304569,0.8662253851957042,0.41035473173815606,5.857933154483459,3.09466599198655,0.06692374497652054,1.584278592325014,64.0,72.0,1.0
0.8391959798994975,0.8316169820792828,0.29900960422230816,5.814130531825066,3.0737058470444705,0.06692374497652054,1.6650804960281118,65.0,72.0,1.0
0.7976190476190477,0.8824204129950722,0.4062602257995285,5.817111159963204,3.0751315334710707,0.06692374497652054,1.7503746896343317,66.0,72.0,1.0
0.8597785977859779,0.9377405714546377,0.3465510540761852,6.1463292576688975,3.233108398772586,0.06692374497652054,1.7661727680367052,67.0,72.0,1.0
0.9273356401384083,0.6963490334211266,0.33543574724109937,5.594711379601839,2.968996182651891,0.06692374497652054,1.3718198196577613,68.0,72.0,1.0
0.8532608695652174,0.7619852686698445,0.3128502870563519,5.062595033026967,2.717244499651283,0.06692374497652054,1.3909152574841146,69.0,72.0,1.0
0.8531598513011153,0.9130088199731881,0.37248543120002625,6.131226489483141,3.2258402046274908,0.06692374497652054,1.8153008544233888,70.0,72.0,1.0
0.9046321525885559,0.8952784344419844,0.32470121339017155,6.499787040655854,3.4037373924377348,0.07191041111946106,1.6595545602509134,1.0,73.0,1.0
0.8088050314465409,0.9064380914792286,0.2932696951543938,6.467698726104354,3.38820711538559,0.07191041111946106,2.2297108938048673,2.0,73.0,1.0
0.8146167557932263,0.747919901987713,0.3266973677512065,6.126869184114185,3.2237436162807276,0.07191041111946106,2.2623106686646532,3.0,73.0,1.0
0.8627049180327869,0.7606853131803721,0.3468333655364992,6.045005314036012,3.1843839530583917,0.07191041111946106,1.5256451230701782,4.0,73.0,1.0
0.8865979381443299,0.8616208029043236,0.30102791319813077,6.066108090103747,3.1945244593809208,0.07191041111946106,1.5843743989191301,5.0,73.0,1.0
0.7940140845070423,0.8328502314492202,0.2627614583906553,6.113682179832232,3.2173994642586936,0.07191041111946106,2.016805277956474,6.0,73.0,1.0
0.8549295774647887,0.9083050118097488,0.2912196314792106,6.410174881966167,3.3603856311237044,0.07191041111946106,1.734160205838848,7.0,73.0,1.0
0.8091397849462365,0.6949536902998783,0.2756266072115152,5.71042701737487,3.0241567860074383,0.07191041111946106,1.6475183802787186,8.0,73.0,1.0
0.8792650918635171,0.8556807351781314,0.3180882473455927,5.817111159963204,3.0751315334710707,0.07191041111946106,1.5458209457201724,9.0,73.0,1.0
0.8375209380234506,0.8520886909668836,0.2663682710921655,6.2166061010848646,3.266954315675413,0.07191041111946106,1.7876831626572713,10.0,73.0,1.0
0.8797169811320755,0.8370479363097311,0.3017180957300641,5.924255797414532,3.126436863496589,0.07191041111946106,1.5972897804031565,11.0,73.0,1.0
0.866504854368932,0.7336450615750215,0.3310232175443723,5.8805329864007,3.1054874638185948,0.07191041111946106,1.412296914234039,12.0,73.0,1.0
0.8917910447761194,0.7108087308232967,0.38937841010612656,5.480638923341991,2.91475638775334,0.07191041111946106,1.2336718687140689,13.0,73.0,1.0
0.9022988505747126,0.7695973172991047,0.3200073090168906,5.752572638825633,3.044280969691109,0.07191041111946106,1.3241832856824083,14.0,73.0,1.0
0.8038507821901324,0.8957589703710028,0.2925957684193096,6.505784060128229,3.4066407028003685,0.07191041111946106,2.1166591821601997,15.0,73.0,1.0
0.8007380073800738,0.8311943395492596,0.39092303215898794,6.075346031088684,3.1989647913230304,0.07191041111946106,2.0313488272970583,16.0,73.0,1.0
0.9044481054365733,0.8549166216661201,0.3350565244788538,6.309918278226516,3.3119569429711246,0.07191041111946106,1.5054480853446595,17.0,73.0,1.0
0.924,0.8227614521726313,0.3069372453036448,6.137727054086234,3.22896835793912,0.07191041111946106,1.390252374053128,18.0,73.0,1.0
0.8036117381489842,0.7502104835443812,0.332021291747638,5.877735781779639,3.104147817354147,0.07191041111946106,1.8180125380488157,19.0,73.0,1.0
0.7413366336633663,0.9101090730991948,0.2940222455507739,6.396929655216146,3.3539831044573494,0.07191041111946106,2.5545968884060413,20.0,73.0,1.0
0.8696343402225755,0.8558243896736525,0.36254763016175917,6.306275286948016,3.3101986870821287,0.07191041111946106,1.7256463209536999,21.0,73.0,1.0
0.7669902912621359,0.9352726846357879,0.3156459552149644,6.568077911411976,3.4368141803298893,0.07191041111946106,2.256273483511887,22.0,73.0,1.0
0.9150326797385621,0.8240485771009436,0.3709661252459603,6.042632833682381,3.183244151510257,0.07191041111946106,1.618575586205928,23.0,73.0,1.0
0.8939226519337017,0.9248637733970845,0.3632465383261686,6.697034247666484,3.499364215744147,0.07191041111946106,1.8124166462126514,24.0,73.0,1.0
0.8753623188405797,0.713152728864827,0.32589876330324663,5.713732805509369,3.025734630798558,0.07191041111946106,1.4770647317280063,25.0,73.0,1.0
0.8867102396514162,0.7882622634642251,0.2746727199731878,6.0112671744041615,3.168179962863699,0.07191041111946106,1.5204530444272335,26.0,73.0,1.0
0.9099378881987578,0.7621822951782041,0.3380309095948767,5.683579767338681,3.0113467377374623,0.07191041111946106,1.3961834041748105,27.0,73.0,1.0
0.8876146788990825,0.8453396672991899,0.3174703721032235,5.961005339623274,3.144058785551736,0.07191041111946106,1.5691269386143065,28.0,73.0,1.0
0.865040650406504,0.9035169621020696,0.30472713998763246,6.278521424165844,3.2968070156311455,0.07191041111946106,1.7074630192497833,29.0,73.0,1.0
0.8569463548830811,0.9007057568913333,0.2543828435056095,6.436150368369428,3.3729456275283662,0.07191041111946106,2.7439969711245653,30.0,73.0,1.0
0.8401639344262295,0.8447457332214213,0.32884891854119574,6.018593214496234,3.1716977037998157,0.07191041111946106,1.6967038339536888,31.0,73.0,1.0
0.8903743315508021,0.6985514238751193,0.24197187203683132,5.8111409929767,3.0722759846910446,0.07191041111946106,1.335966187787612,32.0,73.0,1.0
0.9066213921901528,0.9034575334638009,0.27262700392062267,6.282266746896006,3.298613832542201,0.07191041111946106,1.6477950401390096,33.0,73.0,1.0
0.8482252141982864,0.9278986681708659,0.3325344976381637,6.542471960506805,3.4244079541413814,0.07191041111946106,1.7347754568702658,34.0,73.0,1.0
0.8120805369127517,0.7518936465335663,0.3478934298784592,5.8971538676367405,3.1134491080737265,0.07191041111946106,1.736930797809422,35.0,73.0,1.0
0.9299363057324841,0.7694322294327682,0.37475419394211945,5.680172609017068,3.00972154874075,0.07191041111946106,1.2669785339971185,36.0,73.0,1.0
0.938337801608579,0.8465390984975671,0.38830684498086204,5.860786223465865,3.096031859554354,0.07191041111946106,1.2710764015236427,37.0,73.0,1.0
0.9248434237995825,0.7986048100149691,0.3062051371711805,6.095824562432225,3.208810703734761,0.07191041111946106,1.3968947834805512,38.0,73.0,1.0
0.7967289719626168,0.7188002640693651,0.33941168240845254,5.834810737062605,3.0835993128074524,0.07191041111946106,1.7001887598134884,39.0,73.0,1.0
0.7881773399014779,0.8109701294158604,0.3943696589077198,6.175867270105761,3.2473291203198698,0.07191041111946106,2.3442179586743896,40.0,73.0,1.0
0.8223684210526315,0.5904140877351408,0.37378960424639585,5.5254529391317835,2.9360481460402674,0.07191041111946106,1.8474598300825515,41.0,73.0,1.0
0.8632478632478633,0.904702037119258,0.38875478829713006,6.226536669287466,3.2717402691855377,0.07191041111946106,1.6155867765001508,42.0,73.0,1.0
0.8700361010830325,0.7290152173668845,0.42336649458755354,5.488937726156687,2.9186976166432883,0.07191041111946106,1.4872449219051138,43.0,73.0,1.0
0.7880952380952381,0.5863756213729354,0.323654782141933,5.805134968916488,3.0694036332450274,0.07191041111946106,1.9256781583567226,44.0,73.0,1.0
0.9047619047619048,0.8848472482931271,0.3489179204191768,6.411818267709897,3.361180110251783,0.07191041111946106,1.5791104639470714,45.0,73.0,1.0
0.8854166666666666,0.5482127518732748,0.3644629492019616,5.545177444479562,2.9454264031731636,0.07191041111946106,1.4550948821242966,46.0,73.0,1.0
0.8522238163558106,0.8889842711003106,0.23454164227428614,6.38856140554563,3.349938720549436,0.07191041111946106,1.7183719968754687,47.0,73.0,1.0
0.9401041666666666,0.7623289257999215,0.3059752806082937,5.891644211825771,3.1108096154451643,0.07191041111946106,1.2631569253370971,48.0,73.0,1.0
0.8071278825995807,0.69336771895971,0.33028203205522266,5.955837369464831,3.1415799223694476,0.07191041111946106,1.842961805569402,49.0,73.0,1.0
0.8231578947368421,0.9110201459975286,0.28329448962538273,6.663132695990803,3.4829092090820253,0.07191041111946106,2.0217804599471494,50.0,73.0,1.0
0.7290076335877863,0.801274201765977,0.3169044512627867,5.948034989180646,3.1378379036506057,0.07191041111946106,2.957647573761802,51.0,73.0,1.0
0.8335329341317366,0.8943342323723705,0.2958125099530819,6.546785410760524,3.42649751558829,0.07191041111946106,1.8757098090447242,52.0,73.0,1.0
0.9036144578313253,0.901218888659896,0.3297511806977812,6.398594934535208,3.3547879997000694,0.07191041111946106,1.7115126022317275,53.0,73.0,1.0
0.8631346578366446,0.7373682439969791,0.3722675812782056,5.971261839790462,3.148979129142304,0.07191041111946106,1.5202194834463056,54.0,73.0,1.0
0.9256594724220624,0.8390301633468565,0.3693496889213984,5.958424693029782,3.1428209247966743,0.07191041111946106,1.424090523154539,55.0,73.0,1.0
0.8194945848375451,0.836458338296715,0.3084027343706996,6.12029741895095,3.220581811519655,0.07191041111946106,1.7642512244678925,56.0,73.0,1.0
0.8349650349650349,0.8663175953271754,0.336435093108945,6.393590753950631,3.352369345593839,0.07191041111946106,2.2486166310338978,57.0,73.0,1.0
0.8678977272727273,0.8673890080343127,0.3250636436170827,6.416732282512326,3.3635558662074105,0.07191041111946106,1.6849082415706367,58.0,73.0,1.0
0.7701317715959004,0.8122404098297379,0.3496075365328104,6.267200548541362,3.291346289814672,0.07191041111946106,1.9857984536097377,59.0,73.0,1.0
0.8495297805642633,0.5052681383198543,0.3294574492093729,5.605802066295998,2.974277019288197,0.07191041111946106,1.5653506396744763,60.0,73.0,1.0
0.8890701468189234,0.8231706809786917,0.3343251736984138,6.302618975744905,3.3084341084606064,0.07191041111946106,1.521607725428121,61.0,73.0,1.0
0.812743823146944,0.8274842743053068,0.3787168802964421,6.439350371100098,3.3744932859561216,0.07191041111946106,1.912793829863793,62.0,73.0,1.0
0.8734756097560976,0.8465857299835596,0.3723992803968039,6.352629396319567,3.332578877401803,0.07191041111946106,1.5802010594943334,63.0,73.0,1.0
0.7829131652661064,0.8753271782439191,0.3439299027122787,6.327936783729195,3.320654952137892,0.07191041111946106,2.009522946657313,64.0,73.0,1.0
0.8922558922558923,0.653252806558207,0.3864820719158472,5.583496308781699,2.963657433055631,0.07191041111946106,1.2961491199274229,65.0,73.0,1.0
0.8997289972899729,0.5938144233590215,0.3599382678601826,5.808142489980444,3.0708419217261693,0.07191041111946106,1.3610688944133353,66.0,73.0,1.0
0.7884615384615384,0.4395824716202334,0.33874665318710384,5.796057750765372,3.0650631622973936,0.07191041111946106,1.9838409056131936,67.0,73.0,1.0
0.9321148825065274,0.7333948995137697,0.40507156843825526,5.8805329864007,3.1054874638185948,0.07191041111946106,1.3137113114971573,68.0,73.0,1.0
0.8280632411067194,0.7806846187885729,0.3448138321154573,6.040254711277414,3.1821016892896967,0.07191041111946106,1.634507950786157,69.0,73.0,1.0
0.8222996515679443,0.7657760004255078,0.3597917853131303,6.159095388491933,3.239253596776368,0.07191041111946106,1.7285409367215598,70.0,73.0,1.0
0.829136690647482,0.9111991895455639,0.366104312808805,6.135564891081739,3.2279278580058395,0.07266725599765778,1.7782781175689752,1.0,74.0,1.0
0.8250728862973761,0.9621225002882688,0.3882774512047043,6.745236349484362,3.522773687079437,0.07266725599765778,2.437662670548397,2.0,74.0,1.0
0.8469945355191257,0.8476212936312808,0.40866765454115744,5.739792912179234,3.0381768875019994,0.07266725599765778,1.6847257848366481,3.0,74.0,1.0
0.8055152394775036,0.9259191517831037,0.37674795609397366,6.320768294250582,3.3171942254202196,0.07266725599765778,2.1250275792624316,4.0,74.0,1.0
0.7993527508090615,0.8750655355267655,0.467443384629123,6.20455776256869,3.2611488119915713,0.07266725599765778,1.8447168633109456,5.0,74.0,1.0
0.8701923076923077,0.9761099786700811,0.3713740358664965,6.80903930604298,3.5537833056745862,0.07266725599765778,2.332019029746059,6.0,74.0,1.0
0.8857142857142857,0.9322193637362084,0.38047539829570354,6.075346031088684,3.1989647913230304,0.07266725599765778,1.7727042382693057,7.0,74.0,1.0
0.8741258741258742,0.8857152550285037,0.43553539388861184,6.439350371100098,3.3744932859561216,0.07266725599765778,1.5828515318806795,8.0,74.0,1.0
0.734304932735426,0.9235397932008342,0.46549667180345056,6.486160788944089,3.3971415569724446,0.07266725599765778,2.405486633499771,9.0,74.0,1.0
0.8674033149171271,0.9123383167647002,0.40414390080126644,6.444131256700441,3.376805670478991,0.07266725599765778,1.6352031231513315,10.0,74.0,1.0
0.85667215815486,0.9317606695373548,0.3481655611239888,6.255750041753367,3.285824087631947,0.07266725599765778,1.9273877357253593,11.0,74.0,1.0
0.7410714285714286,0.910578963617799,0.42228280873528856,6.366470447731438,3.339264725630266,0.07266725599765778,2.4892346875481963,12.0,74.0,1.0
0.7828947368421053,0.9297843647756217,0.3675542510979343,6.1675164908883415,3.2433079930090707,0.07266725599765778,1.9581301588080469,13.0,74.0,1.0
0.8040865384615384,0.9484369496672871,0.4095177128248738,6.507277712385012,3.4073638589576607,0.07266725599765778,2.253465361954392,14.0,74.0,1.0
0.8236074270557029,0.9476198933823352,0.43824959327898166,6.432940092739179,3.3713930781499397,0.07266725599765778,2.106913174573456,15.0,74.0,1.0
0.8357487922705314,0.947311914735547,0.39633773651448584,6.541029999189903,3.4237094557778343,0.07266725599765778,1.9429227068722736,16.0,74.0,1.0
0.8256997455470738,0.9254503738031422,0.39136986598574813,6.476972362889683,3.3926946390755788,0.07266725599765778,1.9944914130828302,17.0,74.0,1.0
0.8008171603677222,0.9436790623152214,0.3818121744990743,6.665683717782408,3.484147142180779,0.07266725599765778,2.0293374827810244,18.0,74.0,1.0
0.8238172920065253,0.9408333752614516,0.3425128542115872,6.226536669287466,3.2717402691855377,0.07266725599765778,2.2410458516370637,19.0,74.0,1.0
0.7115188583078491,0.9174341288315395,0.3331959063485833,6.54965074223381,3.4278856398870774,0.07266725599765778,2.3536119118018703,20.0,74.0,1.0
0.8181818181818182,0.8624848306385506,0.3530409303455096,5.91350300563827,3.121283105238069,0.07266725599765778,2.0194878113734527,21.0,74.0,1.0
0.7948402948402948,0.9318776359746385,0.3547987806246848,6.473890696352274,3.391203346296449,0.07266725599765778,2.107864562247724,22.0,74.0,1.0
0.8568232662192393,0.8934632049714927,0.38080046434908144,5.950642552587727,3.139088428061438,0.07266725599765778,1.7210382522509242,23.0,74.0,1.0
0.9137931034482759,0.7908852410147348,0.3516964113244086,5.583496308781699,2.963657433055631,0.07266725599765778,1.3623488057619102,24.0,74.0,1.0
0.810204081632653,0.9436067962527533,0.5254826883837567,5.986452005284438,3.156268052106129,0.07266725599765778,2.055091491517824,25.0,74.0,1.0
0.8973105134474327,0.9503005789808897,0.3522146042396536,6.5998704992128365,3.4522243606150607,0.07266725599765778,1.8730092686430273,26.0,74.0,1.0
0.8461538461538461,0.8231615407725933,0.41939807811418206,5.834810737062605,3.0835993128074524,0.07266725599765778,1.5893770811016124,27.0,74.0,1.0
0.7780713342140027,0.9906764071024441,0.39469688001085185,7.072421900537371,3.682062143153821,0.07266725599765778,3.7163835485138703,28.0,74.0,1.0
0.7475728155339806,0.9577713130673777,0.364781853711952,6.829793737512425,3.5638760838109844,0.07266725599765778,2.506848057466702,29.0,74.0,1.0
0.8330275229357799,0.904201762782905,0.3969943281810023,6.12029741895095,3.220581811519655,0.07266725599765778,1.954544227979685,30.0,74.0,1.0
0.7885835095137421,0.9455635368090431,0.35343933155663937,5.924255797414532,3.126436863496589,0.07266725599765778,2.0915038401204153,31.0,74.0,1.0
0.8638613861386139,0.842225235984696,0.35951803151367046,5.857933154483459,3.09466599198655,0.07266725599765778,1.5438260447769634,32.0,74.0,1.0
0.8898305084745762,0.9141082228456666,0.33763002711841467,6.447305862541213,3.3783412358802214,0.07266725599765778,1.6708495951494935,33.0,74.0,1.0
0.8930957683741648,0.8563110955490003,0.374918390660833,5.996452088619021,3.1610676795726267,0.07266725599765778,1.5758865625714766,34.0,74.0,1.0
0.8258575197889182,0.9187594320143294,0.3354620198694066,5.749392985908253,3.0427620955781656,0.07266725599765778,1.8060878483349514,35.0,74.0,1.0
0.8376383763837638,0.9146543541086131,0.345910698911166,6.12029741895095,3.220581811519655,0.07266725599765778,1.911414837925954,36.0,74.0,1.0
0.7899305555555556,0.9204753926159256,0.33990706898691175,6.1224928095143865,3.221638015754096,0.07266725599765778,1.9286712116250173,37.0,74.0,1.0
0.7759381898454746,0.9321161242707975,0.37498081046639814,6.556778356158042,3.431338903949881,0.07266725599765778,2.1187416724419124,38.0,74.0,1.0
0.856,0.9010403736867295,0.3852202277566852,5.7745515455444085,3.0547827031513104,0.07266725599765778,1.801868652242651,39.0,74.0,1.0
0.7912801484230055,0.9822929036550492,0.35025337840273807,6.74993119378857,3.5250545753861733,0.07266725599765778,3.0465529872822112,40.0,74.0,1.0
0.9177377892030848,0.8199267326993033,0.4214588582501385,5.8805329864007,3.1054874638185948,0.07266725599765778,1.3254816533205895,41.0,74.0,1.0
0.7074074074074074,0.9439227551686986,0.40372645412809194,5.948034989180646,3.1378379036506057,0.07266725599765778,2.519857431700146,42.0,74.0,1.0
0.7897727272727273,0.8773255608292547,0.4171357271484776,5.631211781821365,2.9863807074166044,0.07266725599765778,1.8945996766864313,43.0,74.0,1.0
0.7756302521008404,0.9705171825116076,0.4767363255664816,6.828712071641684,3.563350007018754,0.07266725599765778,2.522632631926577,44.0,74.0,1.0
0.8693957115009746,0.9492424382349599,0.4226760499181497,6.102558594613569,3.212049166133297,0.07266725599765778,2.0394152025972416,45.0,74.0,1.0
0.8236994219653179,0.8660802543135422,0.27604139778496706,5.655991810819852,2.998190888656356,0.07266725599765778,1.7111745092663293,46.0,74.0,1.0
0.7190656565656566,0.966955085378852,0.36706428527411733,7.038783541388542,3.665655659322528,0.07266725599765778,2.7829387676057786,47.0,74.0,1.0
0.8658892128279884,0.762704303465786,0.3899472216238282,5.697093486505405,3.0177938398431716,0.07266725599765778,1.4841841600116554,48.0,74.0,1.0
0.8306451612903226,0.9623748497356795,0.3265812749819381,6.246106765481563,3.2811742778131374,0.07266725599765778,2.047525766503431,49.0,74.0,1.0
0.8232142857142857,0.9742096215042237,0.4402361874746585,6.827629234502852,3.5628233680396137,0.07266725599765778,2.486727522073861,50.0,74.0,1.0
0.8252714708785784,0.9649409442002349,0.37363159447840477,6.729824070489475,3.515286990705571,0.07266725599765778,2.255256128844695,51.0,74.0,1.0
0.788135593220339,0.9382968316457655,0.4121229419127606,6.144185634125646,3.232076663767271,0.07266725599765778,2.3960552562599267,52.0,74.0,1.0
0.8940520446096655,0.8797520609966147,0.3226804426903593,6.1779441140506,3.248329267952155,0.07266725599765778,1.5350807540160114,53.0,74.0,1.0
0.8712871287128713,0.5677625813637195,0.43607822215563824,5.176149732573829,2.770689499484856,0.07266725599765778,1.3887221835875683,54.0,74.0,1.0
0.8299024918743229,0.9514542327283219,0.37522215401148906,6.642486801367256,3.4728920285087663,0.07266725599765778,2.101433610885415,55.0,74.0,1.0
0.8528678304239401,0.8790408348469476,0.2459461954204012,5.83773044716594,3.0849964409545847,0.07266725599765778,1.6624708376807893,56.0,74.0,1.0
0.8618556701030928,0.793555464830038,0.46922275553294457,6.037870919922137,3.180956553878238,0.07266725599765778,1.8560989063693871,57.0,74.0,1.0
0.8680851063829788,0.8790860542670984,0.33265121768971107,6.013715156042802,3.169355355606696,0.07266725599765778,1.5537940929567569,58.0,74.0,1.0
0.9287356321839081,0.820145364825819,0.44536883148749934,6.003887067106539,3.1646367460432785,0.07266725599765778,1.285002952633684,59.0,74.0,1.0
0.7376854599406528,0.9738900749651269,0.4686341225236948,7.126087273299125,3.708249815860532,0.07266725599765778,2.963122232270849,60.0,74.0,1.0
0.83399209486166,0.9494967248792981,0.36775451760300937,6.452048954437226,3.3806356228915106,0.07266725599765778,1.9984868384074845,61.0,74.0,1.0
0.8747346072186837,0.89212089177615,0.4238495842129471,6.023447592961033,3.1740288920704893,0.07266725599765778,1.651273190993074,62.0,74.0,1.0
0.8158295281582952,0.9438566102460894,0.33657603434340194,6.285998094508865,3.3004140194890073,0.07266725599765778,1.9756078645616657,63.0,74.0,1.0
0.8943396226415095,0.7763375040211409,0.38844210174393734,5.472270673671475,2.910782940416834,0.07266725599765778,1.4385953288758209,64.0,74.0,1.0
0.8070829450139795,0.9537767089985535,0.437346571662595,6.7650389767805414,3.532395348917512,0.07266725599765778,2.2201892576858278,65.0,74.0,1.0
0.892,0.8487816643789481,0.3167723739360396,5.4116460518550396,2.882019996281493,0.07266725599765778,1.4369065494932183,66.0,74.0,1.0
0.8935185185185185,0.8920724738765032,0.2713381089978741,5.267858159063328,2.813967224545036,0.07266725599765778,1.481435043038865,67.0,74.0,1.0
0.9254807692307693,0.8753373239250372,0.4537129309230712,5.955837369464831,3.1415799223694476,0.07266725599765778,1.4578392944374166,68.0,74.0,1.0
0.8755364806866953,0.8752380672011698,0.37817831728002077,6.013715156042802,3.169355355606696,0.07266725599765778,1.6328571354959804,69.0,74.0,1.0
0.8787425149700598,0.9306174973700645,0.45920985214063054,6.376726947898627,3.344220033059043,0.07266725599765778,1.7612878629978652,70.0,74.0,1.0
0.8120629370629371,0.9627250397325595,0.3727874758816608,6.835184586147301,3.566498076950735,0.07266725599765778,2.271773112938841,71.0,74.0,1.0
0.8699059561128527,0.9194588741950195,0.33653114243279364,6.320768294250582,3.3171942254202196,0.07266725599765778,1.6525113408960812,72.0,74.0,1.0
0.8898678414096917,0.9147787691914999,0.3932446813886014,6.003887067106539,3.1646367460432785,0.07266725599765778,1.6315783430992672,73.0,74.0,1.0
0.8933649289099526,0.8705754525097166,0.4079301370643469,5.934894195619588,3.1315368469780993,0.07266725599765778,1.446072280775388,74.0,74.0,1.0
0.8790560471976401,0.8852821399830585,0.37250627387756663,6.391917113392602,3.351560473221019,0.07266725599765778,1.6180295527712223,75.0,74.0,1.0
0.8387423935091278,0.9710212710212369,0.4355364985621068,6.71901315438526,3.5100364026556834,0.07266725599765778,2.3691645007874778,76.0,74.0,1.0
0.875,0.8992757586512364,0.41827264599390035,6.152732694704104,3.2361906317473745,0.07266725599765778,1.5664363873095812,77.0,74.0,1.0
0.8392018779342723,0.9326307251363267,0.40100510595375694,6.573680166960646,3.4395291288957583,0.07266725599765778,1.8327901580428587,78.0,74.0,1.0
0.7382239382239382,0.9658688011893448,0.4730043454460035,6.863803391452954,3.5804207324967963,0.07266725599765778,2.627939729923206,79.0,74.0,1.0
0.9293478260869565,0.7726114725946217,0.38404329925297503,5.83773044716594,3.0849964409545847,0.07266725599765778,1.2544939837569846,80.0,74.0,1.0
0.6970059880239521,0.9775354847628487,0.4714937178961796,6.368187186350492,3.340094090992502,0.07266725599765778,2.919547569522095,81.0,74.0,1.0
0.8840125391849529,0.935360411019553,0.3190296815882705,6.336825731146441,3.324946824918697,0.07266725599765778,1.7788891298775702,82.0,74.0,1.0
0.8524064171122995,0.9687331135958758,0.4109148791379316,6.682108597449809,3.4921186985230523,0.07266725599765778,2.1805869105763382,83.0,74.0,1.0
0.8467048710601719,0.9584586251764395,0.4424244572765076,6.3835066348840055,3.3474960049329185,0.07266725599765778,2.037506388782801,84.0,74.0,1.0
0.7068004459308808,0.9671519495399775,0.4093354456566028,6.453624998892692,3.3813980438449125,0.07266725599765778,2.5512222719179385,85.0,74.0,1.0
0.8011695906432749,0.9474080138278461,0.309569263786077,6.3080984415095305,3.3110786025216337,0.07266725599765778,2.6700292292136396,86.0,74.0,1.0
0.752411575562701,0.9457763751797097,0.33841348724671294,6.555356891810665,3.430650188351136,0.07266725599765778,2.161399737317085,87.0,74.0,1.0
0.9203539823008849,0.8900589811811386,0.39259949813692047,6.255750041753367,3.285824087631947,0.07266725599765778,1.518056203337389,88.0,74.0,1.0
0.6372881355932203,0.737819938501666,0.45521884576946536,7.183111701743281,3.736094298607094,0.07266725599765778,3.7210781785050875,89.0,74.0,1.0
0.7422053231939163,0.9747645742914235,0.5199487135391042,6.884486652042782,3.5904860587334877,0.07266725599765778,3.391984028021662,90.0,74.0,1.0
0.8555452003727866,0.9481525084744287,0.39125007614198065,6.823286122355687,3.560711166050708,0.07266725599765778,1.9295746208554376,91.0,74.0,1.0
0.7634763476347635,0.9647217745112601,0.4876420343141965,6.543911845564792,3.425105461687157,0.07266725599765778,2.3818184405020686,92.0,74.0,1.0
0.7905803195962994,0.9801397311890173,0.3649651169057158,6.846943139585379,3.572217825308792,0.07266725599765778,2.8286933306635804,93.0,74.0,1.0
0.8589743589743589,0.8946477590543328,0.4862252452268219,6.152732694704104,3.2361906317473745,0.07266725599765778,1.9269717396384964,94.0,74.0,1.0
0.8957055214723927,0.9392711155554723,0.43102003079705226,6.371611847231857,3.3417486306479462,0.07266725599765778,1.7659231376741178,95.0,74.0,1.0
0.8448637316561844,0.8692786398601643,0.4082543173906153,6.0014148779611505,3.163449948097688,0.07266725599765778,1.5973560303171497,96.0,74.0,1.0
0.8571428571428571,0.9213215688678776,0.49656819839702515,6.675823221634848,3.4890679735167316,0.07266725599765778,1.8806507521801303,97.0,74.0,1.0
0.908256880733945,0.8695442083060774,0.4744570549266004,6.206575926724928,3.262121182711215,0.07266725599765778,1.401081047111017,98.0,74.0,1.0
0.8484848484848485,0.9720927092608476,0.47015287173341935,6.859614903654202,3.5783827680540745,0.07266725599765778,2.231727593591001,99.0,74.0,1.0
0.8946515397082658,0.8825589259733535,0.40036024246100343,6.315358001522335,3.314582570774374,0.07266725599765778,1.5720694500333026,100.0,74.0,1.0
0.7645833333333333,0.7910022857639791,0.46493078066581556,5.908082938168931,3.118685701754257,0.07266725599765778,1.8260863105797773,101.0,74.0,1.0
0.8870056497175142,0.9660850228501349,0.4089685883446285,6.849066282633458,3.573250685448021,0.07266725599765778,2.2326068729976996,102.0,74.0,1.0
0.9144851657940664,0.8703755310408245,0.402383802005289,6.263398262591624,3.2895124549543606,0.07266725599765778,1.4887994892460206,103.0,74.0,1.0
0.8747346072186837,0.924359440782983,0.4409813271195956,6.023447592961033,3.1740288920704893,0.07777851074934006,1.7071091485345125,1.0,75.0,1.0
0.9158110882956879,0.8587598947530628,0.29915368447806423,6.102558594613569,3.212049166133297,0.07777851074934006,1.5550114760537073,2.0,75.0,1.0
0.868824531516184,0.8996778980753847,0.3525940004236315,6.236369590203704,3.276479959863799,0.07777851074934006,1.6792424840474345,3.0,75.0,1.0
0.8977272727272727,0.4409813736926954,0.36233300213975805,5.472270673671475,2.910782940416834,0.07777851074934006,1.2341840270031805,4.0,75.0,1.0
0.8871951219512195,0.8900527058465273,0.4737414697718671,6.368187186350492,3.340094090992502,0.07777851074934006,1.6188783562815203,5.0,75.0,1.0
0.8262370540851554,0.9437790600707249,0.35820755126623144,6.577861357721047,3.4415555506156,0.07777851074934006,2.0537178891621446,6.0,75.0,1.0
0.8451957295373665,0.9377715791537623,0.3038676893176565,6.16541785423142,3.24229753446991,0.07777851074934006,2.0264958713883288,7.0,75.0,1.0
0.9086161879895561,0.8211380151471027,0.3901390255778068,5.855071922202427,3.0932962940146203,0.07777851074934006,1.4702249682516753,8.0,75.0,1.0
0.9281767955801105,0.7902993550590561,0.3297606134075605,5.820082930352362,3.0765530684378692,0.07777851074934006,1.2458025954918548,9.0,75.0,1.0
0.8077753779697624,0.8700179673081857,0.37913277391177647,5.926926025970411,3.1277168565226234,0.07777851074934006,1.8232464863292484,10.0,75.0,1.0
0.9449035812672176,0.8889276696868738,0.4241767135170724,5.840641657373398,3.0863895830282515,0.07777851074934006,1.413021224896784,11.0,75.0,1.0
0.7801724137931034,0.8230826813557026,0.34801468553091436,5.8944028342648505,3.1121311440517316,0.07777851074934006,1.9844504197341832,12.0,75.0,1.0
0.9109947643979057,0.7791694275011032,0.4350615152363351,5.1647859739235145,2.765333937212443,0.07777851074934006,1.2502101079659582,13.0,75.0,1.0
0.9173913043478261,0.8393999882662879,0.3226274187170026,6.0473721790462776,3.185521106364606,0.07777851074934006,1.3816712298053537,14.0,75.0,1.0
0.8764705882352941,0.6260290976059038,0.37026325836057167,5.700443573390686,3.0193923792804047,0.07777851074934006,1.4179865078111644,15.0,75.0,1.0
0.9,0.8640332530954884,0.336339958452278,5.337538079701318,2.846916040033857,0.07777851074934006,1.5361562405674996,16.0,75.0,1.0
0.8564668769716088,0.9252484486246162,0.3239484161539936,6.298949246855942,3.306663161251125,0.07777851074934006,1.825168528952892,17.0,75.0,1.0
0.8947368421052632,0.7383073051128457,0.4321432513792007,5.780743515792329,3.057742143447135,0.07777851074934006,1.381032659386557,18.0,75.0,1.0
0.788235294117647,0.945078299932432,0.30062472469356094,5.817111159963204,3.0751315334710707,0.07777851074934006,2.159908524050033,19.0,75.0,1.0
0.8849407783417935,0.9129800284950371,0.2893499534814581,6.261491684321042,3.288592960078605,0.07777851074934006,1.6824522971973825,20.0,75.0,1.0
0.8756302521008403,0.888876127552156,0.28859430763146804,6.257667587882639,3.2867487829667077,0.07777851074934006,1.643788228146241,21.0,75.0,1.0
0.8282828282828283,0.7569380943260228,0.42216437444853866,5.796057750765372,3.0650631622973936,0.07777851074934006,1.550446586193653,22.0,75.0,1.0
0.9395248380129589,0.9248161680837779,0.32886666764084144,6.077642243349034,3.2000686100941182,0.07777851074934006,1.4494388036892418,23.0,75.0,1.0
0.8505079825834543,0.9496336220156054,0.2689408981900134,6.375024819828097,3.3433976136291093,0.07777851074934006,2.0572662853418806,24.0,75.0,1.0
0.9136960600375235,0.8820912983931328,0.4174732159497824,6.1903154058531475,3.254287669250494,0.07777851074934006,1.4795112653337994,25.0,75.0,1.0
0.8793103448275862,0.6498572932396403,0.3723338042134919,5.3230099791384085,2.8400416325032074,0.07777851074934006,1.3710046882194378,26.0,75.0,1.0
0.7334123222748815,0.9473081965071417,0.24790090741229603,6.429719478039138,3.3698356066712125,0.07777851074934006,2.4148035248056976,27.0,75.0,1.0
0.9082969432314411,0.7790865696854654,0.32488084153945085,5.342334251964811,2.84918602712269,0.07777851074934006,1.315007779238926,28.0,75.0,1.0
0.7515060240963856,0.9411127498332501,0.25565686896274803,6.214608098422191,3.2659914932493757,0.07777851074934006,2.293045251725282,29.0,75.0,1.0
0.856020942408377,0.9656691172471935,0.3286784522057566,5.793013608384144,3.0636077182062085,0.07777851074934006,2.011323041398075,30.0,75.0,1.0
0.8745519713261649,0.8999132231792071,0.4299568347695742,6.192362489474872,3.255273731869041,0.07777851074934006,1.6525790141455903,31.0,75.0,1.0
0.8944444444444445,0.595144652161004,0.36549144904531816,5.087596335232384,2.7289976993664067,0.07777851074934006,1.3261933361407314,32.0,75.0,1.0
0.8935483870967742,0.8998214929111342,0.3871125265176863,5.627621113690637,2.984669918120727,0.07777851074934006,1.5212821755755677,33.0,75.0,1.0
0.8133333333333334,0.948942619920112,0.3822433437757238,6.309918278226516,3.3119569429711246,0.07777851074934006,1.8751893180321657,34.0,75.0,1.0
0.8381294964028777,0.6505979775297804,0.34437112922134494,5.455321115357702,2.902737237029169,0.07777851074934006,1.538309125232328,35.0,75.0,1.0
0.86810551558753,0.9057937452650893,0.33657671520789245,5.8944028342648505,3.1121311440517316,0.07777851074934006,1.8031685457115032,36.0,75.0,1.0
0.8395953757225434,0.9301518506112144,0.39361323798928627,6.366470447731438,3.339264725630266,0.07777851074934006,1.7719086671250586,37.0,75.0,1.0
0.8803245436105477,0.9010188152645471,0.35242840027750116,6.075346031088684,3.1989647913230304,0.07777851074934006,1.6542073290010622,38.0,75.0,1.0
0.8455056179775281,0.8224056602491563,0.3389340307383835,6.401917196727186,3.3563938435255016,0.07777851074934006,1.636181300184719,39.0,75.0,1.0
0.8789808917197452,0.7675186196978888,0.3332771597374372,5.6240175061873385,2.9829530981877586,0.07777851074934006,1.3635574860646735,40.0,75.0,1.0
0.8336594911937377,0.9208583993887975,0.3706060184536,6.056784013228625,3.190043482747458,0.07777851074934006,1.7492746535136248,41.0,75.0,1.0
0.9316455696202531,0.8356665448362091,0.3059673496840131,5.910796644040527,3.1199861290795745,0.07777851074934006,1.361741335023352,42.0,75.0,1.0
0.8643067846607669,0.8327118593504669,0.39013151706205584,5.683579767338681,3.0113467377374623,0.07777851074934006,1.5521829016354431,43.0,75.0,1.0
0.8315363881401617,0.9476223743318999,0.353014614815724,6.42648845745769,3.3682731816433544,0.07777851074934006,1.8780049890220372,44.0,75.0,1.0
0.9111424541607899,0.8948997359376958,0.38699545973696026,6.472346294500901,3.390455999451512,0.07777851074934006,1.5153475457234449,45.0,75.0,1.0
0.8881401617250674,0.9324334139776514,0.3834796185818178,6.492239835020471,3.400083972114469,0.07777851074934006,1.6630696056720846,46.0,75.0,1.0
0.8220946915351507,0.9422946585807781,0.32938876318172117,6.352629396319567,3.332578877401803,0.07777851074934006,2.05007625996639,47.0,75.0,1.0
0.8336673346693386,0.8782721598146684,0.326257785217467,6.0330862217988015,3.1786582129639043,0.07777851074934006,1.675829206537056,48.0,75.0,1.0
0.8357705286839145,0.9546914869940447,0.2629695522609877,6.612041034833092,3.4581254245357638,0.07777851074934006,2.1029643089080663,49.0,75.0,1.0
0.8652482269503546,0.9195262092592636,0.2774752236663385,6.192362489474872,3.255273731869041,0.07777851074934006,1.7806636964439977,50.0,75.0,1.0
0.883357041251778,0.9530662680270701,0.45066350124731663,6.432940092739179,3.3713930781499397,0.07777851074934006,1.8929127887993278,51.0,75.0,1.0
0.937984496124031,0.8851525321896533,0.35293935918162117,5.493061443340548,2.9206563127707246,0.07777851074934006,1.3039169141575984,52.0,75.0,1.0
0.9139579349904398,0.8926978926986167,0.37639278256243375,6.171700597410915,3.2453226809481306,0.07777851074934006,1.525984535101326,53.0,75.0,1.0
0.8342361863488624,0.9629038382729908,0.33448658286844246,6.647688373563329,3.475415502820987,0.07777851074934006,2.1869284281572594,54.0,75.0,1.0
0.9016203703703703,0.9665683693537814,0.35594613668164093,6.659293919683638,3.4810464519087296,0.07777851074934006,2.0324618684892872,55.0,75.0,1.0
0.8319327731092437,0.8944411529128661,0.29395526215804824,5.983936280687191,3.155060750185239,0.07777851074934006,1.7825718984582566,56.0,75.0,1.0
0.814935064935065,0.7213459449322135,0.2953978211843124,5.529429087511423,2.9379383183474608,0.07777851074934006,1.6142446760610822,57.0,75.0,1.0
0.9299552906110283,0.9134288477414314,0.3617096540253481,6.437751649736401,3.3737200661758093,0.07777851074934006,1.532994203787846,58.0,75.0,1.0
0.8403614457831325,0.9406616184694085,0.32037572999356073,6.326149473155099,3.3197920555363356,0.07777851074934006,1.9573686060615887,59.0,75.0,1.0
0.9123505976095617,0.7980714964111438,0.3582705725472084,5.438079308923196,2.894556062106034,0.07777851074934006,1.322828829174542,60.0,75.0,1.0
0.8359872611464968,0.9358077120116006,0.4382070825168582,6.26530121273771,3.290430229380671,0.07777851074934006,1.9007856140160337,61.0,75.0,1.0
0.8983833718244804,0.8226401992124556,0.3656918570402765,5.966146739123692,3.146525145745436,0.07777851074934006,1.4121069946394755,62.0,75.0,1.0
0.8941908713692946,0.8968170428943913,0.4619772357268928,6.068425588244111,3.1956383237685504,0.07777851074934006,1.5924444678087588,63.0,75.0,1.0
0.9026548672566371,0.900259281294709,0.3730807128429029,5.726847747587197,3.031995440911716,0.07777851074934006,1.4822913005829217,64.0,75.0,1.0
0.9383983572895277,0.9212056791416406,0.38678151702831165,6.126869184114185,3.2237436162807276,0.07777851074934006,1.4829595664315838,65.0,75.0,1.0
0.871501272264631,0.9618741236434247,0.3415035767270441,6.530877627725885,3.418791985002002,0.07777851074934006,2.0685333123118577,66.0,75.0,1.0
0.9313063063063063,0.9398518627316156,0.3942699524877961,6.71901315438526,3.5100364026556834,0.07777851074934006,1.6628168738319007,67.0,75.0,1.0
0.7390691114245416,0.8112191828551345,0.35567134777261133,6.263398262591624,3.2895124549543606,0.08377575129270554,3.405141595281356,1.0,76.0,1.0
0.8045212765957447,0.9292689225235321,0.38705776390645247,6.406879986069314,3.358792807127421,0.08377575129270554,3.446936086097414,2.0,76.0,1.0
0.7933333333333333,0.728332778611749,0.4004880632873347,5.476463551931511,2.91277372451585,0.08377575129270554,1.7539090097033936,3.0,76.0,1.0
0.7065217391304348,0.9017791263930164,0.3732077326546782,6.1224928095143865,3.221638015754096,0.08377575129270554,4.1785053527654465,4.0,76.0,1.0
0.8258620689655173,0.8542819434458047,0.41936836902771274,6.173786103901937,3.2463269274599886,0.08377575129270554,2.1584049594566745,5.0,76.0,1.0
0.8568281938325991,0.8057254315056324,0.3438861005000075,5.966146739123692,3.146525145745436,0.08377575129270554,1.6257958348006558,6.0,76.0,1.0
0.8240887480190174,0.853339469493913,0.337424772848042,6.255750041753367,3.285824087631947,0.08377575129270554,2.0109904160325174,7.0,76.0,1.0
0.7130620985010707,0.8640428094532432,0.3384708239699686,5.8111409929767,3.0722759846910446,0.08377575129270554,3.0915283351341114,8.0,76.0,1.0
0.8737864077669902,0.7917280788684421,0.42409300791716414,5.8888779583328805,3.109484502806863,0.08377575129270554,1.6326372803394205,9.0,76.0,1.0
0.8551068883610451,0.6492813527802602,0.29973456091287204,5.8888779583328805,3.109484502806863,0.08377575129270554,1.5358700797817495,10.0,76.0,1.0
0.8577319587628865,0.8262703488181425,0.35151738411607786,6.0330862217988015,3.1786582129639043,0.08377575129270554,1.625570090820289,11.0,76.0,1.0
0.6822695035460993,0.8686015182348411,0.3712114957742717,6.1779441140506,3.248329267952155,0.08377575129270554,4.260123033400237,12.0,76.0,1.0
0.7679738562091504,0.69567597266508,0.4381900295806944,5.4638318050256105,2.9067767396614164,0.08377575129270554,1.798127571607349,13.0,76.0,1.0
0.8181818181818182,0.6850942069535606,0.37678937786926925,5.53338948872752,2.9398211737233946,0.08377575129270554,1.7264806252863234,14.0,76.0,1.0
0.7835951134380453,0.8511741427117832,0.4589670401464638,6.1092475827643655,3.2152663537569754,0.08377575129270554,2.3557535003230634,15.0,76.0,1.0
0.7456647398843931,0.7304714805672972,0.310395536699046,5.961005339623274,3.144058785551736,0.08377575129270554,2.0981028481499657,16.0,76.0,1.0
0.767175572519084,0.5534103325812879,0.39303350100684714,5.998936561946683,3.1622602639907784,0.08377575129270554,2.5020774262197265,17.0,76.0,1.0
0.8150208623087621,0.8663112756552073,0.3053849013090923,6.375024819828097,3.3433976136291093,0.08377575129270554,2.1024110953827275,18.0,76.0,1.0
0.8401162790697675,0.7219354048294252,0.35731499692987256,5.66988092298052,3.004813208801392,0.08377575129270554,1.5879848397909142,19.0,76.0,1.0
0.8,0.8455543460803028,0.4035845775994596,5.37989735354046,2.866973427027827,0.08377575129270554,1.91962085731094,20.0,76.0,1.0
0.8381877022653722,0.3800599891118559,0.4158633386086313,5.560681631015528,2.95280097813573,0.08377575129270554,1.5794661676572186,21.0,76.0,1.0
0.7769607843137255,0.7731412108891215,0.2815864772964953,5.762051382780177,3.048809421238675,0.08377575129270554,1.8142340596446542,22.0,76.0,1.0
0.8614232209737828,0.8742837306623614,0.36990995976848784,6.133398042996649,3.226885143400894,0.08377575129270554,1.6478359000530414,23.0,76.0,1.0
0.75,0.8725646616578516,0.36416133254330235,6.063785208687608,3.19340805480027,0.08377575129270554,3.6705398013680717,24.0,76.0,1.0
0.8609022556390977,0.5113499242330463,0.3526738407957352,5.438079308923196,2.894556062106034,0.08377575129270554,1.4328585723339173,25.0,76.0,1.0
0.7948717948717948,0.3998610047178682,0.3648481094153729,5.384495062789089,2.8691517013481738,0.08377575129270554,2.0501232282639403,26.0,76.0,1.0
0.8768115942028986,0.6727759340950983,0.403083207246464,5.493061443340548,2.9206563127707246,0.08377575129270554,1.3941392590288084,27.0,76.0,1.0
0.8982558139534884,0.862321257559169,0.3347704054792623,5.736572297479192,3.0366388555496324,0.08377575129270554,1.449090084725327,28.0,76.0,1.0
0.7540650406504065,0.7522632735300385,0.359601189923808,5.918893854273146,3.1238667774048077,0.08377575129270554,2.235245850022442,29.0,76.0,1.0
0.8421052631578947,0.592960182625821,0.3926552968780118,5.60947179518496,2.976024646048169,0.08377575129270554,1.8583236829398364,30.0,76.0,1.0
0.7457943925233644,0.7687979141998805,0.4479171350357173,5.991464547107982,3.158673752678844,0.08377575129270554,2.803859211997647,31.0,76.0,1.0
0.9050772626931567,0.7700408423634859,0.38719382448934625,6.018593214496234,3.1716977037998157,0.08377575129270554,1.415237038743771,32.0,76.0,1.0
0.7709090909090909,0.6028312906185707,0.32905318789001975,5.3612921657094255,2.8581612277327575,0.08377575129270554,1.8542597331924628,33.0,76.0,1.0
0.7073906485671192,0.9642434249294305,0.3245969881734414,6.152732694704104,3.2361906317473745,0.08377575129270554,2.7328798340041596,34.0,76.0,1.0
0.7315175097276264,0.9401394215739579,0.32735748597853254,5.932245187448011,3.1302668308155708,0.08377575129270554,2.5421863853089666,35.0,76.0,1.0
0.7420634920634921,0.7696726721537057,0.3294291183165673,5.926926025970411,3.1277168565226234,0.08377575129270554,2.1209629205657414,36.0,76.0,1.0
0.7330895795246801,0.8006498644672674,0.35560986317819726,5.996452088619021,3.1610676795726267,0.08377575129270554,3.113398807882079,37.0,76.0,1.0
0.8172043010752689,0.781092385862128,0.3354065920519281,5.43372200355424,2.892489058363821,0.08377575129270554,1.990942626990853,38.0,76.0,1.0
0.7892857142857143,0.6281338558787735,0.30585173908467833,5.402677381872279,2.877768349286718,0.08377575129270554,1.9319600773775307,39.0,76.0,1.0
0.7593984962406015,0.7260987515473195,0.34421438508954294,5.717027701406222,3.0273073859067696,0.08377575129270554,2.746092762199753,40.0,76.0,1.0
0.8102409638554217,0.6333110122443356,0.356554904138448,5.598421958998375,2.970762833670308,0.08377575129270554,1.7970956862429832,41.0,76.0,1.0
0.7628361858190709,0.9374527188486371,0.38762554199873694,6.437751649736401,3.3737200661758093,0.08377575129270554,3.0699644105054933,42.0,76.0,1.0
0.7242718446601941,0.8002658488191898,0.3783684739113505,5.924255797414532,3.126436863496589,0.08377575129270554,3.443949580764317,43.0,76.0,1.0
0.9097744360902256,0.8653121915414296,0.49157294138150176,6.184148890937483,3.2513175229518874,0.08377575129270554,1.7283055634793207,44.0,76.0,1.0
0.8633333333333333,0.5300763346755836,0.4186579431117894,5.560681631015528,2.95280097813573,0.08377575129270554,1.4326223742922612,45.0,76.0,1.0
0.845088161209068,0.8698145653141602,0.4394032329686796,6.51025834052315,3.408806987605452,0.08377575129270554,2.5646036727176664,46.0,76.0,1.0
0.8317460317460318,0.6850607478293146,0.39200878131416633,5.572154032177765,2.9582594772777395,0.08377575129270554,1.7628433493154114,47.0,76.0,1.0
0.7596741344195519,0.9036165243214788,0.4943102588533995,5.924255797414532,3.126436863496589,0.08377575129270554,2.3481674073121543,48.0,76.0,1.0
0.7060367454068242,0.9213198063277523,0.26353490415416875,6.289715570908998,3.3022076251803294,0.08377575129270554,3.7648022065761326,49.0,76.0,1.0
0.799410029498525,0.5518755755140182,0.40650353288284674,5.605802066295998,2.974277019288197,0.08377575129270554,1.704298736238516,50.0,76.0,1.0
0.7479674796747967,0.8391142242543119,0.3917829317652636,6.133398042996649,3.226885143400894,0.08377575129270554,3.6298290809513705,51.0,76.0,1.0
0.7539936102236422,0.5711960673428783,0.2881343450350623,5.4680601411351315,2.9087839681737657,0.08377575129270554,2.035650576343135,52.0,76.0,1.0
0.8241042345276873,0.7930324154296987,0.4561950086684027,5.537334267018537,2.9416967689887894,0.08377575129270554,2.089093694366055,53.0,76.0,1.0
0.7189542483660131,0.8928592662026987,0.3835130653946015,6.311734809152915,3.312833714085301,0.08377575129270554,4.004650286743685,54.0,76.0,1.0
0.7672727272727272,0.9134000300883638,0.3383160704677973,6.452048954437226,3.3806356228915106,0.08377575129270554,2.35527713280461,55.0,76.0,1.0
0.8602150537634409,0.42837454279578163,0.2771315224735737,5.081404364984463,2.726086100628873,0.08377575129270554,1.3559099006537234,56.0,76.0,1.0
0.8310626702997275,0.6737676355307731,0.4373488366833847,5.723585101952381,3.0304377585036146,0.08377575129270554,1.9270472817121023,57.0,76.0,1.0
0.7721518987341772,0.8544542530917307,0.3862713085379702,6.059123195581797,3.1911675782799995,0.08377575129270554,2.181154621717489,58.0,76.0,1.0
0.7831325301204819,0.9227334492727077,0.45712285538224806,5.278114659230518,2.818813548128382,0.08377575129270554,1.9629775062714625,59.0,76.0,1.0
0.72,0.7204937070534941,0.3249249512185004,5.8888779583328805,3.109484502806863,0.08377575129270554,2.7480061317372906,60.0,76.0,1.0
0.850187265917603,0.7219326384601026,0.4049638344599459,5.429345628954441,2.8904132212486964,0.08377575129270554,1.5019695724386317,61.0,76.0,1.0
0.7135549872122762,0.7494718933845774,0.3754175519775033,5.634789603169249,2.9880855085731093,0.08377575129270554,2.9259705322668714,62.0,76.0,1.0
0.7312348668280871,0.8191358617747889,0.357716291926861,5.713732805509369,3.025734630798558,0.08377575129270554,2.2274236408085177,63.0,76.0,1.0
0.8184818481848185,0.5868474589132116,0.41671508832948545,5.517452896464707,2.9322456199783513,0.08377575129270554,1.7822339316717961,64.0,76.0,1.0
0.8856502242152466,0.7029483941412852,0.3317085152185852,5.981414211254481,3.153850460820174,0.08377575129270554,1.6085481092745348,65.0,76.0,1.0
0.8172484599589322,0.815156777606999,0.42921787296485653,5.988961416889864,3.1574723813761874,0.08377575129270554,1.8049523918185284,66.0,76.0,1.0
0.7697160883280757,0.6686767409338779,0.47074841137865464,5.501258210544727,2.9245501886414424,0.08377575129270554,1.840039040489556,67.0,76.0,1.0
0.7475862068965518,0.8209676252516152,0.35854768297664324,6.297109319933935,3.305775284959049,0.08377575129270554,3.567665974903043,68.0,76.0,1.0
0.9171974522292994,0.5085788037312704,0.3797881265198758,5.666426688112432,3.003166047426715,0.08377575129270554,1.222904034067508,69.0,76.0,1.0
0.7825159914712153,0.634519784842239,0.41815247960212937,5.908082938168931,3.118685701754257,0.08377575129270554,2.6440517668972534,70.0,76.0,1.0
0.7870967741935484,0.6699444636594404,0.43418708665230005,4.812184355372417,2.599971569886549,0.08377575129270554,1.6176008724086932,71.0,76.0,1.0
0.7504363001745201,0.781203076819453,0.4784433441919253,6.066108090103747,3.1945244593809208,0.08377575129270554,3.063866603679786,72.0,76.0,1.0
0.7235449735449735,0.907926920948891,0.3121097572810192,6.306275286948016,3.3101986870821287,0.08377575129270554,3.257586426319776,73.0,76.0,1.0
0.8994565217391305,0.7696631748259473,0.36832701979673005,5.805134968916488,3.0694036332450274,0.08377575129270554,1.456715428174696,74.0,76.0,1.0
0.7321063394683026,0.8858696760959824,0.3411799829018523,5.883322388488279,3.1068234468444036,0.08377575129270554,2.935185273200534,75.0,76.0,1.0
0.8933566433566433,0.8712607434594131,0.4087083180780593,6.238324625039508,3.277422425243829,0.08377575129270554,1.534166765819871,76.0,76.0,1.0
0.7906976744186046,0.6981012881841887,0.3586683777207551,5.3230099791384085,2.8400416325032074,0.08377575129270554,2.0656625619334914,77.0,76.0,1.0
0.7271062271062271,0.8085760170821789,0.3760724357491607,5.986452005284438,3.156268052106129,0.08377575129270554,3.016265841075499,78.0,76.0,1.0
0.7556390977443609,0.6629973078579384,0.4122474174195806,5.308267697401205,2.8330683747600656,0.08377575129270554,2.514746476416096,79.0,76.0,1.0
0.8869701726844584,0.841706815237371,0.3649226231085098,6.338594078203183,3.325800714356344,0.08377575129270554,1.5777799838007496,80.0,76.0,1.0
0.879154078549849,0.7403141274774515,0.3542631951931637,5.676753802268282,3.0080909221463434,0.08377575129270554,1.4755361522115888,81.0,76.0,1.0
0.8888888888888888,0.6394477382017346,0.41384699367443023,5.4510384535657,2.9007048223163214,0.08377575129270554,1.3557820157008083,82.0,76.0,1.0
0.7971014492753623,0.8508348852360427,0.29266774033650245,6.206575926724928,3.262121182711215,0.08377575129270554,2.0975401731879124,83.0,76.0,1.0
0.8985765124555161,0.8786407866999443,0.4682816642696663,6.226536669287466,3.2717402691855377,0.08377575129270554,1.6001379257498596,84.0,76.0,1.0
0.7384898710865562,0.8267468040363748,0.40927311782759157,5.996452088619021,3.1610676795726267,0.08377575129270554,2.467037923754176,85.0,76.0,1.0
0.7662721893491125,0.5918011547931037,0.35320351154411345,5.560681631015528,2.95280097813573,0.08377575129270554,2.4531911319051787,86.0,76.0,1.0
0.756578947368421,0.9217789770265001,0.39436230838583297,6.3561076606958915,3.334258894875057,0.08377575129270554,2.8146429148747725,87.0,76.0,1.0
0.8305084745762712,0.6901405341712364,0.3069377898233149,5.5053315359323625,2.9264854941641447,0.08377575129270554,1.9263847705340282,88.0,76.0,1.0
0.803921568627451,0.7930124559012023,0.45993951228510405,5.91350300563827,3.121283105238069,0.08377575129270554,2.447273147983932,89.0,76.0,1.0
0.8686868686868687,0.8153432910711313,0.4126802756436359,5.84354441703136,3.0877787618435875,0.08377575129270554,1.509131374604676,90.0,76.0,1.0
0.8733624454148472,0.9275688319745755,0.3528812564888111,6.398594934535208,3.3547879997000694,0.08377575129270554,1.8097047714526402,91.0,76.0,1.0
0.8632580261593341,0.8880908415972496,0.41005678599326134,6.588926477533519,3.4469188789040004,0.08377575129270554,1.9064535029539744,92.0,76.0,1.0
0.6917148362235067,0.7596930463243596,0.40718488800996694,5.886104031450156,3.1081557865296174,0.08377575129270554,3.4262490143388025,93.0,76.0,1.0
0.8757637474541752,0.8218537432589553,0.452429470777795,6.066108090103747,3.1945244593809208,0.08377575129270554,1.592694956696278,94.0,76.0,1.0
0.764505119453925,0.7408268296201358,0.38169504622687017,6.1070228877422545,3.2141963044016575,0.08377575129270554,2.5540838852922243,95.0,76.0,1.0
0.825,0.6106864993200971,0.46637154320224083,5.111987788356544,2.740471752138393,0.08377575129270554,1.3833374064538506,96.0,76.0,1.0
0.8159806295399515,0.6196590571623607,0.3325996292344844,5.823045895483019,3.0779704761968443,0.08377575129270554,1.8261829100410012,97.0,76.0,1.0
0.7865707434052758,0.4497073241651534,0.34149589712216327,5.796057750765372,3.0650631622973936,0.08377575129270554,1.8616775977277353,98.0,76.0,1.0
0.8439024390243902,0.890879283461026,0.44693774962420235,5.159055299214529,2.762633757250194,0.08377575129270554,1.6205543957599209,99.0,76.0,1.0
0.7289879931389366,0.7042913728700524,0.4050489287506988,6.054439346269371,3.1889167998345416,0.08377575129270554,2.569909840429097,100.0,76.0,1.0
0.9122137404580153,0.7845592303543405,0.4550198876188636,6.171700597410915,3.2453226809481306,0.08377575129270554,1.492032403069355,101.0,76.0,1.0
0.8444444444444444,0.6451835727051913,0.5141027984774342,5.720311776607412,3.0288750842692833,0.08377575129270554,1.539891498553586,102.0,76.0,1.0
0.837037037037037,0.6167652407315246,0.5074651254465788,5.424950017481403,2.888328474376144,0.08377575129270554,1.7514245526030474,103.0,76.0,1.0
0.8255578093306288,0.7336881780640933,0.39728322382219594,6.0112671744041615,3.168179962863699,0.08377575129270554,2.2593954545893635,104.0,76.0,1.0
0.8641791044776119,0.8503271807752847,0.42256650305278104,6.363028103540465,3.337601780062446,0.08377575129270554,1.7011764122818667,105.0,76.0,1.0
0.8414376321353065,0.647224562062496,0.4552818235140196,5.988961416889864,3.1574723813761874,0.08377575129270554,1.575560651888104,106.0,76.0,1.0
0.9158878504672897,0.8317330860685277,0.4769100412084822,5.973809611869261,3.150201518454589,0.08377575129270554,1.3792303523044744,107.0,76.0,1.0
0.833984375,0.8176664903655929,0.4533274854631736,6.059123195581797,3.1911675782799995,0.08377575129270554,1.9107056724416303,108.0,76.0,1.0
0.8569444444444444,0.9142490628136274,0.44873952691374097,6.42648845745769,3.3682731816433544,0.06816752254962921,1.9529683253481496,1.0,77.0,1.0
0.8705583756345178,0.8541107372797583,0.4175652282030488,5.840641657373398,3.0863895830282515,0.06816752254962921,1.5894147226015196,2.0,77.0,1.0
0.8755555555555555,0.9393573541139361,0.3398503274757877,6.3835066348840055,3.3474960049329185,0.06816752254962921,1.8005943955553938,3.0,77.0,1.0
0.9114754098360656,0.7912473897353832,0.4301203574841852,5.631211781821365,2.9863807074166044,0.06816752254962921,1.3025203061961113,4.0,77.0,1.0
0.7463768115942029,0.7760582918806509,0.37287287300759986,5.736572297479192,3.0366388555496324,0.06816752254962921,2.078629763147394,5.0,77.0,1.0
0.8149779735682819,0.8225555016374704,0.40638205375833364,5.916202062607435,3.122576648603987,0.06816752254962921,1.7680987586623202,6.0,77.0,1.0
0.7712765957446809,0.5791888774378396,0.36417766256179757,5.673323267171493,3.0064548212072264,0.06816752254962921,1.9831455065770875,7.0,77.0,1.0
0.9054820415879017,0.9254262604407608,0.4403835538073202,6.173786103901937,3.2463269274599886,0.06816752254962921,1.6688226699205178,8.0,77.0,1.0
0.8150510204081632,0.9560194828544056,0.4290023161077329,6.461468176353717,3.385192503791494,0.06816752254962921,2.224127495007751,9.0,77.0,1.0
0.8532423208191127,0.8246733237881516,0.4974045719807439,5.5254529391317835,2.9360481460402674,0.06816752254962921,1.5097707973462737,10.0,77.0,1.0
0.8604651162790697,0.7095367635861329,0.39542596897015764,5.8111409929767,3.0722759846910446,0.06816752254962921,1.568363343241324,11.0,77.0,1.0
0.7494600431965442,0.9662646105978172,0.3573476331121388,6.543911845564792,3.425105461687157,0.06816752254962921,2.4945937797111983,12.0,77.0,1.0
0.7704081632653061,0.4515435035808437,0.5499358527922728,5.0238805208462765,2.69906026873677,0.06816752254962921,2.051022539774511,13.0,77.0,1.0
0.8641975308641975,0.9731987721572888,0.36564787969582346,6.55250788703459,3.429269856798961,0.06816752254962921,2.2013319580052135,14.0,77.0,1.0
0.8183453237410072,0.9025741214467833,0.3223954872724529,6.1224928095143865,3.221638015754096,0.06816752254962921,1.811617480514023,15.0,77.0,1.0
0.9583333333333334,0.7823341315416494,0.3818960475658563,5.846438775057724,3.0891640000198266,0.06816752254962921,1.1904500829258735,16.0,77.0,1.0
0.6611969111969112,0.9455430665495242,0.4005627980922977,6.530877627725885,3.418791985002002,0.06816752254962921,2.8228831509451817,17.0,77.0,1.0
0.8777173913043478,0.8165769635636603,0.377127182171474,5.780743515792329,3.057742143447135,0.06816752254962921,1.911500359694004,18.0,77.0,1.0
0.8463768115942029,0.9383940539262882,0.34075213438212626,6.371611847231857,3.3417486306479462,0.06816752254962921,2.1295215460756305,19.0,77.0,1.0
0.8742632612966601,0.8747386948230336,0.34075733206888237,6.100318952020064,3.210972056475935,0.06816752254962921,1.6711098703522465,20.0,77.0,1.0
0.8865546218487395,0.7589673693154714,0.352824953311237,5.356586274672012,2.855932944936758,0.06816752254962921,1.4516906754752548,21.0,77.0,1.0
0.8746031746031746,0.9482980594473623,0.30976287207047365,6.313548046277095,3.313708921488392,0.06816752254962921,1.820859290836569,22.0,77.0,1.0
0.8524229074889867,0.8531368972208184,0.446646675980393,5.961005339623274,3.144058785551736,0.06816752254962921,1.6394130798604603,23.0,77.0,1.0
0.7348754448398577,0.8631646555210231,0.4242247052926133,6.025865973825314,3.175190334547559,0.06816752254962921,2.6931568313481318,24.0,77.0,1.0
0.8128019323671497,0.9650592705555716,0.38283461578493627,6.513230110912307,3.4102458921584575,0.06816752254962921,2.2797353911531393,25.0,77.0,1.0
0.7188679245283018,0.9082001461294013,0.34064195387903384,5.945420608606575,3.1365841725049277,0.06816752254962921,2.819395881512477,26.0,77.0,1.0
0.6848167539267016,0.9060646584990738,0.4178037821507202,6.484635235635252,3.3964031925516505,0.06816752254962921,3.0385096095040676,27.0,77.0,1.0
0.7821229050279329,0.9029507223676148,0.4816502016932516,5.638354669333745,2.9897843636388495,0.06816752254962921,1.8761404438018896,28.0,77.0,1.0
0.7981981981981981,0.9043282257242364,0.342087906849952,6.095824562432225,3.208810703734761,0.06816752254962921,1.9241809744916205,29.0,77.0,1.0
0.9283276450511946,0.9086150312984547,0.3467202715686513,6.300785794663244,3.3075494338148435,0.06816752254962921,1.456946241294239,30.0,77.0,1.0
0.8213627992633518,0.918275989925615,0.3429848318931516,6.102558594613569,3.212049166133297,0.06816752254962921,2.223780414636298,31.0,77.0,1.0
0.8371335504885994,0.8346245938656492,0.4039782848623451,5.552959584921617,2.9491276624177987,0.06816752254962921,2.156604569491622,32.0,77.0,1.0
0.8679867986798679,0.5094350153905719,0.35043165574607454,5.575949103146316,2.9600654559509008,0.06816752254962921,1.6174095866761236,33.0,77.0,1.0
0.873015873015873,0.9109306997595835,0.40140056365129345,5.955837369464831,3.1415799223694476,0.06816752254962921,1.6645722625298063,34.0,77.0,1.0
0.7894736842105263,0.938464787596139,0.3979209440471972,6.398594934535208,3.3547879997000694,0.06816752254962921,4.005412029913029,35.0,77.0,1.0
0.8539130434782609,0.9417709939055098,0.3325433678749134,6.198478716492308,3.2582200735808287,0.06816752254962921,1.8475810100952093,36.0,77.0,1.0
0.7637931034482759,0.919908436540695,0.42092031791861756,6.095824562432225,3.208810703734761,0.06816752254962921,2.1346985991742646,37.0,77.0,1.0
0.8208955223880597,0.9246920658115156,0.31785039109223245,6.089044875446846,3.2055506818059016,0.06816752254962921,1.9191756633534678,38.0,77.0,1.0
0.733615221987315,0.7108529220014975,0.48045676986812796,5.8522024797744745,3.091922743965858,0.06816752254962921,2.3512141848201042,39.0,77.0,1.0
0.8078994614003591,0.9482501573920301,0.333366717790041,6.111467339502679,3.2163340703086214,0.06816752254962921,2.451469736667598,40.0,77.0,1.0
0.7154471544715447,0.9474090017754313,0.4453106728373741,5.579729825986222,2.9618647580378745,0.06816752254962921,2.9345943777224055,41.0,77.0,1.0
0.8418259023354565,0.9455721170390748,0.37136573906476505,6.677083461247136,3.489679632917633,0.06816752254962921,1.9268426316151472,42.0,77.0,1.0
0.6676616915422886,0.9593150641837291,0.23855839788275948,6.51025834052315,3.408806987605452,0.06816752254962921,3.2269313885017272,43.0,77.0,1.0
0.8336134453781513,0.9469539701260978,0.31360790573016495,6.208590026096629,3.263091628576238,0.06816752254962921,1.985849078046776,44.0,77.0,1.0
0.6748251748251748,0.9594600778749158,0.34876117762913006,5.958424693029782,3.1428209247966743,0.06816752254962921,2.639642900285452,45.0,77.0,1.0
0.7295081967213115,0.9461172909204791,0.3072675596138564,6.282266746896006,3.298613832542201,0.06816752254962921,2.4015701846062365,46.0,77.0,1.0
0.791958041958042,0.9152521310638689,0.3776450031399573,6.118097198041348,3.219523324828327,0.06816752254962921,2.2178210113633257,47.0,77.0,1.0
0.8512,0.9488319082476787,0.3838113674443492,6.278521424165844,3.2968070156311455,0.06816752254962921,1.943375893946892,48.0,77.0,1.0
0.8634453781512605,0.9183887811749905,0.3579133924163687,6.021023349349527,3.172864686238923,0.06816752254962921,1.8496689608061356,49.0,77.0,1.0
0.88671875,0.8330865906912863,0.48079033747561517,5.429345628954441,2.8904132212486964,0.06816752254962921,1.5019695724386317,50.0,77.0,1.0
0.8932714617169374,0.9522121283412782,0.36136254540376184,5.955837369464831,3.1415799223694476,0.06816752254962921,1.8374177340850681,51.0,77.0,1.0
0.8293963254593176,0.7836308953828741,0.35258682382199763,5.75890177387728,3.047304603298942,0.06816752254962921,1.6667680699962906,52.0,77.0,1.0
0.6648706896551724,0.9537833027362057,0.3878967109532268,6.42648845745769,3.3682731816433544,0.06816752254962921,3.9059366506962987,53.0,77.0,1.0
0.7583732057416268,0.8798908823771432,0.4272815668107623,5.762051382780177,3.048809421238675,0.06816752254962921,2.289362941110512,54.0,77.0,1.0
0.922509225092251,0.7493737679822946,0.3495222657759262,5.5254529391317835,2.9360481460402674,0.06816752254962921,1.25816571057035,55.0,77.0,1.0
0.7584905660377359,0.9582849687440257,0.396605924574395,5.998936561946683,3.1622602639907784,0.06816752254962921,2.1918217220315372,56.0,77.0,1.0
0.8838475499092558,0.9038995467388216,0.354874191063104,6.1903154058531475,3.254287669250494,0.06816752254962921,1.7095384977422936,57.0,77.0,1.0
0.7847222222222222,0.9099693180328465,0.4144169722311731,6.115892125483034,3.2184625457423364,0.06816752254962921,1.8770355015565618,58.0,77.0,1.0
0.8943396226415095,0.8710916275352111,0.39488163273623134,5.472270673671475,2.910782940416834,0.06816752254962921,1.3374430167222717,59.0,77.0,1.0
0.8796068796068796,0.9698484998036331,0.3946459599572341,6.57507584059962,3.4402055308645014,0.06816752254962921,2.130964364878633,60.0,77.0,1.0
0.8345323741007195,0.9537967399972291,0.4165260227321992,6.364750756851911,3.3384339569133052,0.06816752254962921,2.264395700401847,61.0,77.0,1.0
0.8894830659536542,0.9161813790857248,0.39661011667476237,6.214608098422191,3.2659914932493757,0.06816752254962921,1.6955628580137958,62.0,77.0,1.0
0.7012658227848101,0.8364020975592925,0.4037573168269277,5.627621113690637,2.984669918120727,0.06816752254962921,2.844032030581859,63.0,77.0,1.0
0.8928571428571429,0.8903062224579642,0.3364234106715121,5.786897381366708,3.06068374343092,0.06816752254962921,1.461362983154986,64.0,77.0,1.0
0.7629083245521602,0.9486674306142989,0.33846434215769433,6.586171654854675,3.4455835192576023,0.06816752254962921,4.651753838898038,65.0,77.0,1.0
0.8302583025830258,0.9250683131866642,0.3918502054408671,6.111467339502679,3.2163340703086214,0.06816752254962921,1.6977624520786796,66.0,77.0,1.0
0.7968069666182874,0.9568549211668969,0.37092321589672905,6.309918278226516,3.3119569429711246,0.06816752254962921,2.1155927345421848,67.0,77.0,1.0
0.8104265402843602,0.9381875440879267,0.4255745871289273,6.2422232654551655,3.2793019394667504,0.06816752254962921,2.2731589043971128,68.0,77.0,1.0
0.7859848484848485,0.8891540418438629,0.37644980832225505,6.030685260261263,3.1775049819767096,0.06816752254962921,2.3442569318068753,69.0,77.0,1.0
0.751269035532995,0.9218170077646334,0.30447717251931833,6.09807428216624,3.2098925725250473,0.06816752254962921,3.04611332333892,70.0,77.0,1.0
0.8303425774877651,0.9465364136384535,0.3435843276514186,6.234410725718371,3.2755356796562056,0.06816752254962921,2.124394098637933,71.0,77.0,1.0
0.8257372654155496,0.8349853130532815,0.4082297658445155,5.733341276897746,3.0350959579035486,0.06816752254962921,1.8248549894124393,72.0,77.0,1.0
0.8520286396181385,0.8881274550252335,0.32918804660132495,5.8805329864007,3.1054874638185948,0.06816752254962921,1.6876490990753614,73.0,77.0,1.0
0.843351548269581,0.9345539758926861,0.3360254712903006,6.139884552226255,3.23000665263668,0.06816752254962921,1.8446404070726377,74.0,77.0,1.0
0.8914728682170543,0.7702644293599393,0.3251673504009001,5.442417710521793,2.896614307878224,0.06816752254962921,1.4313694382963051,75.0,77.0,1.0
0.7771739130434783,0.9661616108598697,0.39142187871757644,6.573680166960646,3.4395291288957583,0.06816752254962921,2.503610440053885,76.0,77.0,1.0
0.8519480519480519,0.8514396572808537,0.40191489238533645,5.796057750765372,3.0650631622973936,0.06816752254962921,1.5278073514896144,77.0,77.0,1.0
0.923728813559322,0.8947753651436896,0.38249858987612734,6.302618975744905,3.3084341084606064,0.06816752254962921,1.4785168678130054,78.0,77.0,1.0
0.7650273224043715,0.7656047819942947,0.41823397520052147,5.638354669333745,2.9897843636388495,0.06816752254962921,1.6899891079837515,79.0,77.0,1.0
0.7737459978655283,0.9720788346573498,0.3820673750692758,6.587550014824796,3.4462516522134012,0.06816752254962921,2.5111384387828903,80.0,77.0,1.0
0.9213313161875946,0.826576033273608,0.46881558337479046,6.413458957167357,3.36197330637467,0.06816752254962921,1.355235958463873,81.0,77.0,1.0
0.8567567567567568,0.8022770062973861,0.37350959704891085,5.762051382780177,3.048809421238675,0.06816752254962921,1.4477211946358801,82.0,77.0,1.0
0.7874564459930313,0.9660316285329151,0.3684921008942338,6.520621127558696,3.4138248350840055,0.06816752254962921,2.2662002871660194,83.0,77.0,1.0
0.8503144654088051,0.9331291987000827,0.3911650917610033,6.517671272912275,3.412396382914837,0.06816752254962921,1.7377125694685525,84.0,77.0,1.0
0.8853211009174312,0.8957765265877412,0.4265738049157581,6.363028103540465,3.337601780062446,0.06816752254962921,1.498760511948848,85.0,77.0,1.0
0.8962765957446809,0.8505075634861458,0.42515070032329627,5.823045895483019,3.0779704761968443,0.06816752254962921,1.4041452529241853,86.0,77.0,1.0
0.8590250329380764,0.9394274591001168,0.34883208049137526,6.481577129276431,3.394923127569323,0.06816752254962921,1.848131068619338,87.0,77.0,1.0
0.9018932874354562,0.9209561739619065,0.37757641225783967,6.263398262591624,3.2895124549543606,0.06816752254962921,1.711331985005541,88.0,77.0,1.0
0.837471783295711,0.9036643727488758,0.31266745288077724,5.918893854273146,3.1238667774048077,0.06816752254962921,1.7539078626445483,89.0,77.0,1.0
0.8797169811320755,0.8940655797422034,0.3919485763951198,5.924255797414532,3.126436863496589,0.06816752254962921,1.538212214740714,90.0,77.0,1.0
0.9033557046979865,0.9478609106785918,0.36847674155220944,6.513230110912307,3.4102458921584575,0.06816752254962921,1.8407393967664265,91.0,77.0,1.0
0.869281045751634,0.8915298950703787,0.44142918502514056,6.278521424165844,3.2968070156311455,0.06816752254962921,1.541845498799251,92.0,77.0,1.0
0.7964774951076321,0.8738050167295209,0.29203072856725953,6.0112671744041615,3.168179962863699,0.06816752254962921,1.8624189533769013,93.0,77.0,1.0
0.7763845350052246,0.9335803600470025,0.40921256059417144,6.612041034833092,3.4581254245357638,0.06816752254962921,2.05756388618915,94.0,77.0,1.0
0.8364928909952607,0.9610149421784692,0.31834165909713336,6.561030665896573,3.433399282556618,0.06816752254962921,2.149153846454098,95.0,77.0,1.0
0.8760975609756098,0.9641368487945536,0.49895401818645335,6.80128303447162,3.5500121782308813,0.06816752254962921,2.1183120263684247,96.0,77.0,1.0
0.9581151832460733,0.47855321168421944,0.349023752367562,5.214935757608986,2.788980541848176,0.06816752254962921,1.0635900946295487,97.0,77.0,1.0
0.896640826873385,0.947262560116767,0.44285140926725075,6.543911845564792,3.425105461687157,0.06816752254962921,1.7862311797481336,98.0,77.0,1.0
0.6949293433083957,0.9480048146192822,0.5314158974227895,6.729824070489475,3.515286990705571,0.06816752254962921,2.612754311857385,99.0,77.0,1.0
0.8560371517027864,0.9158944256475812,0.41347818329612734,6.317164686747284,3.315454667507191,0.06816752254962921,1.7733986404433253,100.0,77.0,1.0
0.8587443946188341,0.7626720000244012,0.48315921310311793,5.950642552587727,3.139088428061438,0.06816752254962921,1.5943348617616115,101.0,77.0,1.0
0.8379705400981997,0.9208297497511133,0.41661481648462373,6.240275845170769,3.278363082792804,0.06816752254962921,1.8388015429410929,102.0,77.0,1.0
0.8751123090745733,0.960217360157007,0.3669109512707014,6.882437470997847,3.589488723696202,0.06816752254962921,1.9791169056967086,103.0,77.0,1.0
0.8296146044624746,0.9395993968628382,0.2766911944944022,7.6236419465115715,3.9517666077348834,0.08726391196250916,1.93153938639829,1.0,78.0,1.0
0.8655086848635236,0.8800234059443027,0.26041149719559925,7.4645098346365275,3.8737497902373628,0.08726391196250916,1.6031040814959052,2.0,78.0,1.0
0.8806693086745927,0.8315345771441583,0.25603928173416846,7.601402334583733,3.9408563103932455,0.08726391196250916,1.4925718894908195,3.0,78.0,1.0
0.8856290402784684,0.8657708772197729,0.2878956516548096,7.485491608030754,3.884029619445685,0.08726391196250916,1.5681168315822351,4.0,78.0,1.0
0.8358806404657934,0.9084596008894059,0.24800234150809156,7.739794458408701,4.008784128178129,0.08726391196250916,2.0070473924182233,5.0,78.0,1.0
0.9048091224590976,0.9156000630831499,0.27667804443623784,7.509883061154913,3.8959826266310995,0.08726391196250916,1.6672261534441315,6.0,78.0,1.0
0.8178092399403875,0.7898421816824398,0.26724983153719456,7.694392802629421,3.9864901479268005,0.08726391196250916,1.8954174488046065,7.0,78.0,1.0
0.8744987971130713,0.8870581237413494,0.22982634988536838,7.687997166393016,3.9833503554709884,0.08726391196250916,1.6568486644094693,8.0,78.0,1.0
0.8559027777777778,0.8497802795048498,0.21044863465725067,7.299797366758161,3.793125620717647,0.08726391196250916,1.5706023140820278,9.0,78.0,1.0
0.8407035175879397,0.8277684681877164,0.22814239684280305,7.422971251049421,3.853404606574557,0.08726391196250916,1.6772621259692608,10.0,78.0,1.0
0.889196675900277,0.8793428549130219,0.22602629867770307,7.851271997109883,4.063560703058001,0.08726391196250916,1.634730509875204,11.0,78.0,1.0
0.8347902097902098,0.9022794642798239,0.28872511610074963,7.555381944240273,3.9182867809596,0.08726391196250916,1.7733386363270403,12.0,78.0,1.0
0.849624060150376,0.9116116781993633,0.24784381841516923,7.561121589530238,3.9211011142161487,0.08726391196250916,2.1117398974363,13.0,78.0,1.0
0.857206604194556,0.8681428438660805,0.23892526426147168,7.561121589530238,3.9211011142161487,0.08726391196250916,1.814623603786388,14.0,78.0,1.0
0.8115365489806067,0.8945224083308932,0.2592632738922899,7.398174092970465,3.841263228490664,0.08726391196250916,1.8467200281335305,15.0,78.0,1.0
0.8066748066748066,0.8281326560875341,0.2880679340201733,7.592366128519796,3.93642397094469,0.08726391196250916,1.8785998837326428,16.0,78.0,1.0
0.8764278296988577,0.7159887424913747,0.2444852685207623,7.4318919168078,3.8577731516938805,0.08726391196250916,1.5419426944102546,17.0,78.0,1.0
0.8828013339685564,0.8125128443863731,0.23576264666021512,7.5251007461258,3.9034414607428483,0.08726391196250916,1.5104223242722354,18.0,78.0,1.0
0.8848,0.8794873380742874,0.28287380644871746,7.414572881350589,3.849292191944758,0.08726391196250916,1.5545562088894904,19.0,78.0,1.0
0.8514431239388794,0.8086114303800775,0.24155512214038352,7.604396348796338,3.942324982526027,0.08726391196250916,1.6174638361914517,20.0,78.0,1.0
0.8151260504201681,0.7467621558190565,0.22690225514149123,7.465655310134056,3.8743109510598623,0.08726391196250916,1.8627920554766877,21.0,78.0,1.0
0.9111314704535044,0.9532099511174422,0.22897735830828722,7.595889917718538,3.9381523768641196,0.08726391196250916,1.7777537055992174,22.0,78.0,1.0
0.9022907900888265,0.8270706890161547,0.3316431546137013,7.565793282428515,3.923391908003949,0.08726391196250916,1.4433089325634751,23.0,78.0,1.0
0.8600111544896821,0.8364162336736657,0.27457931498088595,7.341483852363161,3.8135176170448473,0.08726391196250916,1.6133374793431239,24.0,78.0,1.0
0.8771929824561403,0.8529693825254834,0.2239632858659266,7.409136443920128,3.846630326372217,0.08726391196250916,1.5528801444538203,25.0,78.0,1.0
0.8537735849056604,0.9314654495132074,0.19729849611784175,8.089175678837561,4.180623682739073,0.08726391196250916,2.0322752678631937,26.0,78.0,1.0
0.9171452009844134,0.7341841092543496,0.3413433265856917,7.020190708311925,3.656590168757569,0.08726391196250916,1.3763034694255434,27.0,78.0,1.0
0.8348723519826181,0.774923568120227,0.2511861572840775,7.338238150065589,3.811929580476312,0.08726391196250916,1.7691652471216388,28.0,78.0,1.0
0.8295807453416149,0.8533197711520304,0.21833143898069815,7.6676260915849905,3.9733508266180966,0.08726391196250916,1.8219648452545618,29.0,78.0,1.0
0.8976994615761136,0.8697513369546843,0.24141070282315177,7.51479976048867,3.8983923908945064,0.08726391196250916,1.5498554736204502,30.0,78.0,1.0
0.8991430454845089,0.8643268165332088,0.2616707145657031,7.21890970761906,3.7535832179646555,0.08726391196250916,1.44348969709151,31.0,78.0,1.0
0.8421722528638099,0.8468373331731502,0.30211498846324303,7.593877844605118,3.9371654553419058,0.08726391196250916,1.7446189746019822,32.0,78.0,1.0
0.7898550724637681,0.5916702298585113,0.18586175414111955,7.257002707092073,3.772200900771105,0.08726391196250916,1.9658336202170128,33.0,78.0,1.0
0.8464439655172413,0.9467051839694217,0.2242901414497142,8.052933036797567,4.162776328511574,0.08726391196250916,1.9328041414161337,34.0,78.0,1.0
0.8961293483586478,0.8585227514002889,0.3040058271527063,7.512071245835466,3.8970550819031744,0.08726391196250916,1.708586639167515,35.0,78.0,1.0
0.876510067114094,0.7078790639140708,0.28380718408713923,7.175489713624222,3.7323715174198933,0.08726391196250916,1.4474131961709238,36.0,78.0,1.0
0.8208241353936718,0.8678299511806107,0.2525734759675219,7.710653323501202,3.994473679010428,0.08726391196250916,1.836277401859475,37.0,78.0,1.0
0.8152412280701754,0.9076828090257235,0.27046062473096005,7.305188215393037,3.795762187006839,0.08726391196250916,1.8968268910500072,38.0,78.0,1.0
0.9492822966507177,0.8786209421429977,0.2775702975363588,7.59337419312129,3.9369184172487537,0.08726391196250916,1.3786490645934575,39.0,78.0,1.0
0.8676780446691951,0.8554588185889049,0.3294631944005235,7.630461261783627,3.9551124685776022,0.08726391196250916,1.5569502868438811,40.0,78.0,1.0
0.8234192037470726,0.8561912725261877,0.1967897703695166,7.472500744737558,3.87766461534431,0.08726391196250916,1.8279387162871947,41.0,78.0,1.0
0.7979508196721311,0.9151825923877848,0.3251572359681122,7.5745584842024805,3.927690249957396,0.08726391196250916,1.9558226659929734,42.0,78.0,1.0
0.9002911208151383,0.6325391852817962,0.3596120013049373,7.121252453244542,3.705889850024571,0.08726391196250916,1.4611960321591833,43.0,78.0,1.0
0.8871297242083759,0.8089399925471806,0.2945424336214774,7.460490305825338,3.8717806997976756,0.08726391196250916,1.467134168710763,44.0,78.0,1.0
0.856815578465063,0.8503839158188868,0.26246681577023534,7.716460800176355,3.997325288877896,0.08726391196250916,1.7417846498684992,45.0,78.0,1.0
0.8661213947481705,0.8866432384538455,0.23006244941296752,7.607381425639791,3.9437893108648927,0.08726391196250916,1.6314079199815863,46.0,78.0,1.0
0.8736122971818958,0.8199920646840079,0.2667486684346666,7.624130585661289,3.952006349022356,0.08726391196250916,1.8011618187747611,47.0,78.0,1.0
0.7749554367201426,0.6439931230654838,0.2980969753648464,7.461640392208575,3.8723440972155596,0.08726391196250916,2.0278444877445043,48.0,78.0,1.0
0.8923012200252419,0.8037329168550637,0.33637755494166616,7.660114319173928,3.9696639892211723,0.08726391196250916,1.514207247841105,49.0,78.0,1.0
0.8508415554265816,0.8469350324445293,0.2590595172877526,7.2909747781429814,3.788810977673842,0.08726391196250916,1.6661125567658854,50.0,78.0,1.0
0.8446899938612645,0.6094125047283567,0.26322134159406685,7.227662498728655,3.7578603974945866,0.08726391196250916,1.5578319513075625,51.0,78.0,1.0
0.8806818181818182,0.8419055857920179,0.22650476694070548,7.528869256642251,3.9052887356910446,0.08726391196250916,1.5465186120678291,52.0,78.0,1.0
0.8811428571428571,0.8742021877189197,0.2792743496747901,7.746732907753622,4.012191952510905,0.08726391196250916,1.598948231476039,53.0,78.0,1.0
0.8822525597269625,0.8344204186552754,0.2771916467553268,6.249975242259483,3.2830394951334,0.07519306242465973,1.5492650984689036,1.0,79.0,1.0
0.9050925925925926,0.6859001536438202,0.25201993704605047,5.971261839790462,3.148979129142304,0.07519306242465973,1.3470555246005826,2.0,79.0,1.0
0.9117647058823529,0.5094947009045054,0.30413882313582563,5.517452896464707,2.9322456199783513,0.07519306242465973,1.1661287043747803,3.0,79.0,1.0
0.9197707736389685,0.3696967976860233,0.204411212905385,5.7745515455444085,3.0547827031513104,0.07519306242465973,1.265786943294456,4.0,79.0,1.0
0.7687224669603524,0.7497738849404972,0.240114057794402,5.857933154483459,3.09466599198655,0.07519306242465973,1.7967711732133684,5.0,79.0,1.0
0.9186046511627907,0.3977971141832241,0.25954307739473154,5.472270673671475,2.910782940416834,0.07519306242465973,1.2202528214554664,6.0,79.0,1.0
0.9399293286219081,0.643005702714658,0.25062587620257876,5.58724865840025,2.9654435299704613,0.07519306242465973,1.1388263228607898,7.0,79.0,1.0
0.9015748031496063,0.5984989979944585,0.24046888567581526,5.438079308923196,2.894556062106034,0.07519306242465973,1.2586743348976446,8.0,79.0,1.0
0.8798076923076923,0.5389917911513152,0.2915285980771614,5.214935757608986,2.788980541848176,0.07519306242465973,1.3256379760263552,9.0,79.0,1.0
0.8983739837398373,0.8711167209986797,0.29674804723838905,6.093569770045136,3.2077264394885976,0.07519306242465973,1.46101968074518,10.0,79.0,1.0
0.9253731343283582,0.7104974211188056,0.2728767190041089,5.921578419643816,3.1251535097228054,0.07519306242465973,1.2527821983771912,11.0,79.0,1.0
0.9299191374663073,0.5320577556388371,0.23074795279208093,5.846438775057724,3.0891640000198266,0.07519306242465973,1.2051987005921048,12.0,79.0,1.0
0.9122257053291536,0.6574036440037971,0.22854191303402507,5.676753802268282,3.0080909221463434,0.07519306242465973,1.266037507174884,13.0,79.0,1.0
0.9610705596107056,0.8505433751462901,0.2786940054978179,5.981414211254481,3.153850460820174,0.07519306242465973,1.2086524116526065,14.0,79.0,1.0
0.8801369863013698,0.4946236085072807,0.30123987247343725,5.552959584921617,2.9491276624177987,0.07519306242465973,1.3225714906741046,15.0,79.0,1.0
0.9326424870466321,0.8419118950430727,0.2057243364953418,5.8888779583328805,3.109484502806863,0.07519306242465973,1.3596034924129796,16.0,79.0,1.0
0.84375,0.6592450279088734,0.25132912385082856,5.497168225293202,2.922607149012939,0.07519306242465973,1.4794253354897224,17.0,79.0,1.0
0.8939393939393939,0.6263833343313137,0.2530027566981405,5.181783550292085,2.773345212703961,0.07519306242465973,1.2176393099902616,18.0,79.0,1.0
0.9593301435406698,0.7103367895354268,0.2606518483393656,5.996452088619021,3.1610676795726267,0.07519306242465973,1.1548239091180226,19.0,79.0,1.0
0.8837209302325582,0.8029653352249542,0.3037432939195711,5.43372200355424,2.892489058363821,0.07519306242465973,1.293191125537993,20.0,79.0,1.0
0.9417040358744395,0.7028956562416279,0.25600184894914413,6.042632833682381,3.183244151510257,0.07519306242465973,1.2360504592000197,21.0,79.0,1.0
0.9142857142857143,0.592775672174455,0.25881464710568003,5.54907608489522,2.9472805524664683,0.07519306242465973,1.2247522254911438,22.0,79.0,1.0
0.913946587537092,0.7719474057304226,0.29139507285701827,5.733341276897746,3.0350959579035486,0.07519306242465973,1.2763086475220848,23.0,79.0,1.0
0.9032258064516129,0.7277314426552556,0.2916340671961696,5.733341276897746,3.0350959579035486,0.07519306242465973,1.315504589906921,24.0,79.0,1.0
0.9378378378378378,0.8470941278287937,0.29471020436803586,5.8522024797744745,3.091922743965858,0.07519306242465973,1.331022932336132,25.0,79.0,1.0
0.8773584905660378,0.7838781260926484,0.28104894792973617,5.921578419643816,3.1251535097228054,0.07519306242465973,1.5196384315291394,26.0,79.0,1.0
0.8296593186372746,0.7682516798890611,0.25951515205125747,6.028278520230698,3.1763490268282606,0.07519306242465973,1.7138654472082604,27.0,79.0,1.0
0.9222614840989399,0.6264342404368869,0.2540178343702059,5.568344503761097,2.9564467719424368,0.07519306242465973,1.1735890135068152,28.0,79.0,1.0
0.8876190476190476,0.8016936957456184,0.29242739810702156,6.1463292576688975,3.233108398772586,0.07519306242465973,1.4882727860943208,29.0,79.0,1.0
0.9404761904761905,0.7677914226304396,0.24544537755169837,6.163314804034641,3.2412849880539736,0.07519306242465973,1.3229391127668046,30.0,79.0,1.0
0.9093406593406593,0.7900738589759272,0.22207066147700716,5.805134968916488,3.0694036332450274,0.07519306242465973,1.3651808850308984,31.0,79.0,1.0
0.8601398601398601,0.8022855289637008,0.20893210640859644,5.91350300563827,3.121283105238069,0.07519306242465973,1.6055618514983383,32.0,79.0,1.0
0.8617886178861789,0.8298016759639746,0.2480686145155023,5.765191102784844,3.0503096117785278,0.07519306242465973,1.562252582245016,33.0,79.0,1.0
0.9087048832271762,0.7807646333784527,0.2233638220638204,6.061456918928017,3.1922890983518433,0.07519306242465973,1.381011528950368,34.0,79.0,1.0
0.9004237288135594,0.8126017176003306,0.27716034812589285,6.054439346269371,3.1889167998345416,0.07519306242465973,1.3829398139345679,35.0,79.0,1.0
0.9153846153846154,0.6644070736423796,0.2637165276448071,5.476463551931511,2.91277372451585,0.07519306242465973,1.2151257087602754,36.0,79.0,1.0
0.8809917355371901,0.8809118959335234,0.22196941308256982,6.280395838960195,3.297711255897661,0.07519306242465973,1.594882743391495,37.0,79.0,1.0
0.9267515923566879,0.6122941258516379,0.23789601939178392,5.676753802268282,3.0080909221463434,0.07519306242465973,1.2014843512678925,38.0,79.0,1.0
0.9096385542168675,0.7886989188078772,0.25827723866817254,5.713732805509369,3.025734630798558,0.07519306242465973,1.3016657729695436,39.0,79.0,1.0
0.8693586698337292,0.8209864307493155,0.24888517170309402,5.905361848054571,3.1173818047395194,0.07519306242465973,1.6240596120970097,40.0,79.0,1.0
0.9198717948717948,0.6902351047139456,0.3026205758907473,5.662960480135946,3.001513299195731,0.07519306242465973,1.3430788368236628,41.0,79.0,1.0
0.9123287671232877,0.6389661788254554,0.2808329024419832,5.8111409929767,3.0722759846910446,0.07519306242465973,1.2774135774649265,42.0,79.0,1.0
0.8273244781783681,0.9038352946562377,0.2819349696953974,6.07993319509559,3.201169945858288,0.07519306242465973,1.639235337160363,43.0,79.0,1.0
0.84375,0.8423050274535606,0.25902170272166763,6.07073772800249,3.1967496595577645,0.07519306242465973,1.6970429013727255,44.0,79.0,1.0
0.9,0.5666101585779232,0.26858576926242833,5.497168225293202,2.922607149012939,0.07519306242465973,1.3044197323587587,45.0,79.0,1.0
0.8218884120171673,0.7745497398258888,0.2504510402874438,5.950642552587727,3.139088428061438,0.07519306242465973,1.7563497115513649,46.0,79.0,1.0
0.8644578313253012,0.6019672032315946,0.2876025349361725,5.662960480135946,3.001513299195731,0.07519306242465973,1.4253719073979776,47.0,79.0,1.0
0.8017241379310345,0.5458471597777613,0.28254801453889233,5.634789603169249,2.9880855085731093,0.07519306242465973,1.6344073478376064,48.0,79.0,1.0
0.7546666666666667,0.6033299000078128,0.3281923990931454,5.648974238161206,2.9948456661727745,0.07519306242465973,1.796984029227979,49.0,79.0,1.0
0.907103825136612,0.8341810293690379,0.27861307616158915,5.808142489980444,3.0708419217261693,0.07519306242465973,1.3277189624200652,50.0,79.0,1.0
0.9504132231404959,0.7127147521459797,0.273740454243016,5.442417710521793,2.896614307878224,0.07519306242465973,1.109470615373944,51.0,79.0,1.0
0.8721311475409836,0.40662197577419523,0.2654596197291127,5.58724865840025,2.9654435299704613,0.07519306242465973,1.4048528024950444,52.0,79.0,1.0
0.9117647058823529,0.33091439618912916,0.2213087538743018,5.231108616854587,2.7966128250823066,0.07519306242465973,1.195905216487298,53.0,79.0,1.0
0.8630490956072352,0.880762191172804,0.226236789019708,5.814130531825066,3.0737058470444705,0.07519306242465973,1.4836325018284733,54.0,79.0,1.0
0.8761061946902655,0.7736741257599772,0.23609692158544632,5.983936280687191,3.155060750185239,0.07519306242465973,1.4077649307122444,55.0,79.0,1.0
0.8155339805825242,0.8834027587673184,0.24084581420846166,6.22455842927536,3.2707868084534972,0.07519306242465973,1.8245514881306966,56.0,79.0,1.0
0.924924924924925,0.7208464145447186,0.2975636170311986,5.733341276897746,3.0350959579035486,0.07519306242465973,1.2011614672959694,57.0,79.0,1.0
0.8622881355932204,0.7499086133909778,0.24889939787572682,6.0112671744041615,3.168179962863699,0.07519306242465973,1.57812431649274,58.0,79.0,1.0
0.9603174603174603,0.752184645671868,0.27156218764508905,5.493061443340548,2.9206563127707246,0.07519306242465973,1.1170625993870948,59.0,79.0,1.0
0.910377358490566,0.8507045919772198,0.20862857585036035,5.958424693029782,3.1428209247966743,0.07519306242465973,1.3540015834077737,60.0,79.0,1.0
0.9102167182662538,0.7370489471363204,0.25476576842837845,5.68697535633982,3.012966525513552,0.07519306242465973,1.3057510784824342,61.0,79.0,1.0
0.9068100358422939,0.7853853378923319,0.27332902371110057,5.537334267018537,2.9416967689887894,0.07519306242465973,1.2568551059188628,62.0,79.0,1.0
0.8449744463373083,0.8748890816143107,0.21654023054860796,6.208590026096629,3.263091628576238,0.07519306242465973,1.6607065976495985,63.0,79.0,1.0
0.8490230905861457,0.8938437533133616,0.21681394841849042,6.171700597410915,3.2453226809481306,0.07519306242465973,1.808461857107833,64.0,79.0,1.0
0.9272349272349273,0.7475321811721312,0.21532241614334952,6.102558594613569,3.212049166133297,0.07519306242465973,1.3103929991520333,65.0,79.0,1.0
0.85,0.8307224909350017,0.26522894358851634,6.202535517187923,3.2601745087280762,0.07519306242465973,1.6233376542545817,66.0,79.0,1.0
0.9136363636363637,0.5545923797202962,0.25828103673313557,5.308267697401205,2.8330683747600656,0.07519306242465973,1.2434135741988783,67.0,79.0,1.0
0.8758620689655172,0.8602690824200899,0.2670867050754707,6.2324480165505225,3.274589577583748,0.07519306242465973,1.5131935009190727,68.0,79.0,1.0
0.9213250517598344,0.7708025573808127,0.24435985518859799,6.100318952020064,3.210972056475935,0.07519306242465973,1.3282537851477696,69.0,79.0,1.0
0.8571428571428571,0.7738122380456434,0.2593017512320965,5.872117789475416,3.101457452879022,0.07519306242465973,1.5004270261995996,70.0,79.0,1.0
0.875,0.8748329041341517,0.2958878851424348,6.329720905522696,3.321516334310741,0.07519306242465973,1.5394439847734023,71.0,79.0,1.0
0.8442857142857143,0.8919308075340964,0.24476783830734986,6.3835066348840055,3.3474960049329185,0.07519306242465973,1.7683025699026773,72.0,79.0,1.0
0.7832512315270936,0.5390616111739914,0.2887725806097712,6.169610732491456,3.244316372307624,0.07884366810321808,2.4864744470915303,1.0,80.0,1.0
0.8535911602209945,0.3953456167283566,0.31147982879630837,5.736572297479192,3.0366388555496324,0.07884366810321808,1.4718109714536725,2.0,80.0,1.0
0.8302687411598303,0.816486668432982,0.2678916461570546,6.376726947898627,3.344220033059043,0.07884366810321808,2.2205213402987107,3.0,80.0,1.0
0.7320169252468265,0.5960913445677966,0.25873611816210357,6.253828811575473,3.2848976456499384,0.07884366810321808,2.9882641017378933,4.0,80.0,1.0
0.6774774774774774,0.7632248755982284,0.29388224094632,6.6240652277998935,3.463956549175465,0.07884366810321808,3.4241195756266545,5.0,80.0,1.0
0.7767584097859327,0.7670676961744153,0.3205520208963747,5.541263545158426,2.9435651603027786,0.07884366810321808,2.1463356293398475,6.0,80.0,1.0
0.676416819012797,0.7605386701893972,0.3389793578390853,5.916202062607435,3.122576648603987,0.07884366810321808,2.6573035887368768,7.0,80.0,1.0
0.8278260869565217,0.6631200050896461,0.2730118105723914,6.1675164908883415,3.2433079930090707,0.07884366810321808,1.8727850648055118,8.0,80.0,1.0
0.7657894736842106,0.7265454785916853,0.2907763337658408,5.676753802268282,3.0080909221463434,0.07884366810321808,1.9111233184652556,9.0,80.0,1.0
0.6986970684039088,0.6084065222745493,0.31338645775748036,6.063785208687608,3.19340805480027,0.07884366810321808,2.8625536085493675,10.0,80.0,1.0
0.7923497267759563,0.7519005177913178,0.36494134377742943,5.673323267171493,3.0064548212072264,0.07884366810321808,1.8270521797975405,11.0,80.0,1.0
0.7300319488817891,0.7045345754006309,0.32520922629467175,6.126869184114185,3.2237436162807276,0.07884366810321808,2.570445726391119,12.0,80.0,1.0
0.7713625866050808,0.5201924922058,0.36666538285085665,5.814130531825066,3.0737058470444705,0.07884366810321808,2.1243721411503587,13.0,80.0,1.0
0.8463611859838275,0.4294005752189027,0.2770120398751439,5.752572638825633,3.044280969691109,0.07884366810321808,1.7857064360921422,14.0,80.0,1.0
0.782608695652174,0.7507418267744458,0.2619194666688893,5.983936280687191,3.155060750185239,0.07884366810321808,2.0701672025234785,15.0,80.0,1.0
0.6386701662292213,0.7058127943189081,0.32878014123990046,6.594413459749778,3.449578772169341,0.07884366810321808,2.8169667028840366,16.0,80.0,1.0
0.7428571428571429,0.619346005455273,0.2549507377081987,5.82600010738045,3.0793837807874476,0.07884366810321808,2.369733893220187,17.0,80.0,1.0
0.727164887307236,0.4583449161371537,0.35685512997130237,6.419994928147142,3.365133343625764,0.07884366810321808,2.861512167344732,18.0,80.0,1.0
0.7701421800947867,0.5142175066183293,0.28815280909855084,5.786897381366708,3.06068374343092,0.07884366810321808,1.997705141951926,19.0,80.0,1.0
0.7716049382716049,0.6220272050847439,0.2665108683327673,5.929589143389895,3.128993506456731,0.07884366810321808,2.080349152973106,20.0,80.0,1.0
0.7957860615883307,0.7141272245867482,0.3287936986159092,6.198478716492308,3.2582200735808287,0.07884366810321808,2.4581478910048795,21.0,80.0,1.0
0.7936772046589018,0.6422206094281097,0.33173623209506775,6.169610732491456,3.244316372307624,0.07884366810321808,2.9623590942400884,22.0,80.0,1.0
0.7822120866590649,0.678353998937906,0.2985648811026465,6.532334292222349,3.419497499040171,0.07884366810321808,2.50852633293521,23.0,80.0,1.0
0.7444852941176471,0.5406395802803131,0.3136495746608208,6.0063531596017325,3.1658206718738926,0.07884366810321808,2.4426721170998142,24.0,80.0,1.0
0.7390476190476191,0.7559829950065265,0.27917126488548144,5.963579343618446,3.1452935205900445,0.07884366810321808,2.916825141950302,25.0,80.0,1.0
0.7993254637436762,0.6250034727824864,0.32614548861308795,6.163314804034641,3.2412849880539736,0.07884366810321808,2.239529417557909,26.0,80.0,1.0
0.7460629921259843,0.4898652645626722,0.3076614103771547,5.940171252720432,3.1340670235501786,0.07884366810321808,2.1733785552353577,27.0,80.0,1.0
0.8160535117056856,0.8048855975419522,0.36402446201782857,5.501258210544727,2.9245501886414424,0.07884366810321808,1.687931295971723,28.0,80.0,1.0
0.8247126436781609,0.5775439154603744,0.3266647106897435,5.662960480135946,3.001513299195731,0.07884366810321808,1.709799861708685,29.0,80.0,1.0
0.8002832861189801,0.7073614499227594,0.32159848947760167,6.338594078203183,3.325800714356344,0.07884366810321808,2.431713393138174,30.0,80.0,1.0
0.7450549450549451,0.5326849369808807,0.3127217458846184,5.8289456176102075,3.080793006039081,0.07884366810321808,2.140790714843753,31.0,80.0,1.0
0.7949526813880127,0.6576425300356639,0.3076675713855228,5.53338948872752,2.9398211737233946,0.07884366810321808,1.7038929376729066,32.0,80.0,1.0
0.7771883289124668,0.4437445612272397,0.32413618760544005,5.683579767338681,3.0113467377374623,0.07884366810321808,2.0431556565768543,33.0,80.0,1.0
0.7862232779097387,0.6806808815199309,0.3346246331195545,5.805134968916488,3.0694036332450274,0.07884366810321808,2.0385601249847225,34.0,80.0,1.0
0.8251028806584362,0.5779521476250215,0.3106995833741631,5.996452088619021,3.1610676795726267,0.07884366810321808,1.8996962235686876,35.0,80.0,1.0
0.8502994011976048,0.23260455112803283,0.32756860912853664,5.652489180268651,2.996521148598113,0.07884366810321808,1.6766884937701643,36.0,80.0,1.0
0.7481296758104738,0.23392324581099264,0.3434280498553199,6.398594934535208,3.3547879997000694,0.07884366810321808,2.8225639961538724,37.0,80.0,1.0
0.891213389121339,0.8431330375331069,0.26707256308515903,6.056784013228625,3.190043482747458,0.07884366810321808,1.5390790505381435,38.0,80.0,1.0
0.7448979591836735,0.537228301715249,0.31193648988776257,5.902633333401366,3.116074419362811,0.07884366810321808,2.062147211801916,39.0,80.0,1.0
0.7952941176470588,0.4522036007029607,0.29641415506486807,5.82600010738045,3.0793837807874476,0.07884366810321808,1.9858345099515333,40.0,80.0,1.0
0.8212058212058212,0.7331682428156046,0.3112940208468425,5.981414211254481,3.153850460820174,0.07884366810321808,1.8826427653335434,41.0,80.0,1.0
0.861764705882353,0.5109097038314284,0.30970134669622645,5.683579767338681,3.0113467377374623,0.07884366810321808,1.6498933092128412,42.0,80.0,1.0
0.75,0.4712577700204734,0.27876969570761984,6.253828811575473,3.2848976456499384,0.07884366810321808,2.540106553418513,43.0,80.0,1.0
0.7493975903614458,0.4585400635967916,0.3064090018340611,5.7430031878094825,3.0397100845444807,0.07884366810321808,2.0652623691721703,44.0,80.0,1.0
0.7420212765957447,0.36737602490491,0.3504888097081705,6.326149473155099,3.3197920555363356,0.07884366810321808,2.697791155224729,45.0,80.0,1.0
0.7597955706984668,0.5542710054612567,0.3338336210738577,6.102558594613569,3.212049166133297,0.07884366810321808,2.88481241004317,46.0,80.0,1.0
0.7065972222222222,0.6540141244897419,0.32571929669178606,6.0112671744041615,3.168179962863699,0.07884366810321808,2.420101087742508,47.0,80.0,1.0
0.7714285714285715,0.6727682004327803,0.316838552003489,5.937536205082426,3.1328035721870147,0.07884366810321808,2.5624376587080953,48.0,80.0,1.0
0.808641975308642,0.5113856152120291,0.3219772194879057,5.976350909297934,3.1514208600279643,0.07884366810321808,2.197848189354022,49.0,80.0,1.0
0.7546699875466999,0.6861265357946152,0.27129580469733405,6.408528791059498,3.3595898648144136,0.07884366810321808,2.8039219232043884,50.0,80.0,1.0
0.6952380952380952,0.8699982297343909,0.23137356527214484,5.902633333401366,3.116074419362811,0.07884366810321808,2.442316961225818,51.0,80.0,1.0
0.8561484918793504,0.7160424605498011,0.30152683173245803,5.91350300563827,3.121283105238069,0.07884366810321808,1.435894667049558,52.0,80.0,1.0
0.6788235294117647,0.778848503323663,0.26153443490109834,6.359573868672378,3.3359331827196006,0.07884366810321808,3.3555792645486497,53.0,80.0,1.0
0.7941176470588235,0.6875941082429196,0.23371672362010937,6.0063531596017325,3.1658206718738926,0.07884366810321808,1.8258364616976335,54.0,80.0,1.0
0.7867647058823529,0.5593422552286783,0.3428536804932444,5.3706380281276624,2.8625873288802732,0.07884366810321808,1.8190372646467985,55.0,80.0,1.0
0.720226843100189,0.5254307098155026,0.24083138221482311,5.945420608606575,3.1365841725049277,0.07884366810321808,2.596541226838385,56.0,80.0,1.0
0.8378378378378378,0.8550224928075528,0.4390660814680592,5.231108616854587,2.7966128250823066,0.07884366810321808,1.4949916281542723,57.0,80.0,1.0
0.7474874371859297,0.7799461233618341,0.31542335954389455,6.39024066706535,3.350750266349798,0.07884366810321808,2.878701401224173,58.0,80.0,1.0
0.8126582278481013,0.5294921160274285,0.3288327083273233,5.7745515455444085,3.0547827031513104,0.07884366810321808,1.6884036905160433,59.0,80.0,1.0
0.7789661319073083,0.6146496895744687,0.256402350358721,6.082218910376446,3.202268809820244,0.07884366810321808,2.206740534214299,60.0,80.0,1.0
0.8679817905918058,0.796219020681833,0.30880040426379884,6.35088571671474,3.3317367077163884,0.07884366810321808,1.9048305471892364,61.0,80.0,1.0
0.7077922077922078,0.6286301233998461,0.26640435156211234,6.07993319509559,3.201169945858288,0.07884366810321808,2.601897927427734,62.0,80.0,1.0
0.6908163265306122,0.8597909365314158,0.3227312281882332,6.519147287940395,3.4131111278055855,0.07884366810321808,2.644138057073159,63.0,80.0,1.0
0.7332490518331226,0.6825384914266954,0.3412768647769173,6.364750756851911,3.3384339569133052,0.07884366810321808,2.8443504682479213,64.0,80.0,1.0
0.8240343347639485,0.6012433530983349,0.33554916970229653,5.953243334287785,3.1403357621918144,0.07884366810321808,2.1535638870872207,65.0,80.0,1.0
0.6608260325406758,0.7599963767304874,0.3340771077005135,6.270988431858299,3.2931732943527003,0.07884366810321808,2.7910372317264485,66.0,80.0,1.0
0.86810551558753,0.6382666812041986,0.28877085890035836,5.8944028342648505,3.1121311440517316,0.07884366810321808,1.6643390286461437,67.0,80.0,1.0
0.8244274809160306,0.6444505162623072,0.31682351493882804,6.07073772800249,3.1967496595577645,0.07884366810321808,1.9731763233791386,68.0,80.0,1.0
0.71939736346516,0.7710730499124191,0.3523887087565537,6.639875833826536,3.4716254223328975,0.07884366810321808,2.682093166316118,69.0,80.0,1.0
0.7359855334538878,0.5051318360299376,0.3689076591244428,6.0112671744041615,3.168179962863699,0.07884366810321808,2.672462319652494,70.0,80.0,1.0
0.7472756781822397,0.5956830398483104,0.32923791095805216,8.07837810362652,4.175306016360827,0.07766328752040863,2.9218959768467427,1.0,81.0,1.0
0.7715565509518477,0.39351925314736297,0.34916701024603075,7.921898411023797,4.098290426957088,0.07766328752040863,2.344260109241925,2.0,81.0,1.0
0.7431927389215163,0.8286742737978523,0.36924909379709764,8.337348564497175,4.302957633669579,0.07766328752040863,3.6924258598111965,3.0,81.0,1.0
0.7723859041016753,0.791413357495578,0.334346796884337,7.891704659330107,4.0834405766382345,0.07766328752040863,2.474397757267265,4.0,81.0,1.0
0.9491032476975279,0.7463535307354262,0.32126236399287583,8.27308133366583,4.2712578633199705,0.07766328752040863,1.2672552317782784,5.0,81.0,1.0
0.8124332977588047,0.6527678519992948,0.38480179488991517,8.021584533455107,4.147342939556358,0.07766328752040863,3.060437698844196,6.0,81.0,1.0
0.82368165642187,0.50679824024899,0.2539250506049907,7.842671474979457,4.059332857283581,0.07766328752040863,2.509974375445151,7.0,81.0,1.0
0.6393666393666394,0.8180989734112026,0.3402531588023982,9.145161645951188,4.7024243565425925,0.07766328752040863,6.526901815230833,8.0,81.0,1.0
0.7430865298840321,0.6601887364547885,0.315355054394097,7.824046010856292,4.050177977918545,0.07766328752040863,2.7118398355559825,9.0,81.0,1.0
0.7243863393810032,0.4394310494129878,0.2951246827370834,7.906915488678587,4.090921098077316,0.07766328752040863,2.7999938679143725,10.0,81.0,1.0
0.7377531025473547,0.8435300930266847,0.387697566055994,7.723120092266331,4.000595338615388,0.07766328752040863,2.4167075633577473,11.0,81.0,1.0
0.7229569345540862,0.6234547191572398,0.3267504828543128,7.665284718471351,3.9722016355443173,0.07766328752040863,2.6539454179858892,12.0,81.0,1.0
0.9359912216532553,0.832993857889898,0.2708024551795267,7.847762537473608,4.061835486326125,0.07766328752040863,1.4341531556377287,13.0,81.0,1.0
0.7458117890382626,0.741259675800763,0.3619157513953106,8.19063168090354,4.2306097530923985,0.07766328752040863,3.7079538090430004,14.0,81.0,1.0
0.7769627818527574,0.6067384740406659,0.31533000202857164,7.95892649305011,4.116506384418954,0.07766328752040863,2.5215213254288797,15.0,81.0,1.0
0.7776806526806527,0.6242879054804625,0.4154440200210099,7.8898337513942955,4.082520547497821,0.07766328752040863,2.817796533867021,16.0,81.0,1.0
0.8564552661381654,0.6916241099899593,0.3498717499571755,8.0149968943483,4.144100199699977,0.07766328752040863,2.675913355598778,17.0,81.0,1.0
0.8064597527125915,0.6989081026522073,0.28163624458814535,8.069968149059841,4.1711645156503465,0.07766328752040863,2.9649572761408183,18.0,81.0,1.0
0.8400420941857406,0.6749138830792979,0.33757523949509727,8.069029328774958,4.170702207513903,0.07766328752040863,2.6959031880178697,19.0,81.0,1.0
0.8437609227542817,0.6845926576649985,0.2850721359134652,7.789454566086673,4.033179191368123,0.07766328752040863,2.598361320683757,20.0,81.0,1.0
0.761132409318785,0.640475804444625,0.3852559419243955,7.856319571406588,4.066042129338138,0.07766328752040863,3.066688563494332,21.0,81.0,1.0
0.7564541213063763,0.7619645378816958,0.332767569134068,7.796880342783522,4.036827920221689,0.07766328752040863,2.665627721653498,22.0,81.0,1.0
0.793022650351471,0.7092151236473969,0.3277458493563909,8.021912778985708,4.147504521386368,0.07766328752040863,3.0793609502008596,23.0,81.0,1.0
0.8153495440729484,0.6294006554871838,0.32721364496050703,7.671826797878781,3.975412674558418,0.07766328752040863,2.2837407830402894,24.0,81.0,1.0
0.9383294301327089,0.7451722389536334,0.3746239457087354,8.19063168090354,4.2306097530923985,0.07766328752040863,1.3219590664636909,25.0,81.0,1.0
0.8128213918409325,0.6341275351727567,0.368607566558507,7.771488760117616,4.024352463189283,0.07766328752040863,1.8588444526009638,26.0,81.0,1.0
0.5808333333333333,0.5554659853520925,0.3441221536038092,9.319463798994537,4.788826346194557,0.07766328752040863,7.933808074844338,27.0,81.0,1.0
0.8272676371780515,0.763749981111058,0.2993716485687675,7.991592282068092,4.132580686453378,0.07766328752040863,3.1842606949240486,28.0,81.0,1.0
0.7277363672028246,0.6321312813898727,0.3073402295338686,8.219056661060598,4.244620814511822,0.07766328752040863,3.1099753523365434,29.0,81.0,1.0
0.7144008597528211,0.8143551169674672,0.28911130489098064,7.886081401775745,4.0806753510226494,0.07766328752040863,2.8194712382292235,30.0,81.0,1.0
0.7303461228870405,0.6954943661230639,0.3990836348569469,7.909489492673759,4.092187055612179,0.07766328752040863,2.6571721571481133,31.0,81.0,1.0
0.8199558173784978,0.6335516889045228,0.34477140052223565,7.708859601047175,3.993592947728641,0.07766328752040863,2.1507993514269845,32.0,81.0,1.0
0.81664265129683,0.7618832568532294,0.3308973213449774,7.7266536648476425,4.0023305788390715,0.07766328752040863,2.2096358376973035,33.0,81.0,1.0
0.7499581589958159,0.794354315161645,0.4238259722899653,8.407824654360873,4.337735194132482,0.07766328752040863,3.109958558922472,34.0,81.0,1.0
0.7543614794138171,0.6695339655164494,0.3690633301137865,8.084562415235304,4.178351658289145,0.07766328752040863,3.248498015991615,35.0,81.0,1.0
0.8162570888468809,0.8541817089977888,0.3206677823183894,7.67786350067821,3.9783758266536653,0.07766328752040863,1.8658770896434327,36.0,81.0,1.0
0.8284904323175053,0.6362655979079648,0.32611225514072717,8.162801353492073,4.2168945032723855,0.07766328752040863,2.6269395845424643,37.0,81.0,1.0
0.7967013266403729,0.3145400940247147,0.29458188928316675,7.706612913964197,3.992489826940286,0.07766328752040863,2.2922911828881114,38.0,81.0,1.0
0.5835386890093642,0.9001636735849903,0.36414442310265016,8.686260632531775,4.475280458274979,0.07766328752040863,4.811764231313598,39.0,81.0,1.0
0.7267675208397654,0.6235672818413416,0.4085358740322229,7.764296006450518,4.020818990254246,0.07766328752040863,2.4362006877086317,40.0,81.0,1.0
0.8864468864468864,0.8193967062677602,0.29006797009298524,7.974188669286011,4.124016146241972,0.07766328752040863,1.679682597073295,41.0,81.0,1.0
0.644782034346103,0.6705756395756849,0.40185032168034457,8.493310250952906,4.379940156819541,0.07766328752040863,4.793605020068993,42.0,81.0,1.0
0.7761998041136141,0.8785640258090937,0.4209238993307738,8.467162257810672,4.367028308733323,0.07766328752040863,3.8385167677821133,43.0,81.0,1.0
0.7932036015103108,0.6251682348765196,0.39023359598302143,7.912789220690681,4.093809979869669,0.07766328752040863,2.6783408993636786,44.0,81.0,1.0
0.8399532710280374,0.8226015189168944,0.37813386732746623,7.964503363551548,4.119250383109178,0.12295421212911606,1.8580628172601878,1.0,82.0,1.0
0.8270358306188925,0.437480731019198,0.39644723207411275,7.8399193600125825,4.057980035480613,0.12295421212911606,2.3313602642121056,2.0,82.0,1.0
0.8116498081618416,0.6747502807516845,0.3464546330593968,7.752764808851328,4.0151546906389255,0.12295421212911606,2.0175714113442798,3.0,82.0,1.0
0.840669014084507,0.7692152578719194,0.32860466864032,7.555381944240273,3.9182867809596,0.12295421212911606,1.8131249552800708,4.0,82.0,1.0
0.9470426409903714,0.29801464766033553,0.2826026093106052,7.9211727215870145,4.097933477393337,0.12295421212911606,1.267475733022634,5.0,82.0,1.0
0.8114048114048114,0.7094386142777683,0.42890024453501435,7.913155185928068,4.093989977294695,0.12295421212911606,1.9171578641977207,6.0,82.0,1.0
0.7896215501569989,0.6703355150151693,0.315185304684346,8.471986598578159,4.369410407429243,0.12295421212911606,2.771750778341493,7.0,82.0,1.0
0.8453716690042076,0.5719872380819635,0.3636881804408565,7.788211557847076,4.032568449314293,0.12295421212911606,1.7396577354487086,8.0,82.0,1.0
0.8510061919504643,0.516311421167251,0.37826796220450437,7.696212639346407,3.9873835878925745,0.12295421212911606,1.9090440879306612,9.0,82.0,1.0
0.863278453829635,0.5856486735102024,0.3905090373739919,7.7886260656250315,4.032772113648368,0.12295421212911606,1.6334678983602005,10.0,82.0,1.0
0.8254588051542366,0.6413693071762248,0.39661619582107194,7.656810091480378,3.968042326740295,0.12295421212911606,1.8230186853778911,11.0,82.0,1.0
0.818486096807415,0.7102971416053296,0.3645500991890064,8.064636475774222,4.1685390549073515,0.12295421212911606,2.105314574004638,12.0,82.0,1.0
0.8622238861849495,0.602409488074753,0.3418493250604439,7.742402021815781,4.010064810857656,0.12295421212911606,2.079822038917887,13.0,82.0,1.0
0.9350415012630819,0.5967766881397847,0.33014742556099885,7.860185057472165,4.067942501327482,0.12295421212911606,1.2931840299115336,14.0,82.0,1.0
0.8280980324473594,0.6883370955098034,0.36121535105450636,7.783224016336037,4.030117925668049,0.12295421212911606,1.7372903243046869,15.0,82.0,1.0
0.8514034122179417,0.2879514066023412,0.35039525487267026,8.037543185118697,4.1551991941567366,0.12295421212911606,2.034909628219916,16.0,82.0,1.0
0.8396911898274296,0.6073231731381673,0.34071514183057816,7.52294091807237,3.9023827710292647,0.12295421212911606,1.6735906812512158,17.0,82.0,1.0
0.8398637137989778,0.7993218329845502,0.33162448326717037,7.587310506022615,3.9339443048226097,0.12295421212911606,1.6621703859819432,18.0,82.0,1.0
0.8782722513089005,0.5240659065028875,0.2949959118918121,7.607878073278507,3.9440329450813603,0.12295421212911606,1.4851101657771755,19.0,82.0,1.0
0.896590066716086,0.6108317991902132,0.37545358921381244,7.791522819150732,4.034195425010224,0.12295421212911606,1.3930540360059103,20.0,82.0,1.0
0.8216258879242304,0.7948902458958566,0.3838300064346869,7.641564441260972,3.960560628492638,0.12295421212911606,1.9711800434295048,21.0,82.0,1.0
0.7740561187013368,0.7787681757495166,0.28590377931687494,8.569785641535407,4.417715264786583,0.12295421212911606,2.9420683857881103,22.0,82.0,1.0
0.7865976416450964,0.5528641539783712,0.35290051160199337,7.914252278742441,4.094529577817114,0.12295421212911606,2.3857671536852227,23.0,82.0,1.0
0.7966030906306557,0.6689368099505933,0.3402609385018694,8.652248422409102,4.458466750886879,0.12295421212911606,2.5965191204639426,24.0,82.0,1.0
0.8715203426124197,0.6390933258039949,0.3628978225179997,7.8009820712577405,4.038843442944571,0.12295421212911606,1.6325081661585892,25.0,82.0,1.0
0.8256182625237793,0.6393048917070745,0.35682318332885876,7.865187954187467,4.070402142662933,0.12295421212911606,1.8218868068550844,26.0,82.0,1.0
0.7582067613914748,0.6927818309221109,0.3547842650851718,8.037866234709618,4.155358237392912,0.12295421212911606,2.36491095626293,27.0,82.0,1.0
0.8615509541209907,0.5985095589969572,0.39214263844313163,7.660585461703256,3.969895222411117,0.12295421212911606,2.07091280269465,28.0,82.0,1.0
0.7746812926178476,0.5036103482434076,0.34399070673145443,7.868636894184167,4.072097849824208,0.12295421212911606,2.3373565175715565,29.0,82.0,1.0
0.8490351872871736,0.47686167694281795,0.3201305161776533,7.716460800176355,3.997325288877896,0.12295421212911606,1.7427101911687128,30.0,82.0,1.0
0.8427869584635999,0.39640450967679175,0.3432454239559186,8.236155661683124,4.253050472522992,0.12295421212911606,2.2296282721865035,31.0,82.0,1.0
0.8799228862572294,0.5434718643431014,0.34798380446301386,8.069655306886165,4.1710104608008844,0.12295421212911606,1.9787986182016901,32.0,82.0,1.0
0.7837532907107936,0.5937143998136193,0.3443514672956987,8.335431477880796,4.302011837490127,0.12295421212911606,2.5202467978759904,33.0,82.0,1.0
0.8688471502590673,0.1899408261762178,0.36646324439668726,7.895063498091573,4.0850923386222435,0.12295421212911606,1.793787003701122,34.0,82.0,1.0
0.7704029800203184,0.8275170306660495,0.3329635856680416,7.730174795246222,4.004059762110183,0.12295421212911606,2.2647295879733957,35.0,82.0,1.0
0.7592540265611755,0.43787454239573675,0.31787818699321485,7.89655270164304,4.0858246922565336,0.12295421212911606,2.307584150111595,36.0,82.0,1.0
0.8487196765498652,0.579511269216395,0.3403613326952214,7.832014180505469,4.054094358924495,0.12295421212911606,2.035952547223163,37.0,82.0,1.0
0.8509316770186336,0.7377124612707352,0.3384644409440662,7.693025748417888,3.9858190087685976,0.12295421212911606,1.5887522199218216,38.0,82.0,1.0
0.681719764924219,0.880462918695173,0.3624847905995162,7.6984827878809465,3.988498126359494,0.12295421212911606,4.231749406617214,39.0,82.0,1.0
0.8321988754069252,0.7189414337571469,0.3749630433355806,7.9420068084898565,4.108182090391773,0.12295421212911606,1.6709725419071715,40.0,82.0,1.0
0.951249614316569,0.22749646302028978,0.32357886001107655,8.03398273468322,4.153446344742987,0.12295421212911606,1.2511782205016524,41.0,82.0,1.0
0.7907938257993384,0.6948082828051808,0.3849532599367088,7.962067308753666,4.1180517515501105,0.12295421212911606,2.215966087814002,42.0,82.0,1.0
0.7907967618236046,0.6458886798409403,0.32639610383454704,7.526717561352706,3.904233994446612,0.12295421212911606,1.9747529606070031,43.0,82.0,1.0
0.7872727272727272,0.5767002159941506,0.21044681833076162,6.073044534100405,3.1978584782637562,0.07745783030986786,1.880490683673118,1.0,83.0,1.0
0.7725694444444444,0.5217062372356411,0.25368963856547955,6.100318952020064,3.210972056475935,0.07745783030986786,2.0890411977972283,2.0,83.0,1.0
0.7840290381125227,0.6163196622026689,0.26714213603565456,6.07073772800249,3.1967496595577645,0.07745783030986786,1.8976532689798555,3.0,83.0,1.0
0.8157453936348409,0.8137007480448291,0.21128333148345918,6.1903154058531475,3.254287669250494,0.07745783030986786,1.9801757976419896,4.0,83.0,1.0
0.8258620689655173,0.8199787913451062,0.21697452184682275,6.173786103901937,3.2463269274599886,0.07745783030986786,1.7594787583901137,5.0,83.0,1.0
0.7695035460992907,0.6053105327252287,0.21858770435932337,6.075346031088684,3.1989647913230304,0.07745783030986786,1.8529559284366433,6.0,83.0,1.0
0.8195991091314031,0.7073086336380008,0.21935651830835542,5.910796644040527,3.1199861290795745,0.07745783030986786,1.7911892679676737,7.0,83.0,1.0
0.849609375,0.7349882153809318,0.2676874874123461,6.077642243349034,3.2000686100941182,0.07745783030986786,1.5105756736095082,8.0,83.0,1.0
0.8111782477341389,0.7956847101814077,0.22702638624305374,6.2878585601617845,3.301311641968339,0.07745783030986786,1.7823130780551142,9.0,83.0,1.0
0.8651252408477842,0.7965285756419985,0.24046778212690534,6.1092475827643655,3.2152663537569754,0.07745783030986786,1.5999355277144194,10.0,83.0,1.0
0.8260188087774295,0.8550867310688148,0.23027993120911205,6.269096283706261,3.2922606426771264,0.07745783030986786,1.8104549693272565,11.0,83.0,1.0
0.8063872255489022,0.658404793890413,0.22767799125954288,6.003887067106539,3.1646367460432785,0.07745783030986786,1.7382822242646074,12.0,83.0,1.0
0.7734724292101341,0.8160337664858078,0.2246588613904337,6.253828811575473,3.2848976456499384,0.07745783030986786,2.316376477092666,13.0,83.0,1.0
0.763046544428773,0.8534776660662309,0.26883135214514575,6.295266001439646,3.3048857990963882,0.07745783030986786,2.347349112177363,14.0,83.0,1.0
0.8398268398268398,0.8105655510815146,0.1736057893805846,5.963579343618446,3.1452935205900445,0.07745783030986786,1.4690722434928052,15.0,83.0,1.0
0.8151815181518152,0.7810189842335331,0.26148884729817445,6.20455776256869,3.2611488119915713,0.07745783030986786,1.7928638683656797,16.0,83.0,1.0
0.8436018957345972,0.8553877351714767,0.23230616021397135,6.282266746896006,3.298613832542201,0.07745783030986786,1.6847172734855105,17.0,83.0,1.0
0.8430493273542601,0.49663315680793507,0.24141353723582126,5.932245187448011,3.1302668308155708,0.07745783030986786,1.4998885624255274,18.0,83.0,1.0
0.7868525896414342,0.4929498805136318,0.27957237686269193,5.981414211254481,3.153850460820174,0.07745783030986786,1.7963045446689108,19.0,83.0,1.0
0.8461538461538461,0.8267315942978728,0.18682550486293095,6.2285110035911835,3.2726918794891433,0.07745783030986786,1.6655935281993373,20.0,83.0,1.0
0.8,0.7608572641231577,0.236420913288403,5.993961427306569,3.159872180588705,0.07745783030986786,1.6780301609090456,21.0,83.0,1.0
0.8289241622574955,0.7331768199071547,0.22519174467820732,6.154858094016418,3.237213748997611,0.07745783030986786,1.6598530475849254,22.0,83.0,1.0
0.8326086956521739,0.49470698475678065,0.1860362740625367,5.950642552587727,3.139088428061438,0.07745783030986786,1.6372666826409026,23.0,83.0,1.0
0.8382513661202186,0.930281796106024,0.20645780065256444,6.643789733147672,3.4735241112040596,0.07745783030986786,1.9419496684832638,24.0,83.0,1.0
0.8856502242152466,0.7423517095808255,0.2446230629236204,5.981414211254481,3.153850460820174,0.07745783030986786,1.455980245335077,25.0,83.0,1.0
0.8217391304347826,0.7029619678898685,0.22429434941994586,5.937536205082426,3.1328035721870147,0.07745783030986786,1.5850138178466928,26.0,83.0,1.0
0.8333333333333334,0.6247663818523103,0.2572313324317127,6.042632833682381,3.183244151510257,0.07745783030986786,1.6893816551052852,27.0,83.0,1.0
0.8869731800766284,0.783162752100354,0.19965227256251503,6.139884552226255,3.23000665263668,0.07745783030986786,1.5403703858901756,28.0,83.0,1.0
0.8183716075156576,0.5261978300953517,0.235993818653061,5.973809611869261,3.150201518454589,0.07745783030986786,1.7122756743969856,29.0,83.0,1.0
0.860236220472441,0.7043030694370763,0.2654452916289762,6.082218910376446,3.202268809820244,0.07745783030986786,1.5637887981691558,30.0,83.0,1.0
0.8906882591093117,0.7608716087796994,0.2449093744491077,6.089044875446846,3.2055506818059016,0.07745783030986786,1.432967908192773,31.0,83.0,1.0
0.91415313225058,0.7843419401944739,0.2241557997201438,5.978885764901122,3.1526371691065775,0.07745783030986786,1.3097125954234452,32.0,83.0,1.0
0.8731808731808732,0.7805047600596428,0.2401580277365498,6.042632833682381,3.183244151510257,0.07745783030986786,1.4378175442879948,33.0,83.0,1.0
0.8409090909090909,0.765406796543618,0.24358741417357796,6.09807428216624,3.2098925725250473,0.07745783030986786,1.6379649146074855,34.0,83.0,1.0
0.878839590443686,0.7697642294535403,0.2104551378257372,6.246106765481563,3.2811742778131374,0.07745783030986786,1.5402721015370626,35.0,83.0,1.0
0.8426791277258567,0.7799113460822653,0.21750356774968468,6.295266001439646,3.3048857990963882,0.07745783030986786,1.6371067485631159,36.0,83.0,1.0
0.8738049713193117,0.8509882201368256,0.2522151015376873,6.126869184114185,3.2237436162807276,0.07745783030986786,1.525481290852113,37.0,83.0,1.0
0.8253424657534246,0.8076090916264806,0.21402997891737424,6.180016653652572,3.2493273787293653,0.07745783030986786,1.7204900629840787,38.0,83.0,1.0
0.7296875,0.41966734770311387,0.2424453229584547,6.148468295917647,3.2341379656877605,0.07745783030986786,2.1091673291460404,39.0,83.0,1.0
0.8427876823338736,0.8737527361713265,0.23152550213136475,6.255750041753367,3.285824087631947,0.07745783030986786,1.8071679410847241,40.0,83.0,1.0
0.7539936102236422,0.7498135874246858,0.29293100509304637,6.159095388491933,3.239253596776368,0.07745783030986786,2.2356750232205322,41.0,83.0,1.0
0.8426966292134831,0.7681827060459583,0.27121998536538616,6.111467339502679,3.2163340703086214,0.07745783030986786,1.5572536704156872,42.0,83.0,1.0
0.9017857142857143,0.6572102459482145,0.23075630292979163,6.003887067106539,3.1646367460432785,0.07745783030986786,1.3069328316867737,43.0,83.0,1.0
0.906183368869936,0.7994229783725338,0.2523449110024348,6.054439346269371,3.1889167998345416,0.07745783030986786,1.3829398139345677,44.0,83.0,1.0
0.9102803738317757,0.8063026298915839,0.24807132301857635,6.1903154058531475,3.254287669250494,0.07745783030986786,1.3218367150263062,45.0,83.0,1.0
0.8893129770992366,0.8519417130401237,0.2393950140401243,6.1463292576688975,3.233108398772586,0.07745783030986786,1.5304538383415265,46.0,83.0,1.0
0.8169556840077071,0.7060173548685921,0.2503812261854701,6.052089168924417,3.187787517538405,0.07745783030986786,1.9058246521313185,47.0,83.0,1.0
0.9034941763727121,0.856145753670334,0.27732547790377243,6.298949246855942,3.306663161251125,0.07745783030986786,1.4579077307119295,48.0,83.0,1.0
0.8435374149659864,0.6971413104702942,0.2606354541512285,6.208590026096629,3.263091628576238,0.07745783030986786,1.6370278270847518,49.0,83.0,1.0
0.860655737704918,0.7882140763120717,0.2630133221473135,6.042632833682381,3.183244151510257,0.07745783030986786,1.659868928379561,50.0,83.0,1.0
0.8373287671232876,0.8187845178770181,0.24161272010145077,6.194405391104672,3.2562578148232486,0.07745783030986786,1.6221679596964977,51.0,83.0,1.0
0.912485414235706,0.9035494513149429,0.24330489355947832,6.663132695990803,3.4829092090820253,0.07745783030986786,1.5913926026806462,52.0,83.0,1.0
0.8968421052631579,0.8926898320158443,0.2661175074150153,6.056784013228625,3.190043482747458,0.07745783030986786,1.5286650580521854,53.0,83.0,1.0
0.886535552193646,0.8235290643633439,0.2882731545666431,6.375024819828097,3.3433976136291093,0.07745783030986786,1.531118380646016,54.0,83.0,1.0
0.7257683215130024,0.8517766865222777,0.2624040972260431,6.421622267806518,3.3659201866558828,0.07804565876722336,3.2546562316298524,1.0,84.0,1.0
0.7827926657263752,0.8453155425916975,0.2546288516091731,6.320768294250582,3.3171942254202196,0.07804565876722336,2.4535047356041075,2.0,84.0,1.0
0.49069539666993145,0.825340579014954,0.28081915476510994,6.910750787961936,3.6032711010246175,0.07804565876722336,4.842743820714581,3.0,84.0,1.0
0.7385826771653543,0.8029148933748104,0.24829001279447965,6.152732694704104,3.2361906317473745,0.07804565876722336,1.9094619879749513,4.0,84.0,1.0
0.7295742232451093,0.8815559234426614,0.32306747594613433,6.453624998892692,3.3813980438449125,0.07804565876722336,2.7693795770025535,5.0,84.0,1.0
0.8043728423475259,0.9015536659770027,0.2937626248629447,6.551080335043404,3.428578235385295,0.07804565876722336,2.5589075491014284,6.0,84.0,1.0
0.7751295336787565,0.8830787712337046,0.3146156950646554,6.618738983517219,3.4613734660452677,0.07804565876722336,2.66004522353224,7.0,84.0,1.0
0.8496732026143791,0.8735761740972015,0.23634778523818784,6.255750041753367,3.285824087631947,0.07804565876722336,1.6131169651149018,8.0,84.0,1.0
0.8368700265251989,0.9323883878893594,0.2709374421707685,6.448889394146858,3.3791072226227974,0.07804565876722336,1.793546996952008,9.0,84.0,1.0
0.6823394495412844,0.7095002749756106,0.26459923227314247,6.39024066706535,3.350750266349798,0.07804565876722336,2.4819288829637025,10.0,84.0,1.0
0.8399311531841652,0.809257686058875,0.25095936828366866,6.192362489474872,3.255273731869041,0.07804565876722336,1.7304042866301763,11.0,84.0,1.0
0.8785607196401799,0.8938681807952995,0.21212436374715096,6.375024819828097,3.3433976136291093,0.07804565876722336,1.72078497741144,12.0,84.0,1.0
0.8177083333333334,0.8088725652400817,0.21691382907790827,6.156978985585555,3.238234734370268,0.07804565876722336,1.838880569479013,13.0,84.0,1.0
0.7101449275362319,0.6209532979728993,0.2548398399960013,6.091309882077698,3.206639769098842,0.07804565876722336,2.8000662865358885,14.0,84.0,1.0
0.8109965635738832,0.8953689278770127,0.22225152928714595,6.159095388491933,3.239253596776368,0.07804565876722336,1.805957990889381,15.0,84.0,1.0
0.8070739549839229,0.8941862256748407,0.2407944663181478,6.220590170099739,3.2688743066769077,0.07804565876722336,2.103143800064883,16.0,84.0,1.0
0.7176616915422885,0.7894522383178627,0.24619895491386037,6.359573868672378,3.3359331827196006,0.07804565876722336,2.441569232661645,17.0,84.0,1.0
0.8568665377176016,0.7318464308608726,0.2852848586817068,6.095824562432225,3.208810703734761,0.07804565876722336,1.601671095133679,18.0,84.0,1.0
0.7734470158343484,0.9309556504439465,0.2809657327296486,6.455198563340122,3.3821592836002257,0.07804565876722336,2.3908939418620037,19.0,84.0,1.0
0.8500772797527048,0.853132672735093,0.24246274682739524,6.311734809152915,3.312833714085301,0.07804565876722336,1.723889301686314,20.0,84.0,1.0
0.7937007874015748,0.8334439947696596,0.2718447894814957,6.22455842927536,3.2707868084534972,0.07804565876722336,2.4596119816373117,21.0,84.0,1.0
0.7849624060150376,0.8143999169471173,0.21111774468246744,6.259581464064923,3.2876717382596228,0.07804565876722336,2.0923595444106633,22.0,84.0,1.0
0.8385650224215246,0.909152261941287,0.24399435229269126,6.331501849893691,3.3223762073861303,0.07804565876722336,1.789728288993601,23.0,84.0,1.0
0.7277289836888331,0.7929683890853487,0.20978596985436904,6.364750756851911,3.3384339569133052,0.07804565876722336,2.35135926167979,24.0,84.0,1.0
0.772567409144197,0.9292715287724557,0.25838832855355726,6.492239835020471,3.400083972114469,0.07804565876722336,2.0903010978919845,25.0,84.0,1.0
0.7387096774193549,0.8099133017553946,0.3330845806663555,6.129050210060545,3.2247930321274607,0.07804565876722336,2.2017030497011003,26.0,84.0,1.0
0.6728280961182994,0.8973819513164856,0.32463286509257516,6.591673732008658,3.448250623340655,0.07804565876722336,3.744986561715289,27.0,84.0,1.0
0.6645244215938303,0.8053282781897545,0.2515699587370988,6.249975242259483,3.2830394951334,0.07804565876722336,2.681229437772245,28.0,84.0,1.0
0.8234552332912989,0.9400702648558494,0.2510412665217733,6.483107351457199,3.395663717204788,0.07804565876722336,2.2307446034162464,29.0,84.0,1.0
0.7400950871632329,0.6840198037973618,0.2262015272095251,6.148468295917647,3.2341379656877605,0.07804565876722336,2.521292870094578,30.0,84.0,1.0
0.7857142857142857,0.8262974821549252,0.28948137999802614,6.476972362889683,3.3926946390755788,0.07804565876722336,2.1137396935401935,31.0,84.0,1.0
0.685459940652819,0.9615120864707115,0.2147181364303164,6.829793737512425,3.5638760838109844,0.07804565876722336,3.7023406309642293,32.0,84.0,1.0
0.6960556844547564,0.8434975551976267,0.2928380760895049,6.398594934535208,3.3547879997000694,0.07804565876722336,2.5416458233995387,33.0,84.0,1.0
0.764277035236938,0.9227193518583102,0.24330558335843755,6.4457198193855785,3.377574053084809,0.07804565876722336,2.8749633083359347,34.0,84.0,1.0
0.63189448441247,0.8635675415634239,0.27208305963546614,6.269096283706261,3.2922606426771264,0.07804565876722336,3.063620131859683,35.0,84.0,1.0
0.75,0.8973674450847704,0.23471590213850363,6.352629396319567,3.332578877401803,0.07804565876722336,2.2418729382636826,36.0,84.0,1.0
0.7232876712328767,0.8123015553781132,0.25142488796163187,6.270988431858299,3.2931732943527003,0.07804565876722336,2.5598687047077697,37.0,84.0,1.0
0.680064308681672,0.9062053637781785,0.2810329798688469,6.049733455231958,3.186655623772265,0.07804565876722336,2.3387286227551414,38.0,84.0,1.0
0.6609336609336609,0.8250631367560154,0.2820083331613612,6.289715570908998,3.3022076251803294,0.07804565876722336,2.67852039486082,39.0,84.0,1.0
0.8502495840266223,0.9129762772829739,0.26634792418114417,6.238324625039508,3.277422425243829,0.07804565876722336,1.8729982835921652,40.0,84.0,1.0
0.6588050314465409,0.6638547731639985,0.2635813814648792,6.040254711277414,3.1821016892896967,0.07804565876722336,2.6452988809474283,41.0,84.0,1.0
0.6611764705882353,0.8881986540573088,0.24186524109763702,6.333279628139691,3.3232345766671405,0.07804565876722336,3.9535122783207877,42.0,84.0,1.0
0.6964856230031949,0.7435113475537731,0.2494701561414298,6.484635235635252,3.3964031925516505,0.07804565876722336,2.4067318003487843,43.0,84.0,1.0
0.7204658901830283,0.8131991054570106,0.2602833681871999,6.073044534100405,3.1978584782637562,0.07804565876722336,2.189697727315179,44.0,84.0,1.0
0.7909407665505227,0.8454008905044437,0.22435737093667682,6.12029741895095,3.220581811519655,0.07804565876722336,2.4885933329890055,45.0,84.0,1.0
0.6152912621359223,0.608985545560549,0.24112846623060827,6.230481447578482,3.2736416465680107,0.07804565876722336,3.64390499030089,46.0,84.0,1.0
0.8045977011494253,0.8839068502780681,0.21121884974342311,6.329720905522696,3.321516334310741,0.07804565876722336,2.217217333916676,47.0,84.0,1.0
0.6271981242672919,0.5078760323034713,0.28304861208843135,6.284134161070802,3.2995147517041805,0.07804565876722336,3.55559663491373,48.0,84.0,1.0
0.7152858809801633,0.7841709810854091,0.3349889626655154,6.419994928147142,3.365133343625764,0.07804565876722336,3.7118765830077507,49.0,84.0,1.0
0.7765273311897106,0.903500295046853,0.2329964792589957,6.182084906716632,3.2503234609725857,0.07804565876722336,2.2706844108371613,50.0,84.0,1.0
0.8189655172413793,0.9278549455092198,0.26231979774101993,6.3473892096560105,3.3300480215475106,0.07804565876722336,1.8591057268115325,51.0,84.0,1.0
0.8215258855585831,0.9058072998855217,0.22710018821033057,6.403574197934815,3.3571948007312304,0.07804565876722336,2.0094713225934995,52.0,84.0,1.0
0.8902195608782435,0.7662086949303141,0.25351532858622094,6.102558594613569,3.212049166133297,0.07249146699905396,1.4136903130152918,1.0,85.0,1.0
0.8565279770444764,0.7334281214602376,0.2835876295954037,6.393590753950631,3.352369345593839,0.07249146699905396,1.50978325626519,2.0,85.0,1.0
0.8205461638491548,0.8644714743451783,0.27609565722866464,6.448889394146858,3.3791072226227974,0.07249146699905396,1.7533737157838196,3.0,85.0,1.0
0.8456260720411664,0.8002292933285591,0.21541521143202616,6.202535517187923,3.2601745087280762,0.07249146699905396,1.45714209319224,4.0,85.0,1.0
0.8403041825095057,0.6462652330522947,0.21299859517894654,6.093569770045136,3.2077264394885976,0.07249146699905396,1.6052947853941624,5.0,85.0,1.0
0.8385416666666666,0.7827393000312818,0.22070817245548488,6.182084906716632,3.2503234609725857,0.07249146699905396,1.6151779137989957,6.0,85.0,1.0
0.8761904761904762,0.8168546947124464,0.21928180452084692,6.315358001522335,3.314582570774374,0.07249146699905396,1.439923866799445,7.0,85.0,1.0
0.8957871396895787,0.5292690342333207,0.23062249074573657,6.003887067106539,3.1646367460432785,0.07249146699905396,1.3257979325912186,8.0,85.0,1.0
0.8522072936660269,0.6606243591739618,0.2675228680254322,6.09807428216624,3.2098925725250473,0.07249146699905396,1.5310850139785805,9.0,85.0,1.0
0.8680926916221033,0.7475001091999054,0.24476314730293347,6.1903154058531475,3.254287669250494,0.07249146699905396,1.421032077150499,10.0,85.0,1.0
0.8493723849372385,0.8281473536505104,0.25483907034662756,6.413458957167357,3.36197330637467,0.07249146699905396,1.634451276444283,11.0,85.0,1.0
0.8692129629629629,0.9283779230070882,0.22791762648667654,6.62273632394984,3.4633120485778757,0.07249146699905396,1.7488009403902416,12.0,85.0,1.0
0.8747300215982722,0.7361972478830704,0.2274804736915887,6.0063531596017325,3.1658206718738926,0.07249146699905396,1.4478407926604961,13.0,85.0,1.0
0.9223300970873787,0.847403212487668,0.21654073127992807,5.942799375126701,3.1353272180420215,0.07249146699905396,1.2721545778930587,14.0,85.0,1.0
0.8117106773823192,0.9158751139175221,0.206185006349122,6.56244409369372,3.434084161662506,0.07249146699905396,1.8734074349368264,15.0,85.0,1.0
0.8604166666666667,0.7284923163539897,0.24438437562572365,6.025865973825314,3.175190334547559,0.07249146699905396,1.4311693326652724,16.0,85.0,1.0
0.8228782287822878,0.6502634980542293,0.26497074942356563,6.102558594613569,3.212049166133297,0.07249146699905396,1.6072915972158408,17.0,85.0,1.0
0.8315602836879432,0.7633373709203131,0.25295725726282836,6.152732694704104,3.2361906317473745,0.07249146699905396,1.5776449122693332,18.0,85.0,1.0
0.9068825910931174,0.7578755039335094,0.22754338896745566,6.1070228877422545,3.2141963044016575,0.07249146699905396,1.2910710655577924,19.0,85.0,1.0
0.7495495495495496,0.5941462954255822,0.24621752230523147,6.0330862217988015,3.1786582129639043,0.07249146699905396,1.9706399331713882,20.0,85.0,1.0
0.8860510805500982,0.755314130953763,0.24102202215428895,6.113682179832232,3.2173994642586936,0.07249146699905396,1.3433605404921065,21.0,85.0,1.0
0.8752136752136752,0.8812860995581436,0.2796107069455121,6.240275845170769,3.278363082792804,0.07249146699905396,1.593498676040188,22.0,85.0,1.0
0.8333333333333334,0.6958773742027546,0.23789551512264157,6.054439346269371,3.1889167998345416,0.07249146699905396,1.6902848281029985,23.0,85.0,1.0
0.8715447154471545,0.8156048547922293,0.23573571262972834,6.285998094508865,3.3004140194890073,0.07249146699905396,1.4483433163508546,24.0,85.0,1.0
0.848297213622291,0.7547098083261959,0.22445195385225433,6.3080984415095305,3.3110786025216337,0.07249146699905396,1.6341928327741826,25.0,85.0,1.0
0.86,0.6879612229794212,0.24575084206084805,6.161207321695077,3.2402703450710373,0.07249146699905396,1.444768931923723,26.0,85.0,1.0
0.8536036036036037,0.6889326961123072,0.25266159911943187,5.940171252720432,3.1340670235501786,0.07249146699905396,1.4588739544101053,27.0,85.0,1.0
0.8315132605304212,0.824458147393461,0.2415902680250531,6.280395838960195,3.297711255897661,0.07249146699905396,1.891894928260983,28.0,85.0,1.0
0.8846880907372401,0.7563642779919146,0.27655564048459186,6.150602768446279,3.235165373652169,0.07249146699905396,1.4418021396793659,29.0,85.0,1.0
0.859344894026975,0.6482770491643254,0.22702922396027927,6.102558594613569,3.212049166133297,0.07249146699905396,1.4700620527561634,30.0,85.0,1.0
0.8978805394990366,0.8037496260096072,0.23001043462874765,6.1463292576688975,3.233108398772586,0.07249146699905396,1.3456505138443473,31.0,85.0,1.0
0.8641975308641975,0.7287944228938196,0.2550508107154967,6.329720905522696,3.321516334310741,0.07249146699905396,1.5670453594453266,32.0,85.0,1.0
0.879746835443038,0.7040773613380654,0.2163945859701793,6.035481432524756,3.1798087326686115,0.07249146699905396,1.3634652913353233,33.0,85.0,1.0
0.8245901639344262,0.7616538869616701,0.2283936383879575,6.222576268071369,3.269831490046909,0.07249146699905396,1.614246127701862,34.0,85.0,1.0
0.854122621564482,0.7325215530454907,0.30897253484483467,6.003887067106539,3.1646367460432785,0.07249146699905396,1.5233258432767756,35.0,85.0,1.0
0.8696498054474708,0.7669576555627584,0.23844533114499247,6.104793232414985,3.2131239119730264,0.07249146699905396,1.4635269367003538,36.0,85.0,1.0
0.8378672470076169,0.9053599174906263,0.19658175359909874,6.647688373563329,3.475415502820987,0.07249146699905396,1.714772656254832,37.0,85.0,1.0
0.8490230905861457,0.5052360400945612,0.24818384343477323,6.171700597410915,3.2453226809481306,0.07249146699905396,1.4296562861923034,38.0,85.0,1.0
0.8874458874458875,0.5097101757001486,0.19367186321843818,6.018593214496234,3.1716977037998157,0.07249146699905396,1.3374885005296937,39.0,85.0,1.0
0.807131280388979,0.6867114359229863,0.24518939443532628,6.212606095751519,3.2650267762701417,0.07249146699905396,1.6605793828142432,40.0,85.0,1.0
0.8006814310051107,0.7045812385655071,0.25807469271204536,6.154858094016418,3.237213748997611,0.07249146699905396,1.6679983347530938,41.0,85.0,1.0
0.7850162866449512,0.6314084035985227,0.2434837732314534,6.180016653652572,3.2493273787293653,0.07249146699905396,1.7802362757049324,42.0,85.0,1.0
0.8019966722129783,0.585597435671348,0.29539121864896944,6.180016653652572,3.2493273787293653,0.07249146699905396,1.760207565775033,43.0,85.0,1.0
0.808130081300813,0.738902842479529,0.22875803744491713,6.210600077024653,3.2640601572299572,0.07249146699905396,1.6171266898665801,44.0,85.0,1.0
0.8539518900343642,0.6914418471889745,0.2566051557482271,6.210600077024653,3.2640601572299572,0.07249146699905396,1.5327528886338906,45.0,85.0,1.0
0.7965811965811965,0.79972295466965,0.23496777145478884,6.1463292576688975,3.233108398772586,0.07249146699905396,1.7795626831723734,46.0,85.0,1.0
0.9063670411985019,0.7708365238222458,0.3142576273500111,6.184148890937483,3.2513175229518874,0.07249146699905396,1.3618959723390576,47.0,85.0,1.0
0.9083469721767594,0.8133645105251598,0.24248015288005811,6.320768294250582,3.3171942254202196,0.07249146699905396,1.426385401399239,48.0,85.0,1.0
0.7721518987341772,0.585120984856638,0.23278585520875109,6.059123195581797,3.1911675782799995,0.07249146699905396,1.8577052278491506,49.0,85.0,1.0
0.9029535864978903,0.7533023381576143,0.23445177583961582,6.061456918928017,3.1922890983518433,0.07249146699905396,1.3655029850976792,50.0,85.0,1.0
0.8292220113851992,0.7174321769266815,0.24317678158303688,6.082218910376446,3.202268809820244,0.07249146699905396,1.635484226549012,51.0,85.0,1.0
0.8272727272727273,0.8307974162553924,0.2328121779976256,6.304448802421981,3.3093171909672208,0.07249146699905396,1.728806845351051,52.0,85.0,1.0
0.8413098236775819,0.6195300686825055,0.2697544327011238,5.814130531825066,3.0737058470444705,0.07249146699905396,1.5356937200534377,53.0,85.0,1.0
0.7939481268011528,0.7151481728423411,0.2760556397867579,6.313548046277095,3.313708921488392,0.07249146699905396,1.833360132901572,54.0,85.0,1.0
0.693127962085308,0.6231486349976415,0.30991695480860515,6.373319789577012,3.3425738143784405,0.08201900124549866,2.6248944757185346,1.0,86.0,1.0
0.688039457459926,0.778933809149421,0.27440945265126204,6.326149473155099,3.3197920555363356,0.08201900124549866,3.5022981669398865,2.0,86.0,1.0
0.7398843930635838,0.8641959840779266,0.2895825788761112,6.46302945692067,3.3859478922708695,0.08201900124549866,3.1511874898847,3.0,86.0,1.0
0.8073510773130546,0.903243093698838,0.22404058770106638,6.45833828334479,3.3836782341808753,0.08201900124549866,2.210210375481907,4.0,86.0,1.0
0.7660377358490567,0.6418104924678417,0.2683831026062922,6.008813185442595,3.1670017395333008,0.08201900124549866,2.621062285155757,5.0,86.0,1.0
0.7122302158273381,0.5396270858285707,0.23179309206827342,6.206575926724928,3.262121182711215,0.08201900124549866,2.3275723401698714,6.0,86.0,1.0
0.5907319185794716,0.8960680171269315,0.24729929909618023,7.21890970761906,3.7535832179646555,0.08201900124549866,4.501209748717605,7.0,86.0,1.0
0.8451268357810414,0.8842353233540287,0.3098592385070281,6.452048954437226,3.3806356228915106,0.08201900124549866,1.725452894442917,8.0,86.0,1.0
0.7756653992395437,0.7603963800786976,0.23573474658796192,6.418364935936212,3.3643452381681582,0.08201900124549866,2.5604387877393915,9.0,86.0,1.0
0.7858439201451906,0.681566731563952,0.2344595833573835,6.073044534100405,3.1978584782637562,0.08201900124549866,1.9502015978649558,10.0,86.0,1.0
0.6295546558704453,0.6489320941149025,0.22276470833596887,6.434546518787453,3.3721699661478706,0.08201900124549866,3.431869334827316,11.0,86.0,1.0
0.7964169381107492,0.793487238496055,0.2698438856334408,6.194405391104672,3.2562578148232486,0.08201900124549866,2.563015605688019,12.0,86.0,1.0
0.8605851979345955,0.769738048488749,0.20654776735706626,6.2166061010848646,3.266954315675413,0.08201900124549866,1.5022577194323188,13.0,86.0,1.0
0.7661169415292354,0.8541915366787545,0.27520787707732364,6.238324625039508,3.277422425243829,0.08201900124549866,2.9649601888069834,14.0,86.0,1.0
0.8651362984218077,0.8522285493821993,0.21614098038914575,6.403574197934815,3.3571948007312304,0.08201900124549866,2.261672258332135,15.0,86.0,1.0
0.8062645011600929,0.8519092531822757,0.22883450988223236,6.54534966033442,3.425801981233894,0.08201900124549866,3.340703509839798,16.0,86.0,1.0
0.7178030303030303,0.8173112848635835,0.2624718239314726,6.6320017773956295,3.4678059251464557,0.08201900124549866,3.5818297209297505,17.0,86.0,1.0
0.7304250559284117,0.6116112625791548,0.27361892670104404,6.483107351457199,3.395663717204788,0.08201900124549866,2.368010479448909,18.0,86.0,1.0
0.7839851024208566,0.5179609737262423,0.21160743415431005,6.045005314036012,3.1843839530583917,0.08201900124549866,2.2704562491120464,19.0,86.0,1.0
0.7144736842105263,0.3634655966954527,0.23002980115991645,6.298949246855942,3.306663161251125,0.08201900124549866,2.3747778550162666,20.0,86.0,1.0
0.7021857923497268,0.285577195533869,0.2688420694798358,6.244166900663736,3.2802390021815278,0.08201900124549866,2.649212311790429,21.0,86.0,1.0
0.7174825174825175,0.8493140019713779,0.27506539187685025,6.2422232654551655,3.2793019394667504,0.08201900124549866,3.222187130035938,22.0,86.0,1.0
0.7479452054794521,0.6151648844083784,0.25966017071014313,6.304448802421981,3.3093171909672208,0.08201900124549866,2.3910147016394285,23.0,86.0,1.0
0.6642599277978339,0.5922522005837028,0.2866364958807287,6.602587892189336,3.4535418386459438,0.08201900124549866,3.0952255155112964,24.0,86.0,1.0
0.732977303070761,0.9163137667467133,0.2637109902968709,6.309918278226516,3.3119569429711246,0.08201900124549866,3.327082211841874,25.0,86.0,1.0
0.7130102040816326,0.6011118739808073,0.21866830149010053,6.327936783729195,3.320654952137892,0.08201900124549866,2.7294641954438306,26.0,86.0,1.0
0.8321167883211679,0.874999452436259,0.2611546548865234,6.3473892096560105,3.3300480215475106,0.08201900124549866,1.787547648263481,27.0,86.0,1.0
0.7412031782065834,0.808297053294018,0.26004182073092647,6.483107351457199,3.395663717204788,0.08201900124549866,2.6537776393904924,28.0,86.0,1.0
0.7877906976744186,0.31475189370361956,0.24505972603467974,6.297109319933935,3.305775284959049,0.08201900124549866,2.4048819681832896,29.0,86.0,1.0
0.787052810902896,0.43938302705982435,0.24749532507272193,6.137727054086234,3.22896835793912,0.08201900124549866,1.9045942671736609,30.0,86.0,1.0
0.8191823899371069,0.7111633548088006,0.18532500769456106,6.257667587882639,3.2867487829667077,0.08201900124549866,1.9448376053869112,31.0,86.0,1.0
0.812960235640648,0.869759347677972,0.38304656152903277,6.315358001522335,3.314582570774374,0.08201900124549866,2.174337165069291,32.0,86.0,1.0
0.7124563445867288,0.6306940823773107,0.25486718807594516,6.418364935936212,3.3643452381681582,0.08201900124549866,2.7267349060375614,33.0,86.0,1.0
0.6945975744211687,0.8096568629610004,0.24335709809863348,6.447305862541213,3.3783412358802214,0.08201900124549866,3.535274274027822,34.0,86.0,1.0
0.8416523235800344,0.6893695990714697,0.27476692761060895,6.194405391104672,3.2562578148232486,0.08201900124549866,1.6221679596964977,35.0,86.0,1.0
0.7471590909090909,0.7602895475376426,0.34118516508962043,6.267200548541362,3.291346289814672,0.08201900124549866,2.949997501377961,36.0,86.0,1.0
0.8491704374057315,0.7367628484779442,0.225881178694186,6.335054251498059,3.324091447428883,0.08201900124549866,1.6333462700139807,37.0,86.0,1.0
0.7426966292134831,0.4383137675362033,0.275958607535463,6.495265555937008,3.401548600444154,0.08201900124549866,2.123527883474594,38.0,86.0,1.0
0.7941176470588235,0.7480783726278404,0.2955807641292643,6.2422232654551655,3.2793019394667504,0.08201900124549866,2.4984807839141343,39.0,86.0,1.0
0.6889714993804213,0.6327855594570884,0.27651208552704204,6.322565239927284,3.3180616975800703,0.08201900124549866,2.5654370095940697,40.0,86.0,1.0
0.7204161248374512,0.7413173203491671,0.23358458788556438,6.318968113746434,3.316325217220967,0.08201900124549866,2.9395395885576185,41.0,86.0,1.0
0.7605633802816901,0.7615040457257507,0.2720571649853582,6.38856140554563,3.349938720549436,0.08201900124549866,2.60321690754232,42.0,86.0,1.0
0.7447833065810594,0.3849127225296453,0.2565930542325234,6.142037405587356,3.231042751474132,0.08201900124549866,2.2742211443105416,43.0,86.0,1.0
0.687402799377916,0.52314937854094,0.21975815828022702,6.093569770045136,3.2077264394885976,0.08201900124549866,2.8591374277808095,44.0,86.0,1.0
0.8110236220472441,0.700729455639486,0.24552452342106645,6.246106765481563,3.2811742778131374,0.08201900124549866,1.8328709467216968,45.0,86.0,1.0
0.6877370417193426,0.4005719288232479,0.2726534044575428,6.300785794663244,3.3075494338148435,0.08201900124549866,2.584149202658074,46.0,86.0,1.0
0.8412836079791848,0.923695009793084,0.20425438614675112,6.878326468291325,3.5874879803084463,0.08201900124549866,2.181124107854423,47.0,86.0,1.0
0.7635574837310195,0.8116905183289987,0.23744530475377762,6.558197802812269,3.432026656384674,0.08201900124549866,2.1878984230525376,48.0,86.0,1.0
0.7023370233702337,0.7265042180484489,0.24822006211508563,6.349138991379798,3.330893090766943,0.08201900124549866,2.8657214530523256,49.0,86.0,1.0
0.7248908296943232,0.7279325919368818,0.26937677272044497,6.212606095751519,3.2650267762701417,0.08201900124549866,2.272546496137987,50.0,86.0,1.0
0.6163522012578616,0.8145295884888569,0.23473167185913682,6.532334292222349,3.419497499040171,0.08201900124549866,4.555400820754206,51.0,86.0,1.0
0.6674033149171271,0.33763857159787464,0.2801316793534343,6.405228458030842,3.3579944538456363,0.08201900124549866,2.8651607847772933,52.0,86.0,1.0
0.7199602780536246,0.8099039610934421,0.26033074234587456,6.587550014824796,3.4462516522134012,0.08201900124549866,3.703238975799275,53.0,86.0,1.0
0.8422391857506362,0.3584618051552922,0.24723571137197892,5.805134968916488,3.0694036332450274,0.06476195901632309,1.555104132325769,1.0,87.0,1.0
0.9069767441860465,0.7089283911938163,0.3808897469326575,6.150602768446279,3.235165373652169,0.06476195901632309,1.3222743356450515,2.0,87.0,1.0
0.8632619439868204,0.8609310815493715,0.32633499483065337,6.263398262591624,3.2895124549543606,0.06476195901632309,1.5794734786971099,3.0,87.0,1.0
0.8628048780487805,0.48734189118263016,0.3649022300204953,5.648974238161206,2.9948456661727745,0.06476195901632309,1.4219948285673387,4.0,87.0,1.0
0.8732057416267942,0.7279799853176321,0.2802912928032868,5.902633333401366,3.116074419362811,0.06476195901632309,1.3813424613193201,5.0,87.0,1.0
0.9351585014409222,0.9253078418409206,0.26961890751458956,6.476972362889683,3.3926946390755788,0.06476195901632309,1.5298188331034086,6.0,87.0,1.0
0.9594594594594594,0.7174978110683683,0.31237955757632124,4.962844630259907,2.6704306858099827,0.06476195901632309,1.2183848971343185,7.0,87.0,1.0
0.7865168539325843,0.37485121011475087,0.2997822418700374,5.638354669333745,2.9897843636388495,0.06476195901632309,1.7157626286320713,8.0,87.0,1.0
0.9591836734693877,0.7454326693714786,0.2549038162481173,4.553876891600541,2.4798976188221338,0.06476195901632309,1.035303124027699,9.0,87.0,1.0
0.8521400778210116,0.5366350982873348,0.34438173600580385,5.393627546352361,2.873479142517127,0.06476195901632309,1.4902899852684108,10.0,87.0,1.0
0.9090909090909091,0.7091730232388358,0.3507651992546439,6.042632833682381,3.183244151510257,0.06476195901632309,1.3132873589290701,11.0,87.0,1.0
0.7808219178082192,0.6327100509687484,0.28073355580233345,6.124683390894205,3.222691947404774,0.06476195901632309,1.8395193461836599,12.0,87.0,1.0
0.8462929475587704,0.7237729098128668,0.37097924876965294,6.150602768446279,3.235165373652169,0.06476195901632309,1.592288466659838,13.0,87.0,1.0
0.8181818181818182,0.7693794114375206,0.26320853843284614,5.634789603169249,2.9880855085731093,0.06476195901632309,1.6991740428807751,14.0,87.0,1.0
0.8976660682226212,0.8562682345133027,0.3291461194108645,6.2166061010848646,3.266954315675413,0.06476195901632309,1.5387072788177574,15.0,87.0,1.0
0.9344262295081968,0.47934015291787463,0.3648862679300263,5.991464547107982,3.158673752678844,0.06476195901632309,1.1754259102869302,16.0,87.0,1.0
0.8431876606683805,0.9294938222537569,0.30993111843540183,6.487684018484611,3.3978788138144727,0.06476195901632309,1.9013712483728442,17.0,87.0,1.0
0.8951612903225806,0.8241235974440903,0.26735067594629636,6.09807428216624,3.2098925725250473,0.06476195901632309,1.4845893031804143,18.0,87.0,1.0
0.8547400611620795,0.8265522071510102,0.3578338115695622,6.327936783729195,3.320654952137892,0.06476195901632309,1.5947150104605075,19.0,87.0,1.0
0.9172932330827067,0.547578126031683,0.35368204619816374,5.905361848054571,3.1173818047395194,0.06476195901632309,1.2346308003967963,20.0,87.0,1.0
0.9148936170212766,0.8193772555501287,0.23635940296327246,6.066108090103747,3.1945244593809208,0.06476195901632309,1.3559657185531617,21.0,87.0,1.0
0.8959731543624161,0.8983509858497084,0.27804763724933546,6.282266746896006,3.298613832542201,0.06476195901632309,1.5708255091006533,22.0,87.0,1.0
0.8140417457305503,0.794924981864405,0.40759708602999123,6.063785208687608,3.19340805480027,0.06476195901632309,1.7581356936268904,23.0,87.0,1.0
0.8838821490467937,0.8234186714386791,0.33157490516618515,6.236369590203704,3.276479959863799,0.06476195901632309,1.486283360832155,24.0,87.0,1.0
0.9272727272727272,0.6929661205867773,0.23567927319566465,5.8805329864007,3.1054874638185948,0.06476195901632309,1.2542544430815856,25.0,87.0,1.0
0.8631984585741811,0.751564472067516,0.33387001512016506,6.1070228877422545,3.2141963044016575,0.06476195901632309,1.4623536566364086,26.0,87.0,1.0
0.906896551724138,0.6953188164830659,0.3234162923346171,5.575949103146316,2.9600654559509008,0.06476195901632309,1.2867834192948808,27.0,87.0,1.0
0.8647540983606558,0.7021714822403788,0.2528817218337501,5.356586274672012,2.855932944936758,0.06476195901632309,1.4036348988347243,28.0,87.0,1.0
0.8971774193548387,0.7759227836557913,0.31931551678934167,6.100318952020064,3.210972056475935,0.06476195901632309,1.3722028136060611,29.0,87.0,1.0
0.8937381404174574,0.7096557034936961,0.2536564378069276,6.156978985585555,3.238234734370268,0.06476195901632309,1.3994854577751674,30.0,87.0,1.0
0.8115183246073299,0.8954093983075802,0.47756646726837304,6.431331081933479,3.370614959631608,0.06476195901632309,1.9948751925156731,31.0,87.0,1.0
0.8839285714285714,0.8572120505705098,0.3116173919933126,6.38856140554563,3.349938720549436,0.06476195901632309,1.531278081411397,32.0,87.0,1.0
0.8925831202046036,0.7145342978555098,0.40209835473422934,5.857933154483459,3.09466599198655,0.06476195901632309,1.4483210365605597,33.0,87.0,1.0
0.9159159159159159,0.7998783730822243,0.2887774019813859,6.415096959171596,3.362765223648051,0.06476195901632309,1.4039568309249042,34.0,87.0,1.0
0.899581589958159,0.5181627156954435,0.3685518285618727,5.375278407684165,2.8647853327443094,0.06476195901632309,1.221856195123013,35.0,87.0,1.0
0.9130434782608695,0.7366709189626541,0.2737116676371802,5.991464547107982,3.158673752678844,0.06476195901632309,1.3904773595273845,36.0,87.0,1.0
0.9379310344827586,0.808706703072572,0.2895647815609396,6.013715156042802,3.169355355606696,0.06476195901632309,1.2941197647094524,37.0,87.0,1.0
0.9014598540145985,0.5363896003488938,0.30505944829295284,5.5134287461649825,2.9303331491791136,0.06476195901632309,1.2498271582614644,38.0,87.0,1.0
0.9067796610169492,0.6761590459332891,0.3034835958199605,5.3706380281276624,2.8625873288802732,0.06476195901632309,1.2275658035114383,39.0,87.0,1.0
0.9128205128205128,0.8914967361833475,0.299027902645172,5.877735781779639,3.104147817354147,0.06476195901632309,1.4670364980319126,40.0,87.0,1.0
0.7692307692307693,0.7792792173269915,0.33719833585711206,5.707110264748875,3.022573818272304,0.06476195901632309,1.7600028800048562,41.0,87.0,1.0
0.7280130293159609,0.8002094689188423,0.27975686720203025,6.104793232414985,3.2131239119730264,0.06476195901632309,2.079694257314914,42.0,87.0,1.0
0.8624484181568088,0.8851844913373615,0.31131107943580555,6.4425401664681985,3.376036084287424,0.06476195901632309,1.5504532210169386,43.0,87.0,1.0
0.9519774011299436,0.4880421095184013,0.3712703599533299,5.823045895483019,3.0779704761968443,0.06476195901632309,1.0822264210362522,44.0,87.0,1.0
0.8628841607565012,0.629619662891603,0.32071258823687593,5.902633333401366,3.116074419362811,0.06476195901632309,1.5060244984593207,45.0,87.0,1.0
0.8802816901408451,0.9168517580506892,0.28317285495990924,5.929589143389895,3.128993506456731,0.06476195901632309,1.5887709015743396,46.0,87.0,1.0
0.9029535864978903,0.7485413959602719,0.28806675875496307,6.061456918928017,3.1922890983518433,0.06476195901632309,1.4571256295941415,47.0,87.0,1.0
0.9156293222683264,0.9094234025711331,0.32689287329642813,6.4967749901858625,3.4022792812655616,0.06476195901632309,1.6074792866665222,48.0,87.0,1.0
0.8621794871794872,0.6567564377088089,0.4081940868261539,5.598421958998375,2.970762833670308,0.06476195901632309,1.437091861598641,49.0,87.0,1.0
0.9306518723994452,0.90907996453535,0.2914061094733647,6.51025834052315,3.408806987605452,0.06476195901632309,1.4705835547786197,50.0,87.0,1.0
0.8104738154613467,0.5831869338643364,0.3941675485722458,5.786897381366708,3.06068374343092,0.06476195901632309,1.701271472989015,51.0,87.0,1.0
0.8677811550151976,0.9009536111826653,0.4159863603425776,6.349138991379798,3.330893090766943,0.06476195901632309,1.7143861900829165,52.0,87.0,1.0
0.9397590361445783,0.8141820435157504,0.2851714817079306,5.968707559985366,3.147753676731401,0.06476195901632309,1.2472649060254528,53.0,87.0,1.0
0.9404761904761905,0.7475706604282396,0.2982762495827844,5.981414211254481,3.153850460820174,0.06476195901632309,1.2468115730521534,54.0,87.0,1.0
0.8844036697247707,0.8457826464670909,0.24566847477446627,6.180016653652572,3.2493273787293653,0.06476195901632309,1.4463588172601982,55.0,87.0,1.0
0.8274193548387097,0.6214423658245918,0.33934481895546403,6.2422232654551655,3.2793019394667504,0.06476195901632309,1.5980238054567202,56.0,87.0,1.0
0.8376068376068376,0.8631259757178976,0.2868421510201516,5.973809611869261,3.150201518454589,0.06476195901632309,1.603300740273124,57.0,87.0,1.0
0.8835820895522388,0.8508844809764374,0.2751740148177759,6.385194398997726,3.348311594327416,0.06476195901632309,1.5323687093863987,58.0,87.0,1.0
0.9317803660565723,0.7504627005395178,0.36388680763033726,6.329720905522696,3.321516334310741,0.06476195901632309,1.3535794893292838,59.0,87.0,1.0
0.8470588235294118,0.8279246781149966,0.31509079075117774,5.666426688112432,3.003166047426715,0.06476195901632309,1.5106705471255324,60.0,87.0,1.0
0.834920634920635,0.44407610292438054,0.2568642859116596,5.575949103146316,2.9600654559509008,0.06476195901632309,1.62370438873504,61.0,87.0,1.0
0.8979591836734694,0.554374623805846,0.2915528760189757,6.424869023905388,3.3674901016379835,0.06476195901632309,1.3398355498449652,62.0,87.0,1.0
0.8878205128205128,0.39112164069029776,0.23693326925966987,5.627621113690637,2.984669918120727,0.06476195901632309,1.3300249624111595,63.0,87.0,1.0
0.912962962962963,0.7911740907941063,0.29563752016279043,6.202535517187923,3.2601745087280762,0.06476195901632309,1.4183851773588512,64.0,87.0,1.0
0.8231382978723404,0.873556499022468,0.30451132362967903,6.429719478039138,3.3698356066712125,0.06476195901632309,1.7353632162459671,65.0,87.0,1.0
0.9310344827586207,0.6172609348022943,0.3223736896832865,5.697093486505405,3.0177938398431716,0.06476195901632309,1.1981110740725274,66.0,87.0,1.0
0.8852459016393442,0.8259618068648806,0.28384829815012,5.937536205082426,3.1328035721870147,0.06476195901632309,1.4422466927310085,67.0,87.0,1.0
0.8837772397094431,0.6203631111174388,0.2568482004737996,5.902633333401366,3.116074419362811,0.06476195901632309,1.3127985873813277,68.0,87.0,1.0
0.875,0.5371558204655756,0.32695374480996237,5.68697535633982,3.012966525513552,0.06476195901632309,1.3148901726871918,69.0,87.0,1.0
0.8784067085953878,0.7357636754139374,0.22252228685287476,6.040254711277414,3.1821016892896967,0.06947688013315201,1.5246583887921297,1.0,88.0,1.0
0.8722986247544204,0.7794678118198958,0.23653816904425698,6.09807428216624,3.2098925725250473,0.06947688013315201,1.4766839538947043,2.0,88.0,1.0
0.8063314711359404,0.7039484219924151,0.26058446352958003,6.073044534100405,3.1978584782637562,0.06947688013315201,1.7892215143619286,3.0,88.0,1.0
0.8174863387978142,0.9451366795105004,0.21268374004102006,6.618738983517219,3.4613734660452677,0.06947688013315201,2.0154656780046634,4.0,88.0,1.0
0.8498985801217038,0.6823075523856014,0.25206044285366475,6.040254711277414,3.1821016892896967,0.06947688013315201,1.4687915052119747,5.0,88.0,1.0
0.8625498007968128,0.6860344839481464,0.2092427129626112,6.073044534100405,3.1978584782637562,0.06947688013315201,1.4753622746048554,6.0,88.0,1.0
0.852882703777336,0.5929857121557678,0.2575338198441739,6.063785208687608,3.19340805480027,0.06947688013315201,1.576310391098462,7.0,88.0,1.0
0.8538324420677362,0.6209134174144769,0.27679873755716283,6.173786103901937,3.2463269274599886,0.06947688013315201,1.563533783440837,8.0,88.0,1.0
0.8090909090909091,0.34054786239673374,0.2039703337754746,5.877735781779639,3.104147817354147,0.06947688013315201,1.7807527806920134,9.0,88.0,1.0
0.8641732283464567,0.8163641711992908,0.2342978765624891,6.0867747269123065,3.2044591667776596,0.06947688013315201,1.501498065175636,10.0,88.0,1.0
0.907258064516129,0.8223759436468686,0.20625544525951614,6.111467339502679,3.2163340703086214,0.06947688013315201,1.3858883765917618,11.0,88.0,1.0
0.9008810572687225,0.7247780050831036,0.30463015983409286,6.016157159698354,3.1705279314042873,0.06947688013315201,1.3821650281878721,12.0,88.0,1.0
0.8319502074688797,0.8017433327091567,0.2664010400618529,5.996452088619021,3.1610676795726267,0.06947688013315201,1.6139961684423403,13.0,88.0,1.0
0.8747433264887063,0.7051393795754897,0.2291393645324286,6.056784013228625,3.190043482747458,0.06947688013315201,1.4334043475462375,14.0,88.0,1.0
0.8091954022988506,0.9426241809456041,0.21970809948031772,6.558197802812269,3.432026656384674,0.06947688013315201,2.0543257861725874,15.0,88.0,1.0
0.9049295774647887,0.8831193939019643,0.1805998806627832,6.244166900663736,3.2802390021815278,0.06947688013315201,1.4924726831187378,16.0,88.0,1.0
0.9075975359342916,0.8246067903271023,0.1952459655771026,6.093569770045136,3.2077264394885976,0.06947688013315201,1.3586515432723096,17.0,88.0,1.0
0.866779089376054,0.847092130582976,0.17256306255983425,6.244166900663736,3.2802390021815278,0.06947688013315201,1.5583075017673602,18.0,88.0,1.0
0.8125,0.7878495235033967,0.21054447965464956,6.063785208687608,3.19340805480027,0.06947688013315201,1.7038528176756822,19.0,88.0,1.0
0.8914728682170543,0.7287820178400903,0.2121274363687313,5.846438775057724,3.0891640000198266,0.06947688013315201,1.3850894104728266,20.0,88.0,1.0
0.7971781305114638,0.3384425874308546,0.20536878345384135,6.115892125483034,3.2184625457423364,0.06947688013315201,1.8895320983952018,21.0,88.0,1.0
0.8961538461538462,0.7937616864083742,0.2763279475737859,6.1463292576688975,3.233108398772586,0.06947688013315201,1.3888679475222712,22.0,88.0,1.0
0.8670520231213873,0.7546732871288911,0.2543851740989244,6.111467339502679,3.2163340703086214,0.06947688013315201,1.4382499189897298,23.0,88.0,1.0
0.8678260869565217,0.7353198264995634,0.25356766842708983,6.214608098422191,3.2659914932493757,0.06947688013315201,1.5008670987337893,24.0,88.0,1.0
0.9263803680981595,0.8539214875225668,0.24434081543185196,6.118097198041348,3.219523324828327,0.06947688013315201,1.3479696513348718,25.0,88.0,1.0
0.8767123287671232,0.7898757134054817,0.24295197159061385,6.1070228877422545,3.2141963044016575,0.06947688013315201,1.5287027486147318,26.0,88.0,1.0
0.8986615678776291,0.7202509223914111,0.2591158013495688,6.154858094016418,3.237213748997611,0.06947688013315201,1.3518649003477474,27.0,88.0,1.0
0.9093078758949881,0.7914354372867936,0.28221371194252987,5.945420608606575,3.1365841725049277,0.06947688013315201,1.3314135318705833,28.0,88.0,1.0
0.8647540983606558,0.7500740836111212,0.19567733853030178,6.0473721790462776,3.185521106364606,0.06947688013315201,1.5536674775574617,29.0,88.0,1.0
0.8658536585365854,0.633589822068051,0.2444566574629684,6.056784013228625,3.190043482747458,0.06947688013315201,1.4446564335300875,30.0,88.0,1.0
0.8948598130841121,0.7624027736223737,0.23984542133469855,5.950642552587727,3.139088428061438,0.06947688013315201,1.383407655721376,31.0,88.0,1.0
0.8752642706131079,0.778497463378591,0.1923864153624559,6.028278520230698,3.1763490268282606,0.06947688013315201,1.563315129336663,32.0,88.0,1.0
0.8266129032258065,0.39660781218571517,0.25784865036960725,6.018593214496234,3.1716977037998157,0.06947688013315201,1.6544490452303664,33.0,88.0,1.0
0.8997772828507795,0.7685463235887864,0.20658481321192382,6.003887067106539,3.1646367460432785,0.06947688013315201,1.3147306120659858,34.0,88.0,1.0
0.8857808857808858,0.8207115489864683,0.2261269680775322,5.942799375126701,3.1353272180420215,0.06947688013315201,1.5256957028852616,35.0,88.0,1.0
0.8626817447495961,0.8497468173674542,0.24168251655206108,6.282266746896006,3.298613832542201,0.06947688013315201,1.523562518262372,36.0,88.0,1.0
0.8870056497175142,0.7762254399068614,0.19097398008260072,6.156978985585555,3.238234734370268,0.06947688013315201,1.3741241264233086,37.0,88.0,1.0
0.8416833667334669,0.8238272940792143,0.2589527796720748,6.042632833682381,3.183244151510257,0.06947688013315201,1.639157241408942,38.0,88.0,1.0
0.888235294117647,0.8291553600120122,0.21041991302649038,6.118097198041348,3.219523324828327,0.06947688013315201,1.4178732821468985,39.0,88.0,1.0
0.8754646840148699,0.7821095458515821,0.2137905847731657,6.156978985585555,3.238234734370268,0.06947688013315201,1.4724737119319606,40.0,88.0,1.0
0.8113207547169812,0.6007089520015952,0.2880934093424165,6.161207321695077,3.2402703450710373,0.06947688013315201,1.7132152798787805,41.0,88.0,1.0
0.8715596330275229,0.777675084788946,0.2717713363866763,6.3473892096560105,3.3300480215475106,0.06947688013315201,1.5124361955668517,42.0,88.0,1.0
0.8320180383314544,0.9195392813731599,0.2255474044934764,6.6052979209482015,3.4548557978999366,0.06947688013315201,1.727369838525949,43.0,88.0,1.0
0.918854415274463,0.7887527244765994,0.22438244021113452,5.955837369464831,3.1415799223694476,0.06947688013315201,1.3016124968534895,44.0,88.0,1.0
0.83994708994709,0.8843545390554163,0.2199677563626569,6.455198563340122,3.3821592836002257,0.06947688013315201,1.796783518282442,45.0,88.0,1.0
0.8972972972972973,0.7733600266012911,0.20135657459626058,6.212606095751519,3.2650267762701417,0.06947688013315201,1.4247797091249395,46.0,88.0,1.0
0.8895348837209303,0.8642508022813739,0.24662232031161205,6.418364935936212,3.3643452381681582,0.06947688013315201,1.5314880240288593,47.0,88.0,1.0
0.8731617647058824,0.7462421648109626,0.21837492710522358,6.16541785423142,3.24229753446991,0.06947688013315201,1.431161570961031,48.0,88.0,1.0
0.8820058997050148,0.831605152145048,0.21825785530248387,6.395261598115449,3.3531768878769914,0.06947688013315201,1.4907118576043874,49.0,88.0,1.0
0.9101123595505618,0.7658085252425257,0.20341229139628758,6.18826412308259,3.253299618946441,0.06947688013315201,1.352058473292461,50.0,88.0,1.0
0.8838475499092558,0.8366712483709864,0.2498678679169424,6.1903154058531475,3.254287669250494,0.06947688013315201,1.4240967521970298,51.0,88.0,1.0
0.857566765578635,0.770993243726583,0.28138322674440536,6.361302477572996,3.336768190274,0.06947688013315201,1.6476800423208533,52.0,88.0,1.0
0.8526490066225165,0.7105405222058211,0.25510548883196466,6.246106765481563,3.2811742778131374,0.06947688013315201,1.6025994149601914,53.0,88.0,1.0
0.8394039735099338,0.7819062810895541,0.3042722551767382,6.230481447578482,3.2736416465680107,0.06947688013315201,1.711602241456377,54.0,88.0,1.0
0.8602825745682888,0.9051427791299816,0.22315565616652963,7.693025748417888,3.9858190087685976,0.06807014346122742,1.7263369625429752,1.0,89.0,1.0
0.9116279069767442,0.8319277111664012,0.23296446219296718,7.475905969367397,3.879332961332664,0.06807014346122742,1.5196681995074335,2.0,89.0,1.0
0.9218537028623353,0.8898057280870498,0.2005064564952311,7.615791072035833,3.947914875730886,0.06807014346122742,1.4795175579608768,3.0,89.0,1.0
0.9194078947368421,0.8747085987019385,0.20253892557075234,7.425357887027151,3.8545733294910702,0.06807014346122742,1.420116329612015,4.0,89.0,1.0
0.8591442635365392,0.8779174975477285,0.261759021304868,7.727535110475448,4.002763440838779,0.06807014346122742,1.6804481545881385,5.0,89.0,1.0
0.9222170470423847,0.9308887690242503,0.23879382994257306,7.591357046698551,3.9359290303259358,0.06807014346122742,1.7042699143714308,6.0,89.0,1.0
0.9064012910166757,0.9004801236828386,0.18410109944066821,7.430114138561801,3.856902523680176,0.06807014346122742,1.6060358069701464,7.0,89.0,1.0
0.9020390070921985,0.87712298016164,0.21067383263301284,7.618742377670413,3.9493627887953138,0.06807014346122742,1.4877661038642946,8.0,89.0,1.0
0.7796250442164839,0.8817800340410716,0.22979631125967617,7.6984827878809465,3.988498126359494,0.06807014346122742,2.2269367548143633,9.0,89.0,1.0
0.8847675568743818,0.853537585641384,0.2661394769331467,7.489970898834801,3.88622447976357,0.06807014346122742,1.6137044966022318,10.0,89.0,1.0
0.9034810126582279,0.9167839316616648,0.24424394786426779,7.446585099157725,3.8649694061512423,0.06807014346122742,1.5508172816240833,11.0,89.0,1.0
0.8847826086956522,0.8115876624397227,0.2645316957601471,7.395721608602045,3.840062589064967,0.06807014346122742,1.445791090281444,12.0,89.0,1.0
0.8481868469575906,0.7429442674990243,0.2567852303356128,7.2305631534092925,3.759277935381919,0.06807014346122742,1.7084348011172514,13.0,89.0,1.0
0.8773364485981309,0.8638492216653658,0.2359983494765316,7.315218389752975,3.800668162824052,0.06807014346122742,1.687489576847614,14.0,89.0,1.0
0.8790650406504065,0.8430029103716268,0.2136186958446011,7.456454555176209,3.869803740949087,0.06807014346122742,1.4867406648713088,15.0,89.0,1.0
0.9244975556762629,0.8274655867189843,0.22861784274752514,7.440146680662688,3.861815943760806,0.06807014346122742,1.3992568065566093,16.0,89.0,1.0
0.8194927896568871,0.9678751942035785,0.23225238488005603,8.10076824307173,4.1863333400361356,0.06807014346122742,2.602747993644419,17.0,89.0,1.0
0.9038189533239038,0.8808743452395459,0.2547213270479602,7.559038255443384,3.9200795707363882,0.06807014346122742,1.4865613612410624,18.0,89.0,1.0
0.9183841714756801,0.9007315490809771,0.2516491596896599,7.709308333385869,3.9938132773991604,0.06807014346122742,1.5053513980229924,19.0,89.0,1.0
0.8861127251597908,0.7715036228799886,0.19006119955544507,7.330405211844402,3.8080973514312997,0.06807014346122742,1.4689591236849693,20.0,89.0,1.0
0.8736559139784946,0.8665841351947321,0.21261797780960406,7.3938782901077555,3.8391601928266645,0.06807014346122742,1.6139019705335356,21.0,89.0,1.0
0.8907793633369924,0.8733688652663115,0.19130344285066975,7.392647520721623,3.8385576792906964,0.06807014346122742,1.488313909059662,22.0,89.0,1.0
0.8950361944157187,0.8935875807721242,0.27330849186836126,7.4570320891223805,3.870086647772133,0.06807014346122742,1.5445474142623774,23.0,89.0,1.0
0.878003696857671,0.875909384846278,0.2133190030514237,7.262628600974241,3.7749511690258437,0.06807014346122742,1.561085994872672,24.0,89.0,1.0
0.9295542102366539,0.8427247807656129,0.24376445996180318,7.432483807917119,3.858063020844477,0.06807014346122742,1.4189111264560093,25.0,89.0,1.0
0.8779342723004695,0.8972826848175368,0.23584232402110417,7.629489916393995,3.954635870425241,0.06807014346122742,1.6011151321159998,26.0,89.0,1.0
0.9106972301814709,0.8521664684201049,0.19246442669732472,7.553810852008231,3.9175164502585753,0.06807014346122742,1.4509359545533105,27.0,89.0,1.0
0.8832929782082325,0.7882956306981102,0.23690587461021942,7.509335266016592,3.895714149266954,0.06807014346122742,1.4735675460209614,28.0,89.0,1.0
0.8407582938388626,0.8613194406523693,0.26869746488320156,7.4815557019095165,3.8821010975053722,0.06807014346122742,1.7763176380409806,29.0,89.0,1.0
0.8947911294481692,0.8745452959231137,0.19156193604599142,7.459338895220295,3.8712166600654196,0.06807014346122742,1.5747982482681036,30.0,89.0,1.0
0.9,0.9580398823001463,0.1760059924955946,7.937374696163295,4.105903336152681,0.06807014346122742,2.0056730110575156,31.0,89.0,1.0
0.9120809614168248,0.8073294341192903,0.27184377029705475,7.274479558773871,3.7807451601595337,0.06807014346122742,1.3773497911636525,32.0,89.0,1.0
0.8674351585014409,0.8863262621334318,0.22368171707514198,7.653494909661253,3.966415336541144,0.06807014346122742,1.673669465679968,33.0,89.0,1.0
0.9434923575729505,0.8991107906354492,0.24319820992476615,7.61972421378267,3.9498444870976464,0.06807014346122742,1.4220938443692444,34.0,89.0,1.0
0.8679593721144968,0.896166900679441,0.25397760280977466,7.53955882930103,3.910528986304301,0.06807014346122742,1.6077969673105132,35.0,89.0,1.0
0.9055640632976009,0.8475087923030895,0.23475320860631002,7.4815557019095165,3.8821010975053722,0.06807014346122742,1.4466251589288004,36.0,89.0,1.0
0.8800880088008801,0.8715881522906805,0.22631686355253106,7.3783837129967145,3.831575493982061,0.06807014346122742,1.5798262789779052,37.0,89.0,1.0
0.8681614349775785,0.8617889193784034,0.2683645876462063,7.5688956634069955,3.924913235336136,0.06807014346122742,1.7331008716110512,38.0,89.0,1.0
0.8225140712945591,0.9370668312078104,0.3101942452441028,7.693025748417888,3.9858190087685976,0.06807014346122742,1.9807224796892942,39.0,89.0,1.0
0.914007571660357,0.8313242848827884,0.24090340036238703,7.43307534889858,3.858352720234398,0.06807014346122742,1.3973582079519626,40.0,89.0,1.0
0.8461538461538461,0.7691168616146541,0.19725908484369034,6.037870919922137,3.180956553878238,0.06393013149499893,1.5200394812522517,1.0,90.0,1.0
0.8635658914728682,0.7954428345170437,0.24957206523353095,6.324358962381311,3.3189276391464566,0.06393013149499893,1.4817570892360836,2.0,90.0,1.0
0.8017456359102244,0.8533104271998628,0.23179546392624262,6.467698726104354,3.38820711538559,0.06393013149499893,1.8415183299980389,3.0,90.0,1.0
0.8584729981378026,0.6919834360345013,0.25087816399505697,6.135564891081739,3.2279278580058395,0.06393013149499893,1.5200957737246403,4.0,90.0,1.0
0.8787346221441125,0.7954759415806437,0.2197429268761705,6.2166061010848646,3.266954315675413,0.06393013149499893,1.5342619182460624,5.0,90.0,1.0
0.8859060402684564,0.7650697068023427,0.23141658601622173,6.270988431858299,3.2931732943527003,0.06393013149499893,1.537814019382645,6.0,90.0,1.0
0.8765625,0.845578477958302,0.244158401001316,6.331501849893691,3.3223762073861303,0.06393013149499893,1.4981531322917427,7.0,90.0,1.0
0.9104477611940298,0.24839035086799768,0.24836758625289512,6.059123195581797,3.1911675782799995,0.06393013149499893,1.2767429738930238,8.0,90.0,1.0
0.8709677419354839,0.7292023367779195,0.24017234661803108,6.18826412308259,3.253299618946441,0.06393013149499893,1.548731959480863,9.0,90.0,1.0
0.8817204301075269,0.7578270385650238,0.23842734261003048,6.20050917404269,3.259198265185218,0.06393013149499893,1.442155071431341,10.0,90.0,1.0
0.8467966573816156,0.8183991276178807,0.1948919352774487,6.411818267709897,3.361180110251783,0.06393013149499893,1.6371395186752769,11.0,90.0,1.0
0.9008264462809917,0.7219131053943539,0.2310570229111896,6.07993319509559,3.201169945858288,0.06393013149499893,1.3633160963933615,12.0,90.0,1.0
0.8592283628779979,0.9263060337983182,0.23408068206396748,6.715383386334681,3.5082736911893924,0.06393013149499893,1.8360294963966504,13.0,90.0,1.0
0.9323671497584541,0.8366322864790159,0.27559164151698745,5.958424693029782,3.1428209247966743,0.06393013149499893,1.287037101435013,14.0,90.0,1.0
0.8661800486618005,0.9229314224018944,0.2843701411092753,6.569481420414296,3.4374943237560047,0.06393013149499893,1.714100890762335,15.0,90.0,1.0
0.8841870824053452,0.7423926930375921,0.28022540623662723,5.986452005284438,3.156268052106129,0.06393013149499893,1.4123723449192258,16.0,90.0,1.0
0.873015873015873,0.6444382241935588,0.22400866076048007,6.206575926724928,3.262121182711215,0.06393013149499893,1.502310893548989,17.0,90.0,1.0
0.8443649373881932,0.7629448636498388,0.23808975265753002,6.159095388491933,3.239253596776368,0.06393013149499893,1.6139368340064484,18.0,90.0,1.0
0.9025522041763341,0.7475365104862901,0.21836774064256978,5.966146739123692,3.146525145745436,0.06393013149499893,1.3040322767164323,19.0,90.0,1.0
0.7919847328244275,0.612096012498822,0.20719816667293214,6.030685260261263,3.1775049819767096,0.06393013149499893,1.7310145829970465,20.0,90.0,1.0
0.9004424778761062,0.7958415251232652,0.19111895224987427,6.0112671744041615,3.168179962863699,0.06393013149499893,1.3283987668387074,21.0,90.0,1.0
0.8408710217755444,0.8824379635750931,0.22689170148622867,6.220590170099739,3.2688743066769077,0.06393013149499893,1.6788651897786144,22.0,90.0,1.0
0.88,0.6811469321168129,0.23930323677186605,6.137727054086234,3.22896835793912,0.06393013149499893,1.4528399661550178,23.0,90.0,1.0
0.8672,0.843091550675726,0.17502343013756202,6.297109319933935,3.305775284959049,0.06393013149499893,1.4706649612839748,24.0,90.0,1.0
0.9016393442622951,0.738725594299279,0.20101680333225327,6.311734809152915,3.312833714085301,0.06393013149499893,1.4282685260863248,25.0,90.0,1.0
0.9055555555555556,0.6683962215255903,0.22967875133936694,6.194405391104672,3.2562578148232486,0.06393013149499893,1.3093371514487238,26.0,90.0,1.0
0.8459958932238193,0.7116551065932882,0.273273578721087,6.023447592961033,3.1740288920704893,0.06393013149499893,1.550562778892967,27.0,90.0,1.0
0.8201219512195121,0.8177649520684709,0.25322963102997514,6.289715570908998,3.3022076251803294,0.06393013149499893,1.8662408366643313,28.0,90.0,1.0
0.8670309653916212,0.7630494935058778,0.2320089096208567,6.1675164908883415,3.2433079930090707,0.06393013149499893,1.4829799827509869,29.0,90.0,1.0
0.8658536585365854,0.5716641054719912,0.26637312664614926,6.056784013228625,3.190043482747458,0.06393013149499893,1.4334043475462375,30.0,90.0,1.0
0.9056603773584906,0.8185222011835223,0.2727001753573004,6.07073772800249,3.1967496595577645,0.06393013149499893,1.3054585635925888,31.0,90.0,1.0
0.8602150537634409,0.7433236973506143,0.2109288027920566,6.329720905522696,3.321516334310741,0.06393013149499893,1.6451683398273047,32.0,90.0,1.0
0.8956916099773242,0.7349035204869085,0.22001317132478732,5.981414211254481,3.153850460820174,0.06393013149499893,1.3063968673337651,33.0,90.0,1.0
0.8475177304964538,0.710211361818453,0.2061213499610925,6.171700597410915,3.2453226809481306,0.06393013149499893,1.5668047746195835,34.0,90.0,1.0
0.8731808731808732,0.7372283776283424,0.2693728531578067,6.042632833682381,3.183244151510257,0.06393013149499893,1.3615093490785752,35.0,90.0,1.0
0.9055441478439425,0.8137886355270542,0.257347172552139,6.091309882077698,3.206639769098842,0.06393013149499893,1.3190404716567086,36.0,90.0,1.0
0.8847980997624703,0.918232440600524,0.20520052142857106,6.61472560020376,3.459427215309071,0.06393013149499893,1.6366170504880242,37.0,90.0,1.0
0.8498233215547704,0.5642568488082721,0.2366964176479752,6.1779441140506,3.248329267952155,0.06393013149499893,1.55703260346811,38.0,90.0,1.0
0.8838709677419355,0.5273861505939424,0.21934954909164273,6.021023349349527,3.172864686238923,0.06393013149499893,1.337467012013752,39.0,90.0,1.0
0.8245931283905967,0.7259285091392361,0.20600605887568532,6.124683390894205,3.222691947404774,0.06393013149499893,1.5948605747493938,40.0,90.0,1.0
0.8348134991119005,0.6996032502360892,0.2383472339449198,6.154858094016418,3.237213748997611,0.06393013149499893,1.7560397844776565,41.0,90.0,1.0
0.8085867620751341,0.6387206228011516,0.23350960990963304,6.115892125483034,3.2184625457423364,0.06393013149499893,1.74643634012266,42.0,90.0,1.0
0.779783393501805,0.41740252952195367,0.27229444134941205,6.07073772800249,3.1967496595577645,0.06393013149499893,2.0635316917764435,43.0,90.0,1.0
0.9022869022869023,0.7985574390028192,0.24874534403340295,6.075346031088684,3.1989647913230304,0.06393013149499893,1.403755413184696,44.0,90.0,1.0
0.8512396694214877,0.7127520029369588,0.2373129763603757,6.246106765481563,3.2811742778131374,0.06393013149499893,1.5690672864149107,45.0,90.0,1.0
0.8288659793814434,0.8254926516481512,0.21414279856272475,5.998936561946683,3.1622602639907784,0.06393013149499893,1.8144791238269495,46.0,90.0,1.0
0.8688524590163934,0.7728984926686648,0.3090484994398089,6.169610732491456,3.244316372307624,0.06393013149499893,1.4326534691822246,47.0,90.0,1.0
0.9066455696202531,0.8323686659460013,0.25101700937768495,6.352629396319567,3.332578877401803,0.06393013149499893,1.4639106838739073,48.0,90.0,1.0
0.7702702702702703,0.606611574275463,0.21332573786937423,6.124683390894205,3.222691947404774,0.06393013149499893,1.9333451558046564,49.0,90.0,1.0
0.9315673289183223,0.7344383761304445,0.2090495002057627,6.0473721790462776,3.185521106364606,0.06393013149499893,1.2692473098740575,50.0,90.0,1.0
0.8399412628487518,0.8475465668613676,0.22134723293479178,6.35088571671474,3.3317367077163884,0.06393013149499893,1.6471804254472806,51.0,90.0,1.0
0.8656429942418427,0.7782265247584668,0.2821936877000587,6.113682179832232,3.2173994642586936,0.06393013149499893,1.549097418147483,52.0,90.0,1.0
0.875,0.6933810049677681,0.2467755485955347,5.918893854273146,3.1238667774048077,0.06393013149499893,1.4161675576897452,53.0,90.0,1.0
0.8133748055987559,0.7385601361264994,0.24094148566318088,6.261491684321042,3.288592960078605,0.06393013149499893,1.63301818063983,54.0,90.0,1.0
0.7440982058545798,0.634586380509872,0.2759452911695555,6.670766320845874,3.48661370702715,0.08627179265022278,2.3581650325142047,1.0,91.0,1.0
0.8012718600953895,0.518779676505665,0.3394419965811322,6.22455842927536,3.2707868084534972,0.08627179265022278,1.6643270274995021,2.0,91.0,1.0
0.7936694021101993,0.5053894983021384,0.31172161368221746,6.519147287940395,3.4131111278055855,0.08627179265022278,2.065772208088371,3.0,91.0,1.0
0.8507936507936508,0.4210435233442245,0.2928093199899934,6.285998094508865,3.3004140194890073,0.08627179265022278,1.5471571088774738,4.0,91.0,1.0
0.7973713033953997,0.5836841376216166,0.27248751662717613,6.591673732008658,3.448250623340655,0.08627179265022278,2.060522991965621,5.0,91.0,1.0
0.7822120866590649,0.395537881042127,0.32245075083635155,6.532334292222349,3.419497499040171,0.08627179265022278,2.13421951653431,6.0,91.0,1.0
0.8454680534918276,0.7320348039691346,0.2725713448253845,6.345636360828596,3.3292014950260556,0.08627179265022278,1.5351402138840495,7.0,91.0,1.0
0.776,0.5342950288628051,0.28783429900639457,6.186208623900494,3.252309572886743,0.08627179265022278,1.85492582276549,8.0,91.0,1.0
0.7808695652173913,0.5163769874745703,0.2817218331500786,6.1092475827643655,3.2152663537569754,0.08627179265022278,1.728979994574739,9.0,91.0,1.0
0.8603603603603603,0.6579886891444708,0.25116720496932704,6.352629396319567,3.332578877401803,0.08627179265022278,1.5215003570485466,10.0,91.0,1.0
0.6937062937062937,0.7450048960953217,0.28173399782328173,6.208590026096629,3.263091628576238,0.08627179265022278,2.3228796540001744,11.0,91.0,1.0
0.8238396624472574,0.904896950173762,0.24087484284369703,6.661854740545311,3.482289073004269,0.08627179265022278,1.7972495915194708,12.0,91.0,1.0
0.7747163695299838,0.5437600817128607,0.2872353212567335,6.171700597410915,3.2453226809481306,0.08627179265022278,1.8189404440980073,13.0,91.0,1.0
0.8166666666666667,0.6366736964934531,0.24698693898164445,6.29156913955832,3.3031019751298745,0.08627179265022278,1.7812600409644141,14.0,91.0,1.0
0.8224137931034483,0.5547068185216321,0.2935288077394632,6.169610732491456,3.244316372307624,0.08627179265022278,1.6161996904335059,15.0,91.0,1.0
0.7263450834879406,0.5789449634762562,0.22000316952451673,6.664409020350408,3.4835285648178123,0.08627179265022278,2.5946733946297225,16.0,91.0,1.0
0.8150807899461401,0.6533540941418191,0.3153116005449331,6.12029741895095,3.220581811519655,0.08627179265022278,1.621577985837151,17.0,91.0,1.0
0.8550185873605948,0.4182863062645434,0.2678630168643296,6.133398042996649,3.226885143400894,0.08627179265022278,1.5616761998777704,18.0,91.0,1.0
0.7919191919191919,0.7633388973243168,0.2652613856994272,6.665683717782408,3.484147142180779,0.08627179265022278,2.0502856246522714,19.0,91.0,1.0
0.8292282430213465,0.40776375259568637,0.32871184063383374,6.226536669287466,3.2717402691855377,0.08627179265022278,1.6078530737307655,20.0,91.0,1.0
0.8694362017804155,0.9288921979134477,0.25478195162731543,6.779921907472252,3.5396283300897977,0.08627179265022278,1.8188078700612704,21.0,91.0,1.0
0.7583586626139818,0.5319265556695885,0.3106926775542573,6.214608098422191,3.2659914932493757,0.08627179265022278,1.9446232433893629,22.0,91.0,1.0
0.8435251798561151,0.5778459675893575,0.2811858332325055,6.152732694704104,3.2361906317473745,0.08627179265022278,1.5349502328272502,23.0,91.0,1.0
0.8064516129032258,0.5222023316026144,0.2919862725265204,6.054439346269371,3.1889167998345416,0.08627179265022278,1.7409775620101584,24.0,91.0,1.0
0.8285714285714286,0.4595332947562662,0.29507795457110386,6.077642243349034,3.2000686100941182,0.08627179265022278,1.7009550893202694,25.0,91.0,1.0
0.7315340909090909,0.683018315059526,0.34563008422114055,6.246106765481563,3.2811742778131374,0.08627179265022278,2.016082302384498,26.0,91.0,1.0
0.8287112561174551,0.5312426713745438,0.29794173668921403,6.2324480165505225,3.274589577583748,0.08627179265022278,1.6060459097097957,27.0,91.0,1.0
0.8765880217785844,0.8208812349269496,0.19546640702481732,6.182084906716632,3.2503234609725857,0.08627179265022278,1.4904589217308082,28.0,91.0,1.0
0.7446808510638298,0.6922377754969713,0.28492819320360724,6.26530121273771,3.290430229380671,0.08627179265022278,2.1857263089458523,29.0,91.0,1.0
0.822265625,0.787374448484716,0.2617271523284522,6.045005314036012,3.1843839530583917,0.08627179265022278,1.7150709431206943,30.0,91.0,1.0
0.8527227722772277,0.8342901524087497,0.2564974044694827,6.536691597591305,3.4216079874112246,0.08627179265022278,1.594512687706113,31.0,91.0,1.0
0.7833001988071571,0.7540644728740306,0.25363734469279015,5.978885764901122,3.1526371691065775,0.08627179265022278,1.8326011854157676,32.0,91.0,1.0
0.896551724137931,0.6780352305175531,0.3111934518658673,6.093569770045136,3.2077264394885976,0.08627179265022278,1.3555095546290716,33.0,91.0,1.0
0.8330550918196995,0.7173172938211858,0.2616617529931697,6.214608098422191,3.2659914932493757,0.08627179265022278,1.6083680572978254,34.0,91.0,1.0
0.7657807308970099,0.5119642634089906,0.2715059637370361,6.135564891081739,3.2279278580058395,0.08627179265022278,2.060490106400739,35.0,91.0,1.0
0.7801857585139319,0.7255579966457524,0.28842737430424165,6.22455842927536,3.2707868084534972,0.08627179265022278,1.852781586568011,36.0,91.0,1.0
0.8219424460431655,0.5690531502572117,0.22279167444258394,6.126869184114185,3.2237436162807276,0.08627179265022278,1.7526697065829828,37.0,91.0,1.0
0.8281505728314239,0.6441967763271832,0.27061062332419344,6.2285110035911835,3.2726918794891433,0.08627179265022278,1.601483848582338,38.0,91.0,1.0
0.841296928327645,0.4907073200894703,0.2524615746655982,6.202535517187923,3.2601745087280762,0.08627179265022278,1.6821018465686124,39.0,91.0,1.0
0.7919254658385093,0.6080059832888733,0.28174682760648456,6.236369590203704,3.276479959863799,0.08627179265022278,2.0516929702346522,40.0,91.0,1.0
0.8417047184170472,0.7844233726358245,0.2220206961618836,6.317164686747284,3.315454667507191,0.08627179265022278,1.566207501310335,41.0,91.0,1.0
0.7610619469026548,0.7945748713602104,0.3213438287062999,6.066108090103747,3.1945244593809208,0.08627179265022278,1.8357888970591683,42.0,91.0,1.0
0.8479604449938195,0.641531073609107,0.2851276167148079,6.532334292222349,3.419497499040171,0.08627179265022278,1.7831529347986967,43.0,91.0,1.0
0.9305912596401028,0.7119418461580581,0.2682127920780329,5.8944028342648505,3.1121311440517316,0.08627179265022278,1.2677558527612542,44.0,91.0,1.0
0.7388535031847133,0.6122613696428743,0.24566296764108325,6.142037405587356,3.231042751474132,0.08627179265022278,2.025274416732881,45.0,91.0,1.0
0.8639344262295082,0.6894754732834588,0.2967871497351135,6.269096283706261,3.2922606426771264,0.08627179265022278,1.5810684861106934,46.0,91.0,1.0
0.7107231920199502,0.6673094389406483,0.3264829468567392,6.3473892096560105,3.3300480215475106,0.08627179265022278,2.6729059145650655,47.0,91.0,1.0
0.7197346600331676,0.48476543720172355,0.2843833017601508,6.075346031088684,3.1989647913230304,0.08627179265022278,2.109279620190434,48.0,91.0,1.0
0.7771509167842031,0.5106046635378709,0.2796726714098513,6.313548046277095,3.313708921488392,0.08627179265022278,1.876362932086655,49.0,91.0,1.0
0.7850589777195282,0.603866941989554,0.3097929504340081,6.396929655216146,3.3539831044573494,0.08627179265022278,1.8524222586024248,50.0,91.0,1.0
0.8003412969283277,0.5549709205667429,0.2559129659922567,6.152732694704104,3.2361906317473745,0.08627179265022278,1.7395977017752158,51.0,91.0,1.0
0.8414985590778098,0.7969027649122045,0.23974216786319744,6.371611847231857,3.3417486306479462,0.08627179265022278,1.5645762393744314,52.0,91.0,1.0
0.8252314814814815,0.5814397103644117,0.30564174524600646,6.570882962339584,3.4381735279266215,0.08627179265022278,1.7850984147912596,53.0,91.0,1.0
0.8545751633986928,0.7319306427680389,0.3235384024879431,6.261491684321042,3.288592960078605,0.08627179265022278,1.570574679194747,54.0,91.0,1.0
0.7903682719546742,0.5883135787643926,0.2774409743742303,5.634789603169249,2.9880855085731093,0.07554133981466293,1.970247103719183,1.0,92.0,1.0
0.7606382978723404,0.29353996857080794,0.2365254867305856,5.659482215759621,2.9998549258303298,0.07554133981466293,2.313444871299872,2.0,92.0,1.0
0.8371501272264631,0.6457714313696323,0.31233946059376216,5.799092654460526,3.0665142789978814,0.07554133981466293,1.97781099404598,3.0,92.0,1.0
0.8591065292096219,0.3263678030203065,0.320131986958214,5.5254529391317835,2.9360481460402674,0.07554133981466293,1.4410439724351212,4.0,92.0,1.0
0.8545994065281899,0.3286790806138389,0.3283487449269926,5.666426688112432,3.003166047426715,0.07554133981466293,1.6284546465433511,5.0,92.0,1.0
0.7533206831119544,0.6512064308351261,0.25745104241078876,5.986452005284438,3.156268052106129,0.07554133981466293,2.1858497139002093,6.0,92.0,1.0
0.8644986449864499,0.6419225412045093,0.2671828897215558,5.768320995793772,3.051805203465507,0.07554133981466293,1.5262557180199112,7.0,92.0,1.0
0.8962962962962963,0.7865523817649299,0.28345885106809965,5.8971538676367405,3.1134491080737265,0.07554133981466293,1.6783191441381762,8.0,92.0,1.0
0.7963272120200334,0.6873100031290915,0.2550583735970621,6.169610732491456,3.244316372307624,0.07554133981466293,1.9314345289377162,9.0,92.0,1.0
0.8054794520547945,0.4154283053823949,0.2731413777411344,5.68697535633982,3.012966525513552,0.07554133981466293,1.6690903411918114,10.0,92.0,1.0
0.8095238095238095,0.6144891884790626,0.29188916977453144,6.054439346269371,3.1889167998345416,0.07554133981466293,2.2449641619657976,11.0,92.0,1.0
0.9086021505376344,0.5776419346307728,0.20044324423387938,5.82600010738045,3.0793837807874476,0.07554133981466293,1.3162033743588013,12.0,92.0,1.0
0.931758530183727,0.5387716293768243,0.2573783352917688,5.87493073085203,3.102804487185762,0.07554133981466293,1.2336147083484976,13.0,92.0,1.0
0.798,0.365330511101501,0.34034980924316915,5.991464547107982,3.158673752678844,0.07554133981466293,2.269311295965546,14.0,92.0,1.0
0.8846153846153846,0.42597565982401064,0.29403248582629726,5.971261839790462,3.148979129142304,0.07554133981466293,1.5975741202244342,15.0,92.0,1.0
0.8386308068459658,0.6764957256519353,0.27998660709567824,5.840641657373398,3.0863895830282515,0.07554133981466293,1.8041527378480584,16.0,92.0,1.0
0.7949790794979079,0.6926194158532567,0.2601336147040419,5.942799375126701,3.1353272180420215,0.07554133981466293,2.7091550936833126,17.0,92.0,1.0
0.7552083333333334,0.6395387057911185,0.24718177554587967,5.673323267171493,3.0064548212072264,0.07554133981466293,2.4466906729111026,18.0,92.0,1.0
0.8916666666666667,0.41079969266530003,0.18812120790687034,5.7745515455444085,3.0547827031513104,0.07554133981466293,1.438831643366473,19.0,92.0,1.0
0.8958333333333334,0.7244455646098786,0.21759200196987485,5.961005339623274,3.144058785551736,0.07554133981466293,1.4287163532853484,20.0,92.0,1.0
0.8400852878464818,0.5062073347593858,0.3331756327908369,5.978885764901122,3.1526371691065775,0.07554133981466293,2.0369940624152663,21.0,92.0,1.0
0.8470588235294118,0.6042543179221382,0.3574567610065419,5.8888779583328805,3.109484502806863,0.07554133981466293,1.6288208917430593,22.0,92.0,1.0
0.8321513002364066,0.5076256184024598,0.23700683186729216,5.8664680569332965,3.0987521892558383,0.07554133981466293,2.1276496655345487,23.0,92.0,1.0
0.9127272727272727,0.4565971975100742,0.26256771429745657,5.529429087511423,2.9379383183474608,0.07554133981466293,1.262844601446926,24.0,92.0,1.0
0.943217665615142,0.800930631363376,0.21010461891782622,5.703782474656201,3.0209856940038846,0.07554133981466293,1.2712607740657555,25.0,92.0,1.0
0.7987012987012987,0.7406762691987737,0.2359583043548779,6.20050917404269,3.259198265185218,0.07554133981466293,2.51554629708083,26.0,92.0,1.0
0.9012048192771084,0.7784598426725223,0.2900060041337539,5.926926025970411,3.1277168565226234,0.07554133981466293,1.4286386115402179,27.0,92.0,1.0
0.8254847645429363,0.5289077068098254,0.3132143989997984,5.700443573390686,3.0193923792804047,0.07554133981466293,2.1718539045146925,28.0,92.0,1.0
0.8469945355191257,0.6660112882595062,0.28763373548312243,5.739792912179234,3.0381768875019994,0.07554133981466293,1.5691397204836341,29.0,92.0,1.0
0.9090909090909091,0.5653729826964258,0.3540196566862072,5.831882477283517,3.0821981755735477,0.07554133981466293,1.251113886164178,30.0,92.0,1.0
0.9043478260869565,0.7992376571614481,0.31808352169823045,5.746203190540153,3.041238477168779,0.07554133981466293,1.4483169004654726,31.0,92.0,1.0
0.8305084745762712,0.4161192914248696,0.27390010321997754,5.840641657373398,3.0863895830282515,0.07554133981466293,2.1310578973261447,32.0,92.0,1.0
0.9514767932489452,0.5791502138457751,0.2508947647680988,6.113682179832232,3.2173994642586936,0.07554133981466293,1.1393130448606756,33.0,92.0,1.0
0.9196141479099679,0.3576730821669643,0.297701437579468,5.659482215759621,2.9998549258303298,0.07554133981466293,1.2009773314012835,34.0,92.0,1.0
0.7864583333333334,0.40635064127721393,0.29172544451481947,5.713732805509369,3.025734630798558,0.07554133981466293,2.3494711759742377,35.0,92.0,1.0
0.851985559566787,0.5570757585341675,0.2930880490515161,5.4680601411351315,2.9087839681737657,0.07554133981466293,1.5453826435983768,36.0,92.0,1.0
0.8432671081677704,0.402953113282153,0.2730702467716396,5.948034989180646,3.1378379036506057,0.07554133981466293,1.8249867798937573,37.0,92.0,1.0
0.9326923076923077,0.7085548663514599,0.31207408409711185,5.963579343618446,3.1452935205900445,0.07554133981466293,1.2614877764656511,38.0,92.0,1.0
0.8769230769230769,0.29873930629722095,0.33468192157590326,5.83773044716594,3.0849964409545847,0.07554133981466293,1.5179567042807265,39.0,92.0,1.0
0.8801955990220048,0.44434866587471833,0.34499885233580774,5.8888779583328805,3.109484502806863,0.07554133981466293,1.6697213772376303,40.0,92.0,1.0
0.8888888888888888,0.8217582063124992,0.26748396681083125,5.720311776607412,3.0288750842692833,0.07554133981466293,1.363941135457773,41.0,92.0,1.0
0.9197247706422018,0.4781569336206706,0.2338344656092394,5.996452088619021,3.1610676795726267,0.07554133981466293,1.283639570573141,42.0,92.0,1.0
0.9148351648351648,0.5350964428484338,0.29132376816082217,5.8111409929767,3.0722759846910446,0.07554133981466293,1.2654509388421389,43.0,92.0,1.0
0.8869565217391304,0.6120872208306785,0.2702996705079783,6.013715156042802,3.169355355606696,0.07554133981466293,1.7968689543946503,44.0,92.0,1.0
0.8151041666666666,0.47203451544867847,0.2937067566581373,5.749392985908253,3.0427620955781656,0.07554133981466293,1.9988945571327896,45.0,92.0,1.0
0.9082278481012658,0.7424500671748393,0.26430153072094403,5.662960480135946,3.001513299195731,0.07554133981466293,1.3020586949954072,46.0,92.0,1.0
0.9222520107238605,0.4042623043013683,0.25453172366872595,5.84354441703136,3.0877787618435875,0.07554133981466293,1.2848663228331556,47.0,92.0,1.0
0.8141414141414142,0.82736283920737,0.23750694563909863,6.0014148779611505,3.163449948097688,0.07583185285329819,2.028515597770196,1.0,93.0,1.0
0.7934362934362934,0.791598351454004,0.3178249576125646,6.021023349349527,3.172864686238923,0.07583185285329819,1.8849949287559975,2.0,93.0,1.0
0.8754863813229572,0.8769436069189094,0.26698314277593066,6.111467339502679,3.2163340703086214,0.07583185285329819,1.5698471529695992,3.0,93.0,1.0
0.873046875,0.8159268072639494,0.19741800692919426,6.104793232414985,3.2131239119730264,0.07583185285329819,2.083563810902389,4.0,93.0,1.0
0.8837638376383764,0.8962799734424728,0.2918733626245293,6.173786103901937,3.2463269274599886,0.07583185285329819,1.652701247967803,5.0,93.0,1.0
0.8197530864197531,0.5645276823098845,0.28537609293430927,5.808142489980444,3.0708419217261693,0.07583185285329819,1.632462604384487,6.0,93.0,1.0
0.8468634686346863,0.8453811103868428,0.32347646464547347,6.131226489483141,3.2258402046274908,0.07583185285329819,1.9816539877088666,7.0,93.0,1.0
0.8571428571428571,0.8479180677434845,0.23028916156529036,5.968707559985366,3.147753676731401,0.07583185285329819,1.5423255213627136,8.0,93.0,1.0
0.8938428874734607,0.8262288542189765,0.2302867343129282,6.045005314036012,3.1843839530583917,0.07583185285329819,1.461813873358236,9.0,93.0,1.0
0.8487394957983193,0.8360245150439877,0.2857873398855642,6.003887067106539,3.1646367460432785,0.07583185285329819,1.769075759905738,10.0,93.0,1.0
0.8447971781305115,0.8577834510430523,0.28565249561534306,6.173786103901937,3.2463269274599886,0.07583185285329819,2.127144383111032,11.0,93.0,1.0
0.8619909502262444,0.8463373066744675,0.2634783017143251,5.945420608606575,3.1365841725049277,0.07583185285329819,1.521691252221521,12.0,93.0,1.0
0.8577648766328012,0.9237082801019075,0.3051088669035246,6.3835066348840055,3.3474960049329185,0.07583185285329819,1.896171298339404,13.0,93.0,1.0
0.855072463768116,0.8356938283258044,0.2598507023281792,6.025865973825314,3.175190334547559,0.07583185285329819,1.5671003959936523,14.0,93.0,1.0
0.9201030927835051,0.8407620143470166,0.2727914998005408,5.8805329864007,3.1054874638185948,0.07583185285329819,1.3137113114971573,15.0,93.0,1.0
0.9098039215686274,0.8984401719315542,0.26127796199937087,6.142037405587356,3.231042751474132,0.07583185285329819,1.4914711671816656,16.0,93.0,1.0
0.8363636363636363,0.8387807115828172,0.2663824359594802,6.028278520230698,3.1763490268282606,0.07583185285329819,1.7102189993403194,17.0,93.0,1.0
0.8933333333333333,0.8683984637550315,0.31678621538117213,6.152732694704104,3.2361906317473745,0.07583185285329819,1.4418702724546701,18.0,93.0,1.0
0.8232758620689655,0.8487860425050736,0.2712274205087448,5.948034989180646,3.1378379036506057,0.07583185285329819,2.0040869828425922,19.0,93.0,1.0
0.8157894736842105,0.845304965072189,0.3190762711325323,6.0014148779611505,3.163449948097688,0.07583185285329819,1.8902684507470067,20.0,93.0,1.0
0.7957446808510639,0.7560802569310168,0.2970337711481452,5.926926025970411,3.1277168565226234,0.07583185285329819,1.8971665645567373,21.0,93.0,1.0
0.7544554455445545,0.6134200080060882,0.25571298643865487,5.945420608606575,3.1365841725049277,0.07583185285329819,2.131143837884611,22.0,93.0,1.0
0.8670212765957447,0.7930243832457383,0.31097062378411766,5.7899601708972535,3.0621479206782674,0.07583185285329819,1.5277944612387018,23.0,93.0,1.0
0.8396946564885496,0.6623943154091524,0.24526653335944756,5.802118375377063,3.0679610941199775,0.07583185285329819,1.563717462414659,24.0,93.0,1.0
0.8135593220338984,0.6854791744977632,0.2962871132494609,5.953243334287785,3.1403357621918144,0.07583185285329819,1.7387242123059248,25.0,93.0,1.0
0.8357664233576643,0.8735895278777107,0.21322109559080932,6.129050210060545,3.2247930321274607,0.07583185285329819,1.8020495604901718,26.0,93.0,1.0
0.8673740053050398,0.7407293998654275,0.2809442432053427,5.793013608384144,3.0636077182062085,0.07583185285329819,1.456206520583262,27.0,93.0,1.0
0.7793240556660039,0.7142925512298967,0.2414399317908438,5.973809611869261,3.150201518454589,0.07583185285329819,2.098367634974114,28.0,93.0,1.0
0.8003802281368821,0.8243617616228615,0.28859784561377283,6.045005314036012,3.1843839530583917,0.07583185285329819,1.7575189165185683,29.0,93.0,1.0
0.8291139240506329,0.847326501874325,0.19550411652219393,5.976350909297934,3.1514208600279643,0.07583185285329819,1.5832939125906684,30.0,93.0,1.0
0.8181818181818182,0.794028128672016,0.25808434823851345,6.091309882077698,3.206639769098842,0.07583185285329819,2.0306976697511385,31.0,93.0,1.0
0.7474120082815735,0.7271995888995526,0.2969810259178417,5.891644211825771,3.1108096154451643,0.07583185285329819,2.2971640176130914,32.0,93.0,1.0
0.8655097613882863,0.7538936872262487,0.3496227257117343,5.991464547107982,3.158673752678844,0.07583185285329819,1.6010823681802064,33.0,93.0,1.0
0.8641686182669789,0.6887420737612792,0.2690527833379799,5.91350300563827,3.121283105238069,0.07583185285329819,1.5496854379756144,34.0,93.0,1.0
0.7504105090311987,0.8382026615943318,0.2896888717792774,6.126869184114185,3.2237436162807276,0.07583185285329819,3.0714484266448743,35.0,93.0,1.0
0.8394607843137255,0.932658434291158,0.3130628686267698,6.530877627725885,3.418791985002002,0.07583185285329819,1.8196644741534909,36.0,93.0,1.0
0.8581081081081081,0.8075278933350964,0.3734360067762118,6.2324480165505225,3.274589577583748,0.07583185285329819,1.7082329457054783,37.0,93.0,1.0
0.7716262975778547,0.6875000453131168,0.327461157550841,6.102558594613569,3.212049166133297,0.07583185285329819,2.1717520963938566,38.0,93.0,1.0
0.7891304347826087,0.816400453251233,0.22351803122146305,5.8971538676367405,3.1134491080737265,0.07583185285329819,2.2736603270096376,39.0,93.0,1.0
0.7945619335347432,0.9402788891131143,0.24786046224777908,6.267200548541362,3.291346289814672,0.07583185285329819,2.1294321897524506,40.0,93.0,1.0
0.7212121212121212,0.762872522885863,0.2896075665962932,5.8805329864007,3.1054874638185948,0.07583185285329819,2.8296398689881417,41.0,93.0,1.0
0.8797709923664122,0.8885030761098593,0.27450991729770946,6.135564891081739,3.2279278580058395,0.07583185285329819,1.6097578956255776,42.0,93.0,1.0
0.746641074856046,0.8138656374502817,0.29296300521559626,5.966146739123692,3.146525145745436,0.07583185285329819,2.5320851997717244,43.0,93.0,1.0
0.7854477611940298,0.7217698724941654,0.2809761986697947,6.045005314036012,3.1843839530583917,0.07583185285329819,2.2421105405265416,44.0,93.0,1.0
0.8195488721804511,0.9322821594822241,0.2576967325325994,6.484635235635252,3.3964031925516505,0.07583185285329819,1.9059176831729987,45.0,93.0,1.0
0.9013333333333333,0.8326560114018371,0.2716504611050493,5.82600010738045,3.0793837807874476,0.07583185285329819,1.387558988770666,46.0,93.0,1.0
0.8145695364238411,0.4370977437549657,0.34678226705091525,5.91350300563827,3.121283105238069,0.07583185285329819,1.7863350965097666,47.0,93.0,1.0
0.7575757575757576,0.7156436506274105,0.25776777372844173,5.62040086571715,2.9812302046644343,0.07583185285329819,1.9940737644260886,48.0,93.0,1.0
0.8542435424354243,0.9053128923576633,0.25083483206375323,6.139884552226255,3.23000665263668,0.07583185285329819,1.653479972885249,49.0,93.0,1.0
0.8035363457760314,0.6627645886501304,0.32890938428122735,6.016157159698354,3.1705279314042873,0.07583185285329819,1.907410592579254,50.0,93.0,1.0
0.75,0.7963626550881217,0.3332823555229493,5.676753802268282,3.0080909221463434,0.07583185285329819,2.4560364501784133,51.0,93.0,1.0
0.758985200845666,0.8300256661223948,0.2983487875321499,5.886104031450156,3.1081557865296174,0.07583185285329819,2.3855533895938477,52.0,93.0,1.0
0.8478260869565217,0.8109382741653197,0.2562385179294282,5.968707559985366,3.147753676731401,0.07583185285329819,1.6901478220823178,53.0,93.0,1.0
0.6949838187702265,0.8077974563272586,0.329998814928529,6.756932389247553,3.5284562242384374,0.08046483993530273,3.4664365373384856,1.0,94.0,1.0
0.7588495575221239,0.7284872730179612,0.32057482370716,6.532334292222349,3.419497499040171,0.08046483993530273,3.0089024058124627,2.0,94.0,1.0
0.7653429602888087,0.8620890160404738,0.31723068520820463,6.744059186311348,3.522201810696891,0.08046483993530273,3.433005505053752,3.0,94.0,1.0
0.7078724788549121,0.9014768081472536,0.3143727709644267,6.9930151229329605,3.643343552337142,0.08046483993530273,4.369578438101526,4.0,94.0,1.0
0.6253096614368291,0.7588380331182886,0.37593849635648674,8.016317898503415,4.144750445883983,0.08046483993530273,6.898215293822157,5.0,94.0,1.0
0.747483989021043,0.8227796888409977,0.3039801015276738,6.706862336602747,3.5041359904765264,0.08046483993530273,3.52764742334179,6.0,94.0,1.0
0.749791492910759,0.8134383838236285,0.3758761003636686,6.802394763324311,3.550552681053241,0.08046483993530273,3.2734113297094534,7.0,94.0,1.0
0.6499589153656532,0.6465480500596025,0.3339506895421301,6.674561391814426,3.488455553134174,0.08046483993530273,2.8751708039789126,8.0,94.0,1.0
0.7083333333333334,0.9068485068047126,0.43635442676981195,5.926926025970411,3.1277168565226234,0.08046483993530273,2.8502723226306284,9.0,94.0,1.0
0.9231638418079096,0.8958977073848697,0.29854523607292616,6.706862336602747,3.5041359904765264,0.08046483993530273,1.5281186315308615,10.0,94.0,1.0
0.8526194588370755,0.9461759133259556,0.3181495761268399,7.301147805856032,3.793786081865444,0.08046483993530273,2.349223090432349,11.0,94.0,1.0
0.6812182741116751,0.8396359735332568,0.3204909553170677,6.51025834052315,3.408806987605452,0.08046483993530273,4.587683989314576,12.0,94.0,1.0
0.7399497487437185,0.8204280484001358,0.28804509449059545,6.380122536899765,3.3458607509755636,0.08046483993530273,3.248177871523314,13.0,94.0,1.0
0.603651578546976,0.9320193912687845,0.3439436653764081,7.370230641807081,3.827584992931917,0.08046483993530273,7.015678497049534,14.0,94.0,1.0
0.8854282536151279,0.8642622582717772,0.3928412684986513,6.680854678790215,3.4915100641572487,0.08046483993530273,1.661352006375541,15.0,94.0,1.0
0.7898966704936854,0.8849008405284639,0.3748467310073033,6.535241271013659,3.420905497346099,0.08046483993530273,2.605350834718723,16.0,94.0,1.0
0.7407024793388429,0.7413451466263121,0.2986974531294341,6.576469569048224,3.4408810039183138,0.08046483993530273,3.2281223846380276,17.0,94.0,1.0
0.6912972085385879,0.9039947714675571,0.3803064800517518,6.736966958001855,3.51875653682786,0.08046483993530273,4.072416032867683,18.0,94.0,1.0
0.7387622149837133,0.8554248032972152,0.3468915834937738,7.034387929915503,3.663512265700268,0.08046483993530273,4.5073637101805275,19.0,94.0,1.0
0.7052474879047265,0.7897396488015016,0.38243081756941066,7.547501682814967,3.914423082475742,0.08046483993530273,3.1203987432598295,20.0,94.0,1.0
0.8488479262672811,0.9209138148187938,0.31816767115522615,6.826545223556594,3.5622961656663312,0.08046483993530273,1.9714871615805187,21.0,94.0,1.0
0.7631004366812227,0.7423113492444248,0.3168723908443958,6.551080335043404,3.428578235385295,0.08046483993530273,3.3310299274223625,22.0,94.0,1.0
0.8348623853211009,0.9079981098092437,0.3184449977690515,6.709304340258299,3.5053217429951005,0.08046483993530273,2.0375601495665294,23.0,94.0,1.0
0.8578199052132701,0.9118514100261175,0.26538155947863834,6.586171654854675,3.4455835192576023,0.08046483993530273,1.963007554295515,24.0,94.0,1.0
0.6876106194690266,0.8052316129192323,0.272524849835438,6.656726524178391,3.479800685627379,0.08046483993530273,3.6887395531625415,25.0,94.0,1.0
0.8826868495742668,0.8133441091298054,0.3662537190871533,6.839476438228843,3.56858567381442,0.08046483993530273,1.6101368911386063,26.0,94.0,1.0
0.8232876712328767,0.8843095888172636,0.32502686012357745,6.400257445308821,3.3555915779487355,0.08046483993530273,2.2980090931491817,27.0,94.0,1.0
0.7163412127440905,0.7109924255474017,0.38953339183268365,6.548219102762372,3.4271920675450747,0.08046483993530273,2.6950309173491163,28.0,94.0,1.0
0.7555066079295154,0.8913926037097013,0.32800628545601096,6.532334292222349,3.419497499040171,0.08046483993530273,3.862243243927703,29.0,94.0,1.0
0.7460510328068044,0.8360297919381731,0.2743788125436782,6.421622267806518,3.3659201866558828,0.08046483993530273,3.5872274555521604,30.0,94.0,1.0
0.8179012345679012,0.9027170933801169,0.28106968944164223,6.679599185844383,3.490900676352285,0.08046483993530273,3.257918308130064,31.0,94.0,1.0
0.6830882352941177,0.907649380998124,0.321248717828633,6.835184586147301,3.566498076950735,0.08046483993530273,4.378829993289149,32.0,94.0,1.0
0.7336244541484717,0.8118500890830119,0.3276222400507922,6.511745329644728,3.409526966341127,0.08046483993530273,3.2316156633082866,33.0,94.0,1.0
0.7426636568848759,0.8013335166576273,0.3828891079354555,6.490723534502507,3.3993500180758454,0.08046483993530273,3.1732318914922817,34.0,94.0,1.0
0.7080979284369114,0.899232290206152,0.28460527724951773,6.6240652277998935,3.463956549175465,0.08046483993530273,2.8624329043513117,35.0,94.0,1.0
0.6563745019920318,0.675359268288423,0.3436626267072063,6.492239835020471,3.400083972114469,0.08046483993530273,3.060333829326568,36.0,94.0,1.0
0.7345750873108265,0.8068016465142965,0.3023803080335718,6.448889394146858,3.3791072226227974,0.08046483993530273,3.454422996143052,37.0,94.0,1.0
0.8328611898016998,0.8203311137221883,0.388352692208214,6.3784261836515865,3.3450410773038,0.08046483993530273,2.701938132157144,38.0,94.0,1.0
0.7341897233201581,0.8124535059104668,0.3723293539110633,6.612041034833092,3.4581254245357638,0.08046483993530273,3.6039833629799403,39.0,94.0,1.0
0.7289902280130293,0.9557671058951649,0.38794940756963475,7.02108396428914,3.6570256561425833,0.08046483993530273,2.7761903886425365,40.0,94.0,1.0
0.7916666666666666,0.8892680975649734,0.3458552542302446,6.774223886357614,3.536858968156839,0.08046483993530273,3.7234891750668497,41.0,94.0,1.0
0.707731520815633,0.8636556806713465,0.36174847404834143,6.726233402358747,3.513543007786952,0.08046483993530273,4.479883489330694,42.0,94.0,1.0
0.6042249145697421,0.9728742626257992,0.3192216876165406,7.57353126274595,3.927186495574432,0.08046483993530273,9.848186724893715,43.0,94.0,1.0
0.5655172413793104,0.993314303446255,0.4549260323879527,5.10594547390058,2.737628678728648,0.08046483993530273,5.049524204775826,44.0,94.0,1.0
0.738728323699422,0.842457014218339,0.39442237873704006,6.461468176353717,3.385192503791494,0.08046483993530273,3.292946704554145,45.0,94.0,1.0
0.7105416423995341,0.8097901126549818,0.4147860171577891,7.107425474110705,3.6991413682208663,0.08046483993530273,2.9227727568767987,46.0,94.0,1.0
0.724809483488569,0.5670719270029282,0.33797186367613014,6.75343791859778,3.5267583364226742,0.08267233520746231,2.4404906228942096,1.0,95.0,1.0
0.7431457431457431,0.8142694089485466,0.36021685093930217,6.93828448401696,3.616678703245384,0.08267233520746231,2.3555482079398105,2.0,95.0,1.0
0.9495365602471678,0.8475313336076168,0.30622204435054645,6.827629234502852,3.5628233680396137,0.08267233520746231,1.3236874557730829,3.0,95.0,1.0
0.7978142076502732,0.7783696827289304,0.349180303545669,6.594413459749778,3.449578772169341,0.08267233520746231,2.508020151130543,4.0,95.0,1.0
0.8673946957878315,0.8901851896219243,0.33300551134322154,7.014814351275545,3.6539691425421603,0.08267233520746231,1.5744154528846839,5.0,95.0,1.0
0.9034296028880866,0.7931399801132805,0.3965542440373043,6.90975328164481,3.6027854500127896,0.08267233520746231,1.4240719783746947,6.0,95.0,1.0
0.626737651582372,0.9853693097240384,0.4207810294623915,7.659171367666058,3.9692011986893245,0.08267233520746231,4.781844585065393,7.0,95.0,1.0
0.9161676646706587,0.8781377157481641,0.35556962908339923,7.228388451573604,3.7582151634116907,0.08267233520746231,1.5318796981897023,8.0,95.0,1.0
0.7448347107438017,0.8743345055200861,0.324222749148101,6.582025138892826,3.4435736579940515,0.08267233520746231,2.364527522052116,9.0,95.0,1.0
0.7430617726051925,0.8664855753681014,0.3545560487308257,6.7226297948554485,3.511792826566023,0.08267233520746231,2.6087601948007935,10.0,95.0,1.0
0.8778846153846154,0.9346462370568532,0.29913358508376214,6.81783057145415,3.558058118328281,0.08267233520746231,1.837504538575573,11.0,95.0,1.0
0.823943661971831,0.7717198994141916,0.2895800800858322,6.709304340258299,3.5053217429951005,0.08267233520746231,1.9465211453380091,12.0,95.0,1.0
0.8841870824053452,0.8884221223361068,0.36748033266555746,6.678342114654332,3.490290533233106,0.08267233520746231,1.7176175966930456,13.0,95.0,1.0
0.9210998206814106,0.9089895403133649,0.30536279654099713,7.340835554123275,3.8132004175227747,0.08267233520746231,1.552639046246136,14.0,95.0,1.0
0.8986384266263238,0.8380812382080662,0.41891000461655986,6.38856140554563,3.349938720549436,0.08267233520746231,1.5749755746374097,15.0,95.0,1.0
0.7156789197299325,0.5901814974766014,0.3589503573457317,6.86171134048073,3.57940280349561,0.08267233520746231,2.8790409438765403,16.0,95.0,1.0
0.8783902012248469,0.9454420312147789,0.3112465968477812,6.912742820493176,3.604240970451466,0.08267233520746231,1.8133220797984009,17.0,95.0,1.0
0.885036496350365,0.8355817208589633,0.3330004449910545,6.878326468291325,3.5874879803084463,0.08267233520746231,2.0147241001571716,18.0,95.0,1.0
0.8823529411764706,0.8684482185496917,0.3617610357389274,6.660575149839686,3.481668154607897,0.08267233520746231,1.4711619387135548,19.0,95.0,1.0
0.899352983465133,0.8928642649963641,0.37181095394734737,7.132497551660044,3.7113789939479025,0.08267233520746231,1.6133109210811492,20.0,95.0,1.0
0.8402710551790901,0.9231736464420582,0.44327217040478195,6.767343125265392,3.5335150513247298,0.08267233520746231,2.0181254445332564,21.0,95.0,1.0
0.884963768115942,0.8624863247778582,0.31066630539161116,6.885509670034818,3.590983970680228,0.08267233520746231,1.5648970928249581,22.0,95.0,1.0
0.7359154929577465,0.9207530807489513,0.3935238959864167,7.134890851565884,3.7125473423886604,0.08267233520746231,4.156370248661686,23.0,95.0,1.0
0.6834879406307978,0.9741014699082964,0.38221970210484096,7.519149957669823,3.900524596916775,0.08267233520746231,2.985817965267797,24.0,95.0,1.0
0.8335287221570926,0.8230449657349854,0.3767461646556994,6.568077911411976,3.4368141803298893,0.08267233520746231,1.866974858981342,25.0,95.0,1.0
0.8015625,0.6510611902399859,0.4502451978878254,6.2422232654551655,3.2793019394667504,0.08267233520746231,2.187095283300855,26.0,95.0,1.0
0.8864583333333333,0.8712610767817125,0.33078631779222895,6.747586526829315,3.523915451600471,0.08267233520746231,1.553979079994043,27.0,95.0,1.0
0.8612167300380228,0.885897531756354,0.3880392775132677,6.810142450115136,3.554319689772371,0.08267233520746231,1.735554363959391,28.0,95.0,1.0
0.8237145855194123,0.8084200214642114,0.26863775400697903,6.666956792429207,3.484764943132615,0.08267233520746231,1.7806091180217791,29.0,95.0,1.0
0.8214492753623188,0.9395134263629438,0.33694639986582653,7.257002707092073,3.772200900771105,0.08267233520746231,2.2076045266857074,30.0,95.0,1.0
0.8179800221975583,0.7647600700298398,0.33714011559956397,6.6039438246004725,3.454199256940107,0.08267233520746231,1.9723435725093357,31.0,95.0,1.0
0.7596153846153846,0.5583244944062679,0.3516513334403149,6.76849321164863,3.534073949527261,0.08267233520746231,2.079976400208181,32.0,95.0,1.0
0.9043736100815419,0.8872807299351356,0.3415552447909243,7.107425474110705,3.6991413682208663,0.08267233520746231,1.5998167673386121,33.0,95.0,1.0
0.9272727272727272,0.8053121175786301,0.3299875096196572,6.5722825426940075,3.438851795443043,0.08267233520746231,1.4654949787390374,34.0,95.0,1.0
0.8576470588235294,0.8519436689878657,0.2932225266423678,6.593044534142437,3.448915145987127,0.08267233520746231,1.7032122180978584,35.0,95.0,1.0
0.7923847695390781,0.9809377633226112,0.33446852952774264,7.589841512182657,3.9351856903873292,0.08267233520746231,3.9540361702629365,36.0,95.0,1.0
0.7546071774975752,0.9202244258984023,0.33034826643979576,6.658011045870748,3.480423962915012,0.08267233520746231,2.29471268424513,37.0,95.0,1.0
0.8732125834127741,0.8736237255738459,0.40510631205838465,6.821107472256465,3.559651660360715,0.08267233520746231,2.9919921306100647,38.0,95.0,1.0
0.889315910837817,0.8101057503405827,0.37302988340687804,7.05444965813294,3.673295703418459,0.08267233520746231,1.5111306693728268,39.0,95.0,1.0
0.7561643835616438,0.7810039054938785,0.30903545986199327,6.315358001522335,3.314582570774374,0.08267233520746231,2.413788808994058,40.0,95.0,1.0
0.7498751872191712,0.9433950253878014,0.4160470269044418,7.315218389752975,3.800668162824052,0.08267233520746231,4.4295991650217434,41.0,95.0,1.0
0.8624260355029586,0.8658966935351036,0.35504482301809664,6.369900982828227,3.3409220577548453,0.08267233520746231,1.5631048550181939,42.0,95.0,1.0
0.8888888888888888,0.8772847044191671,0.3291481570520889,6.511745329644728,3.409526966341127,0.08267233520746231,1.5450630740000244,43.0,95.0,1.0
0.8639798488664987,0.8688136387336656,0.33205355453727975,6.532334292222349,3.419497499040171,0.08267233520746231,1.7289333983420698,44.0,95.0,1.0
0.8373362445414847,0.8672231060002019,0.3196423165287121,6.643789733147672,3.4735241112040596,0.08267233520746231,1.8139467325189367,45.0,95.0,1.0
0.7364447494852436,0.5080826088726232,0.3834363953120607,6.97914527506881,3.636584443378882,0.08267233520746231,2.2674392744315868,46.0,95.0,1.0
0.7703583061889251,0.44193242413336364,0.4162840658532349,6.161207321695077,3.2402703450710373,0.079732745885849,1.931738950940101,1.0,96.0,1.0
0.751357220412595,0.6747610632791199,0.3820664127394426,6.541029999189903,3.4237094557778343,0.079732745885849,2.6442916942318524,2.0,96.0,1.0
0.6832105467235362,0.9290578104702893,0.2981885246342535,7.47477218239787,3.8787774708279668,0.079732745885849,5.029343434004576,3.0,96.0,1.0
0.7489433643279797,0.7988628815396236,0.43100121935862395,6.787844982309579,3.5434794675162085,0.079732745885849,2.3127755971394066,4.0,96.0,1.0
0.9068181818181819,0.4003672981831725,0.33211283094991284,5.991464547107982,3.158673752678844,0.079732745885849,1.2745525821341306,5.0,96.0,1.0
0.7777777777777778,0.46432112859726277,0.30067731237868645,6.366470447731438,3.339264725630266,0.079732745885849,2.5019229138371437,6.0,96.0,1.0
0.8353909465020576,0.8336123766469233,0.27216681667270404,6.70073110954781,3.501159055261464,0.079732745885849,1.8186547849302994,7.0,96.0,1.0
0.8092243186582809,0.9132238027600095,0.30340114824738307,7.055312843339752,3.6737167024507418,0.079732745885849,1.8698367544772527,8.0,96.0,1.0
0.817629179331307,0.5918094545972952,0.2346467855765881,6.694562058521095,3.4981640105880034,0.079732745885849,2.051162584479022,9.0,96.0,1.0
0.9056603773584906,0.5292005124938498,0.33610547899179877,5.953243334287785,3.1403357621918144,0.079732745885849,1.2510769167108853,10.0,96.0,1.0
0.8272189349112427,0.7686807261190798,0.32023255010067586,6.551080335043404,3.428578235385295,0.079732745885849,1.7334924285034055,11.0,96.0,1.0
0.8006535947712419,0.8926992246689407,0.3401656451633898,6.601230118728877,3.452883540659941,0.079732745885849,1.9990711990427041,12.0,96.0,1.0
0.8166351606805293,0.952510546076099,0.30644749586500064,6.07073772800249,3.1967496595577645,0.079732745885849,1.9325478903213318,13.0,96.0,1.0
0.8816986855409504,0.6812532326112154,0.34958302657331075,6.771935555839602,3.535746849448343,0.079732745885849,1.8370872841936317,14.0,96.0,1.0
0.8378812199036918,0.42033160221479704,0.39500634660013245,6.259581464064923,3.2876717382596228,0.079732745885849,2.198287954399565,15.0,96.0,1.0
0.791743119266055,0.8867310646734186,0.245783951738524,6.761572768804055,3.5307110084864894,0.079732745885849,3.0748878210938133,16.0,96.0,1.0
0.8754266211604096,0.6386641222075549,0.24989758212975072,6.2422232654551655,3.2793019394667504,0.079732745885849,1.49232208079117,17.0,96.0,1.0
0.8721804511278195,0.7389196287713938,0.24486745115121175,6.364750756851911,3.3384339569133052,0.079732745885849,1.5511017655883839,18.0,96.0,1.0
0.9029535864978903,0.7425902105948796,0.2879540963528674,6.061456918928017,3.1922890983518433,0.079732745885849,1.3437200862321392,19.0,96.0,1.0
0.8381344307270233,0.44182897614475464,0.3242163663503302,6.416732282512326,3.3635558662074105,0.079732745885849,1.7875804945701574,20.0,96.0,1.0
0.807936507936508,0.3847055121191887,0.25379434143022434,6.234410725718371,3.2755356796562056,0.079732745885849,1.923211226988891,21.0,96.0,1.0
0.7585858585858586,0.8306448499296489,0.30057325482407254,6.62273632394984,3.4633120485778757,0.079732745885849,2.952049930009837,22.0,96.0,1.0
0.8291390728476821,0.446643773838283,0.3855350639409444,6.440946540632921,3.3752652907168783,0.079732745885849,1.9988945571327892,23.0,96.0,1.0
0.7001090512540894,0.5330386811435458,0.2780581708341787,6.466144724237619,3.387455194506941,0.079732745885849,2.228456886104212,24.0,96.0,1.0
0.9163636363636364,0.7798575238926987,0.2959448139393234,6.22455842927536,3.2707868084534972,0.079732745885849,1.3588468876575386,25.0,96.0,1.0
0.7612107623318386,0.7031899753798663,0.35541804006103367,6.522092798170152,3.414537507771146,0.079732745885849,2.382142739905704,26.0,96.0,1.0
0.8036410923276983,0.701101735649756,0.31878932641161467,6.428105272684596,3.3690550153282692,0.079732745885849,2.09317156626269,27.0,96.0,1.0
0.8482384823848238,0.4908939636690563,0.31275466084349995,6.440946540632921,3.3752652907168783,0.079732745885849,1.7201592647124813,28.0,96.0,1.0
0.8066037735849056,0.7317524040830305,0.2711417740989445,6.529418838262226,3.4180854571544943,0.079732745885849,2.361396513549249,29.0,96.0,1.0
0.8090575275397797,0.6761870974821775,0.38269322730218946,6.495265555937008,3.401548600444154,0.079732745885849,2.0740503279818747,30.0,96.0,1.0
0.8297872340425532,0.6017561965384765,0.24707025790049772,6.150602768446279,3.235165373652169,0.079732745885849,1.9223056069257747,31.0,96.0,1.0
0.8025034770514604,0.7737425702499684,0.24525534827037143,6.359573868672378,3.3359331827196006,0.079732745885849,2.3189263986060418,32.0,96.0,1.0
0.7503410641200545,0.6407579153918157,0.32729517967716637,6.311734809152915,3.312833714085301,0.079732745885849,2.2787538748753473,33.0,96.0,1.0
0.847682119205298,0.49952557649026563,0.2573828119476607,5.953243334287785,3.1403357621918144,0.079732745885849,1.4686408840416625,34.0,96.0,1.0
0.912718204488778,0.6435815028217061,0.3070669713344608,5.905361848054571,3.1173818047395194,0.079732745885849,1.226692693659704,35.0,96.0,1.0
0.895870736086176,0.7317826804147535,0.33274341508849253,6.214608098422191,3.2659914932493757,0.079732745885849,1.3796513855546204,36.0,96.0,1.0
0.8524332810047096,0.7182694002922198,0.29118757982834115,6.298949246855942,3.306663161251125,0.079732745885849,1.4881577394174568,37.0,96.0,1.0
0.8184971098265896,0.7499457145565355,0.36710228694295144,6.5638555265321274,3.434768088342044,0.079732745885849,2.2813491741069014,38.0,96.0,1.0
0.8508379888268156,0.9478267129616951,0.3412349460734685,7.329093736246591,3.8074557486354847,0.079732745885849,2.3185720516385895,39.0,96.0,1.0
0.8190630048465266,0.47523603077783333,0.31918733749832895,6.230481447578482,3.2736416465680107,0.079732745885849,1.7663464938072035,40.0,96.0,1.0
0.7849944008958567,0.6340589643256654,0.27514582710523305,6.553933404025811,3.429960506875607,0.079732745885849,1.9179779074973085,41.0,96.0,1.0
0.800978792822186,0.578313318432643,0.3190925815047574,6.198478716492308,3.2582200735808287,0.079732745885849,2.23368751615957,42.0,96.0,1.0
0.8706099815157117,0.5457949761487595,0.32132750022817486,6.156978985585555,3.238234734370268,0.079732745885849,1.7725280013138327,43.0,96.0,1.0
0.8213689482470785,0.437645191214294,0.3149030645503851,6.20050917404269,3.259198265185218,0.079732745885849,1.7277896386741194,44.0,96.0,1.0
0.9213051823416507,0.7679174649863522,0.3488191306417137,6.8679744089702925,3.5824503059758293,0.079732745885849,1.488047234659641,45.0,96.0,1.0
0.8065984072810012,0.4862729907875477,0.3402177854469419,6.565264970035361,3.4354510652515193,0.079732745885849,2.108269932094114,46.0,96.0,1.0
0.7584033613445378,0.5496978567289781,0.346015892761272,6.583409222158765,3.4442445246386226,0.079732745885849,2.0483760858380653,47.0,96.0,1.0
0.8583690987124464,0.4003301566965543,0.3824701507646529,6.398594934535208,3.3547879997000694,0.079732745885849,1.773585479622063,48.0,96.0,1.0
0.866421568627451,0.7327490796122436,0.30360365304531733,6.56244409369372,3.434084161662506,0.079732745885849,1.6976437271828129,49.0,96.0,1.0
0.8492063492063492,0.8074087760247282,0.27100450852158525,6.061456918928017,3.1922890983518433,0.08480192720890045,1.9256710336171203,1.0,97.0,1.0
0.9108910891089109,0.7208676194809934,0.284606048050226,5.910796644040527,3.1199861290795745,0.08480192720890045,1.271108004530736,2.0,97.0,1.0
0.7946428571428571,0.5713878901487702,0.2571519103060814,5.877735781779639,3.104147817354147,0.08480192720890045,1.8556580740273423,3.0,97.0,1.0
0.7874015748031497,0.8562198898292858,0.2705843155231133,6.2166061010848646,3.266954315675413,0.08480192720890045,2.432962341465093,4.0,97.0,1.0
0.8318965517241379,0.7284743364203123,0.29829677389736825,5.958424693029782,3.1428209247966743,0.08480192720890045,1.8326575845148998,5.0,97.0,1.0
0.8610271903323263,0.6578348272479345,0.2884572070648498,5.655991810819852,2.998190888656356,0.08480192720890045,1.3793089945150951,6.0,97.0,1.0
0.8384146341463414,0.8469274042174793,0.27407613152172106,5.62040086571715,2.9812302046644343,0.08480192720890045,1.5613855283402636,7.0,97.0,1.0
0.7601713062098501,0.7015192790607603,0.2572413901934739,5.87493073085203,3.102804487185762,0.08480192720890045,1.9090493573499543,8.0,97.0,1.0
0.7663157894736842,0.6685617892314009,0.2666941081170949,5.8998973535824915,3.1147635268,0.08480192720890045,2.2048781884385025,9.0,97.0,1.0
0.8423423423423423,0.8948396521631742,0.31708556841824354,5.926926025970411,3.1277168565226234,0.08480192720890045,1.708106590652145,10.0,97.0,1.0
0.8989547038327527,0.3567327438406099,0.27783290202153654,5.556828061699537,2.9509677866405175,0.08480192720890045,1.3215003602463935,11.0,97.0,1.0
0.8607242339832869,0.4511318253243427,0.3095599125927737,5.736572297479192,3.0366388555496324,0.08480192720890045,1.6800685853204158,12.0,97.0,1.0
0.8169642857142857,0.5793980453222989,0.27506658154639935,5.905361848054571,3.1173818047395194,0.08480192720890045,1.8671467344260142,13.0,97.0,1.0
0.815068493150685,0.6210579938446134,0.3257555691589296,5.476463551931511,2.91277372451585,0.08480192720890045,1.5590302308474608,14.0,97.0,1.0
0.92,0.6758007863171783,0.27593593333898475,5.910796644040527,3.1199861290795745,0.08480192720890045,1.3266401138414383,15.0,97.0,1.0
0.8285163776493256,0.760947236946873,0.2856621101871837,6.066108090103747,3.1945244593809208,0.08480192720890045,2.0691941420152316,16.0,97.0,1.0
0.6621287128712872,0.8350739427664747,0.23673408279184174,6.284134161070802,3.2995147517041805,0.08480192720890045,3.289430098819556,17.0,97.0,1.0
0.6656030631780472,0.910396267500419,0.27218330484233705,6.950814768442584,3.6227818853835116,0.08480192720890045,4.82292109880821,18.0,97.0,1.0
0.8138195777351248,0.6842080895546395,0.2828855760731173,6.052089168924417,3.187787517538405,0.08480192720890045,1.9783509949522384,19.0,97.0,1.0
0.78748370273794,0.7885799027200853,0.26393640138390084,6.405228458030842,3.3579944538456363,0.08480192720890045,2.242649772338315,20.0,97.0,1.0
0.7945736434108527,0.623875581189844,0.3451346888793964,6.018593214496234,3.1716977037998157,0.08480192720890045,2.150257051333959,21.0,97.0,1.0
0.850632911392405,0.6874210864286803,0.23801614368504767,5.820082930352362,3.0765530684378692,0.08480192720890045,2.0082244088391166,22.0,97.0,1.0
0.8206785137318255,0.6562820101909027,0.2822237220126396,6.2324480165505225,3.274589577583748,0.08480192720890045,2.1879735868757755,23.0,97.0,1.0
0.877030162412993,0.7939685469135278,0.21507097193587785,5.937536205082426,3.1328035721870147,0.08480192720890045,1.4627334093159519,24.0,97.0,1.0
0.852670349907919,0.8266927286683403,0.2764777931177142,6.139884552226255,3.23000665263668,0.08480192720890045,1.5594921534639576,25.0,97.0,1.0
0.594622543950362,0.9399849033857199,0.29795170792854847,7.048386408721883,3.6703386122406503,0.08480192720890045,5.757524193650682,26.0,97.0,1.0
0.8474264705882353,0.7992818552342723,0.246915411822115,6.135564891081739,3.2279278580058395,0.08480192720890045,1.5122450106711829,27.0,97.0,1.0
0.8605442176870748,0.7917948864121664,0.33559540310840236,6.2285110035911835,3.2726918794891433,0.08480192720890045,2.5057232803413307,28.0,97.0,1.0
0.8369230769230769,0.4709795887524251,0.32132248370027094,5.60947179518496,2.976024646048169,0.08480192720890045,1.5389326179605272,29.0,97.0,1.0
0.9203539823008849,0.5016212036339479,0.2556014502923001,5.746203190540153,3.041238477168779,0.08480192720890045,1.2390311242629308,30.0,97.0,1.0
0.8236363636363636,0.8390145887444765,0.2282923504034154,6.118097198041348,3.219523324828327,0.08480192720890045,1.9641357197937084,31.0,97.0,1.0
0.8531317494600432,0.8263139069152511,0.29693362514493227,5.981414211254481,3.153850460820174,0.08480192720890045,1.6598675329854402,32.0,97.0,1.0
0.778534923339012,0.41027207750847755,0.26626446758401734,6.126869184114185,3.2237436162807276,0.08480192720890045,2.2199936789614534,33.0,97.0,1.0
0.7912621359223301,0.5043060053687014,0.2963480398298182,5.7899601708972535,3.0621479206782674,0.08480192720890045,2.3930396698310283,34.0,97.0,1.0
0.8077634011090573,0.8060085452443798,0.31480797860986937,6.082218910376446,3.202268809820244,0.08480192720890045,1.8365575757245192,35.0,97.0,1.0
0.7311072056239016,0.4697300613368505,0.30059040652755126,6.0330862217988015,3.1786582129639043,0.08480192720890045,2.138830483333052,36.0,97.0,1.0
0.8564356435643564,0.8236112010112718,0.28227277886318364,5.849324779946859,3.090545319982543,0.08480192720890045,1.5887252657157576,37.0,97.0,1.0
0.8668478260869565,0.20156071853934052,0.281793849772054,5.768320995793772,3.051805203465507,0.08480192720890045,1.767893728752346,38.0,97.0,1.0
0.8508557457212714,0.7599567498136404,0.2823985418736058,5.855071922202427,3.0932962940146203,0.08480192720890045,1.5353759790690857,39.0,97.0,1.0
0.7371663244353183,0.8029681254335296,0.2633258621931787,6.577861357721047,3.4415555506156,0.08480192720890045,2.6812967657645017,40.0,97.0,1.0
0.8566308243727598,0.5395188248020258,0.3250032988328536,5.480638923341991,2.91475638775334,0.08480192720890045,1.365579526250134,41.0,97.0,1.0
0.7977883096366508,0.8181096510125462,0.2906392834605418,6.226536669287466,3.2717402691855377,0.08480192720890045,2.1020533543018787,42.0,97.0,1.0
0.823960880195599,0.49045656905166124,0.2564046294498816,5.823045895483019,3.0779704761968443,0.08480192720890045,1.6406920733573587,43.0,97.0,1.0
0.864321608040201,0.33820163082323085,0.2874795438633791,5.84354441703136,3.0877787618435875,0.08480192720890045,1.847024718498376,44.0,97.0,1.0
0.8506787330316742,0.776524218307081,0.26843493138018193,5.932245187448011,3.1302668308155708,0.08480192720890045,1.6023689584305958,45.0,97.0,1.0
0.8235294117647058,0.4378304138119896,0.2978012620774833,5.8998973535824915,3.1147635268,0.08480192720890045,1.97354684599938,46.0,97.0,1.0
0.8521505376344086,0.659306181217199,0.2759317241720599,5.762051382780177,3.048809421238675,0.08480192720890045,1.4254727853161746,47.0,97.0,1.0
0.8125,0.7416107086094595,0.2919883663036237,6.230481447578482,3.2736416465680107,0.08480192720890045,1.9718037744692272,48.0,97.0,1.0
0.8639308855291576,0.8249654477889672,0.26904813288388524,5.993961427306569,3.159872180588705,0.08480192720890045,1.5265756301367428,49.0,97.0,1.0
0.8818342151675485,0.9037526478478191,0.2702085081372733,6.2166061010848646,3.266954315675413,0.08480192720890045,1.4872877846134993,50.0,97.0,1.0
0.9017341040462428,0.9080075900962172,0.44217187542334063,6.150602768446279,3.235165373652169,0.043739207088947296,1.5428309125081459,1.0,98.0,1.0
0.872,0.8074944837435595,0.572496456854705,5.793013608384144,3.0636077182062085,0.043739207088947296,1.4034483752280555,2.0,98.0,1.0
0.891647855530474,0.9024087033210406,0.535784241591534,5.981414211254481,3.153850460820174,0.043739207088947296,1.4928991221400623,3.0,98.0,1.0
0.8698710433763188,0.9589556709911804,0.3892481354408233,6.610696044717759,3.4574732352151702,0.043739207088947296,1.854475311058285,4.0,98.0,1.0
0.7936893203883495,0.725828875859767,0.4638088295415404,5.793013608384144,3.0636077182062085,0.043739207088947296,1.7387309678496328,5.0,98.0,1.0
0.8376511226252159,0.8620631465030963,0.4802380739853856,6.186208623900494,3.252309572886743,0.043739207088947296,1.6936300148842323,6.0,98.0,1.0
0.9203539823008849,0.7475790248144063,0.6038408556893895,5.746203190540153,3.041238477168779,0.043739207088947296,1.2934706741666764,7.0,98.0,1.0
0.8412698412698413,0.8033826468464618,0.49397036425242713,5.583496308781699,2.963657433055631,0.043739207088947296,1.503963035879083,8.0,98.0,1.0
0.9151515151515152,0.8156129136553579,0.3866421864353579,6.118097198041348,3.219523324828327,0.043739207088947296,1.3691738844355443,9.0,98.0,1.0
0.9395348837209302,0.542894660373687,0.5295439848039932,5.313205979041787,2.835403954220472,0.043739207088947296,1.0910957809986674,10.0,98.0,1.0
0.9297658862876255,0.6204921306533647,0.5452322810804351,5.631211781821365,2.9863807074166044,0.043739207088947296,1.1881551697009605,11.0,98.0,1.0
0.9057377049180327,0.8878035427299497,0.48899347404008975,6.093569770045136,3.2077264394885976,0.043739207088947296,1.384688376592607,12.0,98.0,1.0
0.8640483383685801,0.6642906427113381,0.42289418104346477,5.659482215759621,2.9998549258303298,0.043739207088947296,1.4166972506689919,13.0,98.0,1.0
0.8812154696132597,0.8344957720164966,0.5123320422268604,5.768320995793772,3.051805203465507,0.043739207088947296,1.3728314152467607,14.0,98.0,1.0
0.9170506912442397,0.6903164732699528,0.5499440736756005,5.298317366548036,2.8283631889982583,0.043739207088947296,1.1783792417198118,15.0,98.0,1.0
0.8883248730964467,0.8694907200149226,0.5036711506826018,5.860786223465865,3.096031859554354,0.043739207088947296,1.4194180604397575,16.0,98.0,1.0
0.8134020618556701,0.9542405815646334,0.4882568447921312,6.672032945461067,3.4872284218035032,0.043739207088947296,1.932640271461693,17.0,98.0,1.0
0.8959183673469387,0.9020951013536975,0.6098903401708575,6.0867747269123065,3.2044591667776596,0.043739207088947296,1.5289568664319324,18.0,98.0,1.0
0.8506944444444444,0.9089073472637783,0.4148039481433036,6.19644412779452,3.257239926085709,0.043739207088947296,1.5921039436018676,19.0,98.0,1.0
0.8257575757575758,0.8473756505065271,0.3338114692861996,5.793013608384144,3.0636077182062085,0.043739207088947296,1.5192548047520342,20.0,98.0,1.0
0.882466281310212,0.9201480614355323,0.4485919908061189,6.129050210060545,3.2247930321274607,0.043739207088947296,1.6284548193302681,21.0,98.0,1.0
0.8677839851024208,0.8728611810293265,0.5465318965545064,6.1463292576688975,3.233108398772586,0.043739207088947296,1.626619128807723,22.0,98.0,1.0
0.8888888888888888,0.889703185305601,0.43763576445410957,6.159095388491933,3.239253596776368,0.043739207088947296,1.5187543482166632,23.0,98.0,1.0
0.84472049689441,0.908917967553267,0.5825711413919921,6.013715156042802,3.169355355606696,0.043739207088947296,1.6625590895697309,24.0,98.0,1.0
0.851581508515815,0.8052180532225802,0.46407047787653743,5.860786223465865,3.096031859554354,0.043739207088947296,1.423031412468048,25.0,98.0,1.0
0.8660968660968661,0.7821508623850193,0.45764622427923135,5.720311776607412,3.0288750842692833,0.043739207088947296,1.389999931999102,26.0,98.0,1.0
0.8617511520737328,0.8768360024297256,0.35267269616101604,5.926926025970411,3.1277168565226234,0.043739207088947296,1.593018952113309,27.0,98.0,1.0
0.8839779005524862,0.799268838797805,0.5392423068509817,5.771441123130016,3.0532962245824553,0.043739207088947296,1.4121089779538356,28.0,98.0,1.0
0.9130434782608695,0.7279214273150082,0.5331833947602911,5.44673737166631,2.898663870118441,0.043739207088947296,1.2561256378572592,29.0,98.0,1.0
0.9108391608391608,0.9278419391049681,0.4824517243877984,6.257667587882639,3.2867487829667077,0.043739207088947296,1.640604714981386,30.0,98.0,1.0
0.902027027027027,0.9038258737217539,0.4938439501072319,6.282266746896006,3.298613832542201,0.043739207088947296,1.6006648998226634,31.0,98.0,1.0
0.9418416801292407,0.9323988179616542,0.5172185636731601,6.369900982828227,3.3409220577548453,0.043739207088947296,1.561385392896737,32.0,98.0,1.0
0.8843813387423936,0.8661043413219628,0.48284536387362803,6.07993319509559,3.201169945858288,0.043739207088947296,1.4193219933070738,33.0,98.0,1.0
0.9052631578947369,0.832064294399373,0.5396158507633327,6.066108090103747,3.1945244593809208,0.043739207088947296,1.4903728397069196,34.0,98.0,1.0
0.9103260869565217,0.8497548077507632,0.4192583737433901,5.817111159963204,3.0751315334710707,0.043739207088947296,1.335140194319813,35.0,98.0,1.0
0.9078014184397163,0.7838129589221811,0.5199603957189836,5.54907608489522,2.9472805524664683,0.043739207088947296,1.2708980801584522,36.0,98.0,1.0
0.8729792147806005,0.7549247844400762,0.5376497456288449,5.937536205082426,3.1328035721870147,0.043739207088947296,1.4268270349676044,37.0,98.0,1.0
0.8941798941798942,0.8180349628611476,0.4729742214859013,5.82600010738045,3.0793837807874476,0.043739207088947296,1.3577740198212254,38.0,98.0,1.0
0.9246323529411765,0.8899163806345353,0.5390800189446155,6.222576268071369,3.269831490046909,0.043739207088947296,1.416628980077464,39.0,98.0,1.0
0.8910133843212237,0.8471757969966686,0.45760475379847804,6.1463292576688975,3.233108398772586,0.043739207088947296,1.5115723682894517,40.0,98.0,1.0
0.8833922261484098,0.7170917296698975,0.5536607521586512,5.5254529391317835,2.9360481460402674,0.043739207088947296,1.4045320372058032,41.0,98.0,1.0
0.8770833333333333,0.8667622108405616,0.5316789842418912,6.045005314036012,3.1843839530583917,0.043739207088947296,1.3849531092110676,42.0,98.0,1.0
0.8809917355371901,0.9207089345252508,0.5970671247249988,6.280395838960195,3.297711255897661,0.043739207088947296,1.649579676018816,43.0,98.0,1.0
0.9023090586145648,0.8763885315501403,0.4928675047413787,6.2324480165505225,3.274589577583748,0.043739207088947296,1.5155704958192582,44.0,98.0,1.0
0.8966480446927374,0.7721465123220546,0.4707789255214803,5.7745515455444085,3.0547827031513104,0.043739207088947296,1.3590550610648346,45.0,98.0,1.0
0.8837837837837837,0.7612424618748841,0.5189316135879267,5.793013608384144,3.0636077182062085,0.043739207088947296,1.3304988304958816,46.0,98.0,1.0
0.9381188118811881,0.6420826732580662,0.4565613273159754,5.940171252720432,3.1340670235501786,0.043739207088947296,1.2031653035532777,47.0,98.0,1.0
0.9142011834319527,0.8530758411220783,0.4408189058360878,6.428105272684596,3.3690550153282692,0.043739207088947296,1.3599739598959022,48.0,98.0,1.0
0.9208523592085236,0.7894056477831904,0.44339808258264995,6.406879986069314,3.358792807127421,0.043739207088947296,1.3458718446784463,49.0,98.0,1.0
0.9113233287858117,0.8250404637045754,0.4873438314994105,6.505784060128229,3.4066407028003685,0.043739207088947296,1.3370351920583743,50.0,98.0,1.0
0.9375,0.776311952473547,0.5363082628159941,5.351858133476067,2.8536943814877196,0.1822088211774826,1.179841084787405,1.0,99.0,1.0
0.9326424870466321,0.7836221373829622,0.36451029254419226,6.293419278846481,3.303994697788857,0.1822088211774826,1.2655105644442985,2.0,99.0,1.0
0.9205607476635514,0.664523975909733,0.37978329641837333,5.978885764901122,3.1526371691065775,0.1822088211774826,1.279670046653685,3.0,99.0,1.0
0.9274755927475593,0.8766271187404915,0.461271996770368,6.501289670540389,3.404464829231502,0.1822088211774826,1.3740037951799517,4.0,99.0,1.0
0.9221105527638191,0.6635497064318926,0.46917081218458995,5.908082938168931,3.118685701754257,0.1822088211774826,1.223350206755999,5.0,99.0,1.0
0.9241071428571429,0.7407361100709239,0.49328303553325664,6.028278520230698,3.1763490268282606,0.1822088211774826,1.2283731407524592,6.0,99.0,1.0
0.9098901098901099,0.7261973529164049,0.5581667718664685,6.028278520230698,3.1763490268282606,0.1822088211774826,1.3136378793460939,7.0,99.0,1.0
0.9481132075471698,0.524455904999395,0.5245817280158405,5.308267697401205,2.8330683747600656,0.1822088211774826,1.1168396166155514,8.0,99.0,1.0
0.930672268907563,0.7853626670278274,0.5033172156274036,6.095824562432225,3.208810703734761,0.1822088211774826,1.1960386730051624,9.0,99.0,1.0
0.8820375335120644,0.5662198749824,0.4587607599929344,5.799092654460526,3.0665142789978814,0.1822088211774826,1.3101650934241722,10.0,99.0,1.0
0.919093851132686,0.8114100781083005,0.5791974966343442,5.652489180268651,2.996521148598113,0.1822088211774826,1.262063472461734,11.0,99.0,1.0
0.9178082191780822,0.6069308505748877,0.45403722551067455,5.817111159963204,3.0751315334710707,0.1822088211774826,1.2294186155734335,12.0,99.0,1.0
0.8422459893048129,0.7225463024076484,0.4554029808073556,5.755742213586912,3.045795129144854,0.1822088211774826,1.5538325627576908,13.0,99.0,1.0
0.9102902374670184,0.6914875227872278,0.42870681922679893,5.846438775057724,3.0891640000198266,0.1822088211774826,1.2728135065046893,14.0,99.0,1.0
0.914004914004914,0.8665567528585858,0.5052745273278564,5.921578419643816,3.1251535097228054,0.1822088211774826,1.4064024392737533,15.0,99.0,1.0
0.9262820512820513,0.5333465662830896,0.4267660849520619,5.66988092298052,3.004813208801392,0.1822088211774826,1.2312767785451233,16.0,99.0,1.0
0.9239766081871345,0.8180488621913709,0.40702421033033154,6.163314804034641,3.2412849880539736,0.1822088211774826,1.2610718815030284,17.0,99.0,1.0
0.9396984924623115,0.6580470209723718,0.4447969023147158,5.926926025970411,3.1277168565226234,0.1822088211774826,1.1480775943678407,18.0,99.0,1.0
0.9609120521172638,0.7731927190279594,0.40713484508192865,6.3818160174060985,3.346679058663301,0.1822088211774826,1.206233861015392,19.0,99.0,1.0
0.9393939393939394,0.6648720734544064,0.4085036526689016,5.634789603169249,2.9880855085731093,0.1822088211774826,1.2364420374348986,20.0,99.0,1.0
0.9253731343283582,0.418896018866597,0.5271403970348177,5.517452896464707,2.9322456199783513,0.1822088211774826,1.1889015186397678,21.0,99.0,1.0
0.9243986254295533,0.8536721072896531,0.4089384592236946,6.289715570908998,3.3022076251803294,0.1822088211774826,1.3626812888346047,22.0,99.0,1.0
0.9169278996865203,0.7146667427743671,0.42693702703020037,6.373319789577012,3.3425738143784405,0.1822088211774826,1.2558267788858009,23.0,99.0,1.0
0.9420935412026726,0.7181271763775163,0.4473182773101667,6.049733455231958,3.186655623772265,0.1822088211774826,1.1889304082037,24.0,99.0,1.0
0.9336734693877551,0.6023926431053741,0.4444957851987173,5.905361848054571,3.1173818047395194,0.1822088211774826,1.2187801884750211,25.0,99.0,1.0
0.9238900634249472,0.7375689190522893,0.4240592511524127,6.082218910376446,3.202268809820244,0.1822088211774826,1.302346030121385,26.0,99.0,1.0
0.9382716049382716,0.5959085829188596,0.46280267499913935,5.720311776607412,3.0288750842692833,0.1822088211774826,1.1755042878321023,27.0,99.0,1.0
0.9186046511627907,0.6762896760781457,0.42128537055365894,5.75890177387728,3.047304603298942,0.1822088211774826,1.1860373335305632,28.0,99.0,1.0
0.9400921658986175,0.7733914462500786,0.44015209961904267,6.013715156042802,3.169355355606696,0.1822088211774826,1.2145422931635055,29.0,99.0,1.0
0.9346590909090909,0.6784067897952832,0.4890100746063465,5.799092654460526,3.0665142789978814,0.1822088211774826,1.175008239422597,30.0,99.0,1.0
0.8963660834454913,0.9099195185064843,0.4567321637910722,6.502790045915623,3.405191191101765,0.1822088211774826,1.5883561446087013,31.0,99.0,1.0
0.8795811518324608,0.5527923387311859,0.4255542661462032,5.820082930352362,3.0765530684378692,0.1822088211774826,1.3658560080344468,32.0,99.0,1.0
0.9261083743842364,0.7267768102683659,0.48839258783953,5.932245187448011,3.1302668308155708,0.1822088211774826,1.282374485972937,33.0,99.0,1.0
0.896328293736501,0.8133983690069672,0.48609616825412777,6.030685260261263,3.1775049819767096,0.1822088211774826,1.3511128215251387,34.0,99.0,1.0
0.9273743016759777,0.8208186669308135,0.427177934551582,6.212606095751519,3.2650267762701417,0.1822088211774826,1.277045549387439,35.0,99.0,1.0
0.9305555555555556,0.7902967217450164,0.4781368675733071,5.817111159963204,3.0751315334710707,0.1822088211774826,1.2460607292818138,36.0,99.0,1.0
0.9319371727748691,0.7658150393729823,0.43723820129695323,5.877735781779639,3.104147817354147,0.1822088211774826,1.175813685632762,37.0,99.0,1.0
0.9138755980861244,0.6785133288164024,0.49802194279116,5.948034989180646,3.1378379036506057,0.1822088211774826,1.2701138723184446,38.0,99.0,1.0
0.9054878048780488,0.5420663264306483,0.4150612584461175,5.697093486505405,3.0177938398431716,0.1822088211774826,1.1772119401311674,39.0,99.0,1.0
0.9182561307901907,0.737391148807767,0.4502178591943947,5.823045895483019,3.0779704761968443,0.1822088211774826,1.2386657101169367,40.0,99.0,1.0
0.9319526627218935,0.5722642346429595,0.4470581134941399,5.755742213586912,3.045795129144854,0.1822088211774826,1.1779339521958592,41.0,99.0,1.0
0.8808411214953271,0.5555940070669216,0.4144845084980372,5.934894195619588,3.1315368469780993,0.1822088211774826,1.3016248284095289,42.0,99.0,1.0
0.926208651399491,0.6642301811853962,0.3917676563007913,5.8998973535824915,3.1147635268,0.1822088211774826,1.2109964162732465,43.0,99.0,1.0
0.9118942731277533,0.7196698244012074,0.5070468902029209,6.028278520230698,3.1763490268282606,0.1822088211774826,1.2539642339710346,44.0,99.0,1.0
0.9074733096085409,0.4967475403878899,0.5489802540111615,5.545177444479562,2.9454264031731636,0.1822088211774826,1.2334957946768137,45.0,99.0,1.0
0.9148148148148149,0.8213726905169104,0.4531639391198354,6.20455776256869,3.2611488119915713,0.1822088211774826,1.3172061073707033,46.0,99.0,1.0
0.8932203389830509,0.7297025405748767,0.4042477702905781,6.269096283706261,3.2922606426771264,0.1822088211774826,1.3337544271783617,47.0,99.0,1.0
0.9144144144144144,0.2465288329015784,0.46251505944205323,5.318119993844216,2.837728337583938,0.1822088211774826,1.1802253310201594,48.0,99.0,1.0
0.9002375296912114,0.8087592296705782,0.3947763907455024,5.940171252720432,3.1340670235501786,0.1822088211774826,1.3027698038207465,49.0,99.0,1.0
0.9169675090252708,0.6616089002145921,0.5277151556420385,5.541263545158426,2.9435651603027786,0.1822088211774826,1.2316023550837853,50.0,99.0,1.0
0.8230088495575221,0.6974549334980811,0.5084021270019389,5.634789603169249,2.9880855085731093,0.093667171895504,1.549184171500975,1.0,100.0,1.0
0.851063829787234,0.7123223442385466,0.5554137452303012,5.303304908059076,2.8307214899683775,0.093667171895504,1.5027492395138669,2.0,100.0,1.0
0.8349900596421471,0.7203232680416208,0.5604221958271697,6.042632833682381,3.183244151510257,0.093667171895504,1.6270850114283832,3.0,100.0,1.0
0.8638132295719845,0.5966630722621047,0.5829986813535722,5.407171771460119,2.8798988262931906,0.093667171895504,1.3645396481124779,4.0,100.0,1.0
0.8892215568862275,0.26179310942639344,0.5483092981008091,5.697093486505405,3.0177938398431716,0.093667171895504,1.288823615228738,5.0,100.0,1.0
0.9032258064516129,0.522481004094903,0.5799290036538421,5.1298987149230735,2.7489019924817604,0.093667171895504,1.2024846019399984,6.0,100.0,1.0
0.8544152744630071,0.6248846081895163,0.5374663024025311,5.883322388488279,3.1068234468444036,0.093667171895504,1.420520894613179,7.0,100.0,1.0
0.9108635097493036,0.6145797007331449,0.5341232821303347,5.793013608384144,3.0636077182062085,0.093667171895504,1.2559794452887658,8.0,100.0,1.0
0.8653846153846154,0.7242081363730906,0.5511233587069513,5.198497031265826,2.7812260090094854,0.093667171895504,1.371527099022397,9.0,100.0,1.0
0.8901515151515151,0.6418872912813938,0.5306524592054938,5.4638318050256105,2.9067767396614164,0.093667171895504,1.2848582310658678,10.0,100.0,1.0
0.8622950819672132,0.6461350891452006,0.5289425527346722,5.575949103146316,2.9600654559509008,0.093667171895504,1.3896442182183797,11.0,100.0,1.0
0.8660714285714286,0.4437538025016869,0.5212768115932167,5.676753802268282,3.0080909221463434,0.093667171895504,1.4113583457368606,12.0,100.0,1.0
0.8934426229508197,0.4638382086337465,0.5617571147239381,5.389071729816501,2.8713202441079924,0.093667171895504,1.2400419681269583,13.0,100.0,1.0
0.8622950819672132,0.5789536142472897,0.5476382723673158,5.575949103146316,2.9600654559509008,0.093667171895504,1.4208777394056342,14.0,100.0,1.0
0.9379310344827586,0.4129727989829282,0.5340985896205273,5.60947179518496,2.976024646048169,0.093667171895504,1.1564023075095131,15.0,100.0,1.0
0.8601398601398601,0.570130393108501,0.6021383501931169,5.5093883366279774,2.928413127337617,0.093667171895504,1.3962581982958011,16.0,100.0,1.0
0.9087301587301587,0.583245644443957,0.5610215630134783,5.438079308923196,2.894556062106034,0.093667171895504,1.2284111573839598,17.0,100.0,1.0
0.8253275109170306,0.5994254310372185,0.5604915015210459,5.247024072160486,2.8041266834326044,0.093667171895504,1.41842880076918,18.0,100.0,1.0
0.9325153374233128,0.500988842303677,0.5840129435205389,5.030437921392435,2.7021389424282773,0.093667171895504,1.0817477541729785,19.0,100.0,1.0
0.9142857142857143,0.5865845540979363,0.5351276531884895,5.081404364984463,2.726086100628873,0.093667171895504,1.1479041650753028,20.0,100.0,1.0
0.8417721518987342,0.24006302712825797,0.5527953265400329,5.58724865840025,2.9654435299704613,0.093667171895504,1.4532996645490015,21.0,100.0,1.0
0.9237804878048781,0.7662126153780822,0.6483447793269677,5.717027701406222,3.0273073859067696,0.093667171895504,1.3026224847119507,22.0,100.0,1.0
0.9055944055944056,0.6278269719839856,0.5206484097928032,5.560681631015528,2.95280097813573,0.093667171895504,1.2889384122113419,23.0,100.0,1.0
0.8828125,0.3400200676810804,0.5403185898398806,5.424950017481403,2.888328474376144,0.093667171895504,1.3403885038980978,24.0,100.0,1.0
0.9263565891472868,0.6333104830513412,0.5728910316864214,5.480638923341991,2.91475638775334,0.093667171895504,1.2100415007738308,25.0,100.0,1.0
0.8834586466165414,0.6023321610933922,0.5872806829814158,5.4638318050256105,2.9067767396614164,0.093667171895504,1.3281626829369295,26.0,100.0,1.0
0.8924731182795699,0.5346032955670097,0.535180929449733,5.521460917862246,2.934150599309053,0.093667171895504,1.3066261386368023,27.0,100.0,1.0
0.9047619047619048,0.815894202692076,0.6532557750392435,5.5134287461649825,2.9303331491791136,0.093667171895504,1.371887696071323,28.0,100.0,1.0
0.8906882591093117,0.5142988653030461,0.5656301143294032,5.3981627015177525,2.875628482614035,0.093667171895504,1.268249118910966,29.0,100.0,1.0
0.9057591623036649,0.3172661385896108,0.5535125638507837,5.159055299214529,2.762633757250194,0.093667171895504,1.2226674366313355,30.0,100.0,1.0
0.896551724137931,0.21752141546171208,0.5672590079120493,5.056245805348308,2.714260959676752,0.093667171895504,1.1773376052054387,31.0,100.0,1.0
0.9070796460176991,0.4196321866102585,0.6014853326711159,5.327876168789581,2.842343945079886,0.093667171895504,1.25990353276879,32.0,100.0,1.0
0.9008264462809917,0.642556392744661,0.5976749083238552,5.389071729816501,2.8713202441079924,0.093667171895504,1.2798844319284979,33.0,100.0,1.0
0.8905109489051095,0.5041735022146102,0.5514639896245437,5.501258210544727,2.9245501886414424,0.093667171895504,1.2849859414989053,34.0,100.0,1.0
0.921146953405018,0.578103252110787,0.530141902814028,5.552959584921617,2.9491276624177987,0.093667171895504,1.1825506892146218,35.0,100.0,1.0
0.8904593639575972,0.5786568698644288,0.533474105993059,5.53338948872752,2.9398211737233946,0.093667171895504,1.3288567398209536,36.0,100.0,1.0
0.92,0.6577007425206645,0.6168237734360139,5.846438775057724,3.0891640000198266,0.093667171895504,1.2659344662319192,37.0,100.0,1.0
0.9107981220657277,0.6504251515920041,0.5556038996573325,5.272999558563747,2.8163964448261147,0.093667171895504,1.1721381190185178,38.0,100.0,1.0
0.8839285714285714,0.5809660080164153,0.6077639907021954,5.293304824724492,2.8259933593577635,0.093667171895504,1.2998471409086598,39.0,100.0,1.0
0.8838174273858921,0.38636113994940996,0.606605213313785,5.365976015021851,2.8603793245812574,0.093667171895504,1.2841390520267448,40.0,100.0,1.0
0.8962962962962963,0.7747079414860014,0.5482742241908775,5.493061443340548,2.9206563127707246,0.093667171895504,1.3837681753507445,41.0,100.0,1.0
0.9077490774907749,0.3055368294803685,0.5485628382608365,5.5093883366279774,2.928413127337617,0.093667171895504,1.264704283837668,42.0,100.0,1.0
0.9090909090909091,0.31441198159118133,0.5864560940755112,5.25227342804663,2.8066056215387896,0.093667171895504,1.1707282645612498,43.0,100.0,1.0
0.8976744186046511,0.5356149372111854,0.6448979590348453,5.267858159063328,2.813967224545036,0.093667171895504,1.2903134569010797,44.0,100.0,1.0
0.9278846153846154,0.3657596927590036,0.5384463633620307,5.267858159063328,2.813967224545036,0.093667171895504,1.152530415889313,45.0,100.0,1.0
0.8753180661577609,0.7702281879597376,0.5371788716816633,5.84354441703136,3.0877787618435875,0.093667171895504,1.4140503295056006,46.0,100.0,1.0
0.9264069264069265,0.59041797162593,0.6036837574798293,5.3706380281276624,2.8625873288802732,0.093667171895504,1.198415192751982,47.0,100.0,1.0
0.896774193548387,0.5283067331797375,0.6132488020954494,4.941642422609304,2.6604968643718836,0.093667171895504,1.2446809740508866,48.0,100.0,1.0
0.8744939271255061,0.5429922960624104,0.6057415044122116,5.37989735354046,2.866973427027827,0.093667171895504,1.2873539020217344,49.0,100.0,1.0
0.9081272084805654,0.7628425906797028,0.6054959909945604,5.552959584921617,2.9491276624177987,0.093667171895504,1.269935824022498,50.0,100.0,1.0
0.9101796407185628,0.6412908898947035,0.5507651341220328,5.720311776607412,3.0288750842692833,0.093667171895504,1.237966664979769,51.0,100.0,1.0
0.9285714285714286,0.5015725589640497,0.5519932930544414,5.5134287461649825,2.9303331491791136,0.093667171895504,1.1937148851119934,52.0,100.0,1.0
0.9112903225806451,0.28524435784180824,0.5661718013467982,5.424950017481403,2.888328474376144,0.08426635712385178,1.2621211660501668,1.0,101.0,1.0
0.8782608695652174,0.6643696832971697,0.6497039891581775,4.624972813284271,2.5128517139856483,0.08426635712385178,1.196581038612283,2.0,101.0,1.0
0.924074074074074,0.8326468580435508,0.6027751331803749,6.214608098422191,3.2659914932493757,0.08426635712385178,1.3350815857361924,3.0,101.0,1.0
0.9333333333333333,0.8197708649355879,0.6413553740564006,4.04305126783455,2.2453813654404526,0.08426635712385178,1.0869452548779523,4.0,101.0,1.0
0.9464285714285714,0.6334491164219334,0.6662628088114357,3.9889840465642745,2.220802675669457,0.08426635712385178,0.988373472282859,5.0,101.0,1.0
0.9148936170212766,0.7484386089718876,0.5599172593509778,3.784189633918261,2.1281456331370134,0.08426635712385178,1.0058759034481002,6.0,101.0,1.0
0.9248366013071896,0.4052240919098053,0.659260326732307,5.648974238161206,2.9948456661727745,0.08426635712385178,1.1921614865193344,7.0,101.0,1.0
0.9236947791164659,0.8480634951986425,0.649942930087122,6.133398042996649,3.226885143400894,0.08426635712385178,1.3483386296723947,8.0,101.0,1.0
0.93125,0.5873704336850857,0.6544248235958611,5.700443573390686,3.0193923792804047,0.08426635712385178,1.1732615644931434,9.0,101.0,1.0
0.8878357030015798,0.8414780148320746,0.6409369797615156,6.333279628139691,3.3232345766671405,0.08426635712385178,1.4896429611575208,10.0,101.0,1.0
0.9259259259259259,0.6129214119275085,0.6103677080989353,5.420534999272286,2.886234740362867,0.08426635712385178,1.2056100486954242,11.0,101.0,1.0
0.8888888888888888,0.9032226228749558,0.6739187387482587,4.919980925828125,2.6503539451188027,0.08426635712385178,1.3836098020362122,12.0,101.0,1.0
0.8760330578512396,0.7641187088201287,0.6727272677464975,4.672828834461906,2.5350747976897283,0.08426635712385178,1.3116435982862957,13.0,101.0,1.0
0.8103448275862069,0.8036145614552446,0.6145848697253747,4.553876891600541,2.4798976188221338,0.08426635712385178,1.3806946618723623,14.0,101.0,1.0
0.9319148936170213,0.47394288288718045,0.7066377823284262,5.393627546352361,2.873479142517127,0.08426635712385178,1.18525386498632,15.0,101.0,1.0
0.8979591836734694,0.6870203415164111,0.6436628572153241,4.48863636973214,2.4497227984555567,0.08426635712385178,1.1589081280292282,16.0,101.0,1.0
0.8842975206611571,0.6059663474921525,0.6366419010960618,4.68213122712422,2.539398375400319,0.08426635712385178,1.2993852469004425,17.0,101.0,1.0
0.9137931034482759,0.9176859198414812,0.6122895338968072,3.9889840465642745,2.220802675669457,0.08426635712385178,1.3116435982862953,18.0,101.0,1.0
0.9354066985645934,0.7374977773362372,0.6086132327458434,5.971261839790462,3.148979129142304,0.08426635712385178,1.2146879015994128,19.0,101.0,1.0
0.9134615384615384,0.7245222103439238,0.6199586235358892,4.564348191467836,2.484746610702995,0.08426635712385178,1.1089346385116636,20.0,101.0,1.0
0.9203084832904884,0.8024846764329192,0.6207155907015702,5.883322388488279,3.1068234468444036,0.08426635712385178,1.258855592165249,21.0,101.0,1.0
0.8898305084745762,0.7138788968524891,0.6231236039660654,4.663439094112067,2.5307118690388104,0.08426635712385178,1.2004523770989333,22.0,101.0,1.0
0.972972972972973,0.4937253844916105,0.530187391072043,3.6109179126442243,2.050305556619791,0.08426635712385178,0.9057784165965259,23.0,101.0,1.0
0.8526315789473684,0.8188328367997335,0.7033906761704094,4.406719247264253,2.4119248064799916,0.08426635712385178,1.370467405790698,24.0,101.0,1.0
0.8902439024390244,0.7331270315664635,0.5144026329473196,4.304065093204169,2.364702795356865,0.08426635712385178,1.126203141330772,25.0,101.0,1.0
0.9242424242424242,0.7276270559638511,0.6550477912313772,4.127134385045092,2.2837001929163607,0.08426635712385178,1.0331762261917046,26.0,101.0,1.0
0.8523809523809524,0.6931972899131363,0.6656893413438085,5.19295685089021,2.7786133100842805,0.08426635712385178,1.3912318278318903,27.0,101.0,1.0
0.8636363636363636,0.533653054431306,0.5304047472540717,4.060443010546419,2.2532977739004636,0.08426635712385178,1.1192028137544172,28.0,101.0,1.0
0.8666666666666667,0.6097464701347749,0.6609130425096245,4.969813299576001,2.673696981730494,0.08426635712385178,1.3610978134070446,29.0,101.0,1.0
0.9230769230769231,0.8441784063141567,0.6334586422223547,3.8918202981106265,2.1767542821167036,0.08426635712385178,1.0623324506934586,30.0,101.0,1.0
0.923469387755102,0.6546883061615949,0.6895757026669933,5.204006687076795,2.7838246803208118,0.08426635712385178,1.1377216470085643,31.0,101.0,1.0
0.898876404494382,0.6608535309957188,0.6423332920760233,4.394449154672439,2.4062719167378948,0.08426635712385178,1.159528734192799,32.0,101.0,1.0
0.9576271186440678,0.7715365352532256,0.5457160595553363,4.736198448394496,2.564551976845346,0.08426635712385178,1.1154645981892743,33.0,101.0,1.0
0.8974358974358975,0.3661593092889372,0.5990094850967329,4.2626798770413155,2.3457113847084496,0.08426635712385178,1.0904111643833874,34.0,101.0,1.0
0.9389830508474576,0.4764728352999469,0.6329062024593837,5.627621113690637,2.984669918120727,0.08426635712385178,1.1144668162114861,35.0,101.0,1.0
0.9111111111111111,0.5359993833569211,0.588684740922249,3.7376696182833684,2.1071967759753503,0.08426635712385178,1.0025954794773946,36.0,101.0,1.0
0.8515625,0.7596609158616988,0.6323177679601891,4.700480365792417,2.547930302431026,0.08426635712385178,1.3417505247695132,37.0,101.0,1.0
0.8863636363636364,0.7145757411124831,0.5750845647494389,3.6888794541139363,2.085265255882364,0.08426635712385178,1.0474293779723078,38.0,101.0,1.0
0.91701244813278,0.5705633382345757,0.5875146765651238,6.093569770045136,3.2077264394885976,0.08426635712385178,1.2232088192383572,39.0,101.0,1.0
0.9459459459459459,0.778503714306727,0.6095131944791303,3.58351893845611,2.0380440141405214,0.08426635712385178,0.9541265012786456,40.0,101.0,1.0
0.92,0.621279314758749,0.6434717159600325,4.532599493153256,2.4700495577146593,0.08426635712385178,1.182263906446069,41.0,101.0,1.0
0.8297872340425532,0.8143493243635728,0.7079669673447766,3.6888794541139363,2.085265255882364,0.08426635712385178,1.3074860931611798,42.0,101.0,1.0
0.8907563025210085,0.7329056396835879,0.5672434433465754,4.672828834461906,2.5350747976897283,0.08426635712385178,1.1891273546734717,43.0,101.0,1.0
0.9402173913043478,0.8268696328407957,0.6200106785309997,6.253828811575473,3.2848976456499384,0.08426635712385178,1.3264856288858484,44.0,101.0,1.0
0.9491525423728814,0.6781622340306428,0.5605078269379533,4.04305126783455,2.2453813654404526,0.08426635712385178,0.9532014603511507,45.0,101.0,1.0
0.9590643274853801,0.42217039268989287,0.6733402829326749,5.10594547390058,2.737628678728648,0.08426635712385178,1.0330983564927345,46.0,101.0,1.0
0.9405405405405406,0.592301780675204,0.6007716663612939,5.1647859739235145,2.765333937212443,0.08426635712385178,1.096758672525089,47.0,101.0,1.0
0.9285714285714286,0.5970862361689563,0.6564009454900795,4.189654742026425,2.3122664453920354,0.08426635712385178,1.0103810844286452,48.0,101.0,1.0
0.9356435643564357,0.5352544658028352,0.6914329894447153,5.937536205082426,3.1328035721870147,0.08426635712385178,1.1845736406881642,49.0,101.0,1.0
0.9540229885057471,0.48244732048614003,0.5869138542463036,4.430816798843313,2.4230333253154317,0.08426635712385178,0.9905160158692331,50.0,101.0,1.0
0.9148936170212766,0.7425110238862659,0.6025300019648474,3.784189633918261,2.1281456331370134,0.08426635712385178,1.0058759034481002,51.0,101.0,1.0
0.9152542372881356,0.6483827048208022,0.576244327998813,4.007333185232471,2.2291387036566714,0.08426635712385178,0.9885052181419341,52.0,101.0,1.0
0.8686868686868687,0.8661347000899069,0.7083259656943464,4.465908118654584,2.4392254651962633,0.08426635712385178,1.281403184661226,53.0,101.0,1.0
0.9416058394160584,0.6628056195121469,0.5899592600381612,4.867534450455582,2.6258218210326563,0.08426635712385178,1.0653080270109536,54.0,101.0,1.0
0.8651162790697674,0.6402167903548971,0.6672786357412551,5.921578419643816,3.1251535097228054,0.08426635712385178,1.3871687166581652,55.0,101.0,1.0
0.9772727272727273,0.49479011445219545,0.704537633749334,4.465908118654584,2.4392254651962633,0.08426635712385178,0.9214360318697048,56.0,101.0,1.0
0.8169014084507042,0.8034484793212852,0.551717228010732,4.762173934797756,2.5766510524474713,0.08426635712385178,1.460587331593176,57.0,101.0,1.0
0.8877551020408163,0.7522307106851633,0.5252805672749854,4.477336814478207,2.444502988510137,0.08426635712385178,1.250210107965958,58.0,101.0,1.0
0.9459459459459459,0.8383906514273238,0.526976887992729,3.58351893845611,2.0380440141405214,0.08426635712385178,1.0460837570222339,59.0,101.0,1.0
0.9090909090909091,0.8870352104836237,0.44393386836234355,4.110873864173311,2.276280895583685,0.08426635712385178,1.158618511819561,60.0,101.0,1.0
0.9245283018867925,0.7558730012822037,0.5782213903757115,3.912023005428146,2.1859000484124973,0.08426635712385178,1.0406521965976738,61.0,101.0,1.0
0.9081632653061225,0.9034868310664714,0.6764654391432895,4.499809670330265,2.4548861580968118,0.08426635712385178,1.3579178078633771,62.0,101.0,1.0
0.9367088607594937,0.4405788903244698,0.6320566679853735,4.31748811353631,2.370868277237524,0.08426635712385178,1.0267416457032355,63.0,101.0,1.0
0.9183673469387755,0.7742349612049547,0.5787806865827151,3.828641396489095,2.1481974344632753,0.08426635712385178,1.0663633807606547,64.0,101.0,1.0
0.8888888888888888,0.6530310148396665,0.6360198155875456,3.8918202981106265,2.1767542821167036,0.08426635712385178,1.082795707563219,65.0,101.0,1.0
0.9051724137931034,0.4432355100323775,0.6452312324946133,4.663439094112067,2.5307118690388104,0.08426635712385178,1.2360504592000197,66.0,101.0,1.0
0.9090909090909091,0.638318189164055,0.6138618190103498,5.14166355650266,2.7544415768409354,0.08426635712385178,1.1998107678420238,67.0,101.0,1.0
0.9534883720930233,0.7042014823823789,0.5589313736776177,3.7376696182833684,2.1071967759753503,0.08426635712385178,0.9308387988638673,68.0,101.0,1.0
0.9090909090909091,0.49649329647698137,0.5344778578425791,3.713572066704308,2.0963596776086466,0.08426635712385178,1.0276603664643296,69.0,101.0,1.0
0.9251012145748988,0.7361472698208058,0.6507276495292218,6.126869184114185,3.2237436162807276,0.08426635712385178,1.2584511967338192,70.0,101.0,1.0
0.9036144578313253,0.6632316736318878,0.4753120148687711,4.330733340286331,2.3769548387017894,0.08426635712385178,1.1127834958757918,71.0,101.0,1.0
0.9107142857142857,0.7735521619813772,0.5967268496571319,3.9512437185814275,2.203674737153976,0.08426635712385178,1.0466525839149892,72.0,101.0,1.0
0.9077306733167082,0.6472918128302414,0.6990327028355354,5.8998973535824915,3.1147635268,0.08426635712385178,1.260790161262566,73.0,101.0,1.0
0.9565217391304348,0.46361482778971047,0.49482913224034974,3.8066624897703196,2.1382787596317785,0.08426635712385178,0.8673725171231494,74.0,101.0,1.0
0.8611111111111112,0.9091510772646877,0.6346801538640535,5.231108616854587,2.7966128250823066,0.08426635712385178,1.5123986830157357,75.0,101.0,1.0
0.909952606635071,0.4842502087083517,0.6523040104307052,5.953243334287785,3.1403357621918144,0.08426635712385178,1.2322837245714855,76.0,101.0,1.0
0.9036363636363637,0.8131000746546907,0.6193627359472056,6.210600077024653,3.2640601572299572,0.08426635712385178,1.4027061366587839,77.0,101.0,1.0
0.8206521739130435,0.8627840565530274,0.2976618565525326,5.713732805509369,3.025734630798558,0.09417638927698135,1.7086978893935014,1.0,102.0,1.0
0.8810810810810811,0.40247245286791783,0.35208839582400825,5.099866427824199,2.734768780787326,0.09417638927698135,1.234431093510911,2.0,102.0,1.0
0.918918918918919,0.6949658316424219,0.41443685987778794,3.5553480614894135,2.025450485613857,0.09417638927698135,0.9821890454338998,3.0,102.0,1.0
0.9,0.6395859278560372,0.42257985207367604,4.1588830833596715,2.2981986849734186,0.09417638927698135,1.14761872494026,4.0,102.0,1.0
0.8933649289099526,0.8166191952840233,0.23989802853407322,5.934894195619588,3.1315368469780993,0.09417638927698135,1.4306117220630092,5.0,102.0,1.0
0.9228187919463087,0.8109541725690784,0.27864143315180906,5.62040086571715,2.9812302046644343,0.09417638927698135,1.267536272580755,6.0,102.0,1.0
0.9024390243902439,0.7608764912939742,0.41663355886253395,4.31748811353631,2.370868277237524,0.09417638927698135,1.1109841799614373,7.0,102.0,1.0
0.8648648648648649,0.8553958469432683,0.2774984285865395,3.4965075614664802,1.9991904198260104,0.09417638927698135,1.0399586134272,8.0,102.0,1.0
0.8764044943820225,0.7731022797088601,0.38655630402448804,4.3694478524670215,2.3947608173700305,0.09417638927698135,1.2898222323222979,9.0,102.0,1.0
0.8974358974358975,0.50000773273421,0.31631643385216224,4.663439094112067,2.5307118690388104,0.09417638927698135,1.1450678131404357,10.0,102.0,1.0
0.9119638826185101,0.9194664283348422,0.18925857101862092,6.003887067106539,3.1646367460432785,0.09417638927698135,1.607064780035584,11.0,102.0,1.0
0.9152542372881356,0.8234490103049122,0.4029017170415216,4.007333185232471,2.2291387036566714,0.09417638927698135,1.0994050220494684,12.0,102.0,1.0
0.9078651685393259,0.8997414308958028,0.24511056745622298,6.003887067106539,3.1646367460432785,0.09417638927698135,1.4283091963120775,13.0,102.0,1.0
0.8811881188118812,0.6801754269406526,0.3792119432047643,4.499809670330265,2.4548861580968118,0.09417638927698135,1.183694277063012,14.0,102.0,1.0
0.8888888888888888,0.5770436836130627,0.4132559428012766,3.8918202981106265,2.1767542821167036,0.09417638927698135,1.047980563761867,15.0,102.0,1.0
0.8617886178861789,0.5802986379571798,0.3074663526009266,4.672828834461906,2.5350747976897283,0.09417638927698135,1.2265451946126507,16.0,102.0,1.0
0.9310344827586207,0.6276200193490467,0.38938139773197455,4.007333185232471,2.2291387036566714,0.09417638927698135,1.0527536809703355,17.0,102.0,1.0
0.9365079365079365,0.5829043843824271,0.34506613754362603,4.0943445622221,2.268743350700701,0.09417638927698135,1.0423082013110356,18.0,102.0,1.0
0.9354838709677419,0.5201596021856835,0.42873459316096013,4.477336814478207,2.444502988510137,0.09417638927698135,0.9943141114544437,19.0,102.0,1.0
0.9285714285714286,0.3008318481752311,0.40590455429999606,3.970291913552122,2.2123165506785494,0.09417638927698135,1.018573085787785,20.0,102.0,1.0
0.9186046511627907,0.5099096688329158,0.4136103270686784,4.382026634673881,2.400551144083666,0.09417638927698135,1.040668725533498,21.0,102.0,1.0
0.908,0.8400242261250501,0.27256993973180016,5.429345628954441,2.8904132212486964,0.09417638927698135,1.3031808389908617,22.0,102.0,1.0
0.9411764705882353,0.7281223765035449,0.29848999878768634,4.574710978503383,2.48954693226224,0.09417638927698135,1.1479236862590148,23.0,102.0,1.0
0.8893129770992366,0.8565788402498746,0.25942997216496155,5.455321115357702,2.902737237029169,0.09417638927698135,1.3752367405020927,24.0,102.0,1.0
0.8947368421052632,0.7701021556620039,0.35524615306581975,3.5553480614894135,2.025450485613857,0.09417638927698135,0.9821890454338998,25.0,102.0,1.0
0.9615384615384616,0.8610019993954527,0.2722795572948846,3.9318256327243257,2.1948713226061924,0.09417638927698135,1.0876827939303837,26.0,102.0,1.0
0.919093851132686,0.9273964785398678,0.26857409825955986,5.652489180268651,2.996521148598113,0.09417638927698135,1.5479330410528678,27.0,102.0,1.0
0.8375,0.9013173505930361,0.30016476634387323,4.219507705176107,2.3259286538874697,0.09417638927698135,1.3845119214242374,28.0,102.0,1.0
0.90625,0.7382020772439946,0.3754008307102096,4.07753744390572,2.2610836712552906,0.09417638927698135,1.0107649530269076,29.0,102.0,1.0
0.9333333333333333,0.5410535639752299,0.4690451556261403,4.442651256490317,2.42849200854411,0.09417638927698135,1.0667441255331322,30.0,102.0,1.0
0.8656716417910447,0.6795746533118694,0.4809727662385286,4.07753744390572,2.2610836712552906,0.09417638927698135,1.178972491731451,31.0,102.0,1.0
0.9166666666666666,0.8994384319462136,0.22601202922111197,5.926926025970411,3.1277168565226234,0.09417638927698135,1.5605148241663382,32.0,102.0,1.0
0.9107142857142857,0.8050753848730202,0.3484998200167918,3.9512437185814275,2.203674737153976,0.09417638927698135,1.0945337111458262,33.0,102.0,1.0
0.9438202247191011,0.8726248261080107,0.4505351433084424,4.442651256490317,2.42849200854411,0.09417638927698135,1.1585534959357584,34.0,102.0,1.0
0.918918918918919,0.6376776761806237,0.36745480713250855,4.23410650459726,2.3326149477062104,0.09417638927698135,1.0632349951652407,35.0,102.0,1.0
0.9176470588235294,0.5743428045968016,0.42267459795708046,4.3694478524670215,2.3947608173700305,0.09417638927698135,1.0540106322711071,36.0,102.0,1.0
0.9,0.7176250556746291,0.3240920722580008,4.770684624465665,2.5806172672386394,0.09417638927698135,1.250006899144247,37.0,102.0,1.0
0.9397590361445783,0.6427850113625175,0.41807718139909317,4.3694478524670215,2.3947608173700305,0.09417638927698135,1.0381572642537196,38.0,102.0,1.0
0.8805970149253731,0.7489379959248863,0.4894774580862102,4.0943445622221,2.268743350700701,0.09417638927698135,1.1320144930424612,39.0,102.0,1.0
0.8843537414965986,0.8269284210153076,0.30685724460869196,5.564520407322694,2.9546272893015915,0.09417638927698135,1.354601391582471,40.0,102.0,1.0
0.9110169491525424,0.6546145933043425,0.2926777536923665,5.375278407684165,2.8647853327443094,0.09417638927698135,1.217585251778025,41.0,102.0,1.0
0.9054054054054054,0.8322571205569923,0.388689106698879,4.219507705176107,2.3259286538874697,0.09417638927698135,1.1214546563536323,42.0,102.0,1.0
0.9016393442622951,0.24358922619845427,0.4315994418871801,4.02535169073515,2.2373299281296504,0.09417638927698135,0.9888025399367124,43.0,102.0,1.0
0.9433962264150944,0.8404315174069134,0.33833116916367945,3.9318256327243257,2.1948713226061924,0.09417638927698135,1.0876827939303837,44.0,102.0,1.0
0.825,0.7895282470524587,0.3156853604116941,4.204692619390966,2.31914675722242,0.09417638927698135,1.2942721681816682,45.0,102.0,1.0
0.9166666666666666,0.8462338588922211,0.37360547031925784,4.02535169073515,2.2373299281296504,0.09417638927698135,1.1262119445697953,46.0,102.0,1.0
0.8314606741573034,0.7580980435789035,0.3465917022406808,4.31748811353631,2.370868277237524,0.09417638927698135,1.3781610171158385,47.0,102.0,1.0
0.9285714285714286,0.5838300458410385,0.3797298717454258,3.970291913552122,2.2123165506785494,0.09417638927698135,1.0265246496089317,48.0,102.0,1.0
0.8923076923076924,0.768431445159193,0.44551574437569413,4.07753744390572,2.2610836712552906,0.09417638927698135,1.1323236291010679,49.0,102.0,1.0
0.9,0.7049111276423382,0.3977189830863985,4.406719247264253,2.4119248064799916,0.09417638927698135,1.1062531672195446,50.0,102.0,1.0
0.9204545454545454,0.8054140857882934,0.34830142577321044,4.406719247264253,2.4119248064799916,0.09417638927698135,1.1062531672195446,51.0,102.0,1.0
0.8787878787878788,0.7803515381251429,0.3326304338060146,4.07753744390572,2.2610836712552906,0.09417638927698135,1.0866163758223102,52.0,102.0,1.0
0.9323308270676691,0.5316787839733926,0.34938183772536247,4.8283137373023015,2.6075002169011556,0.09417638927698135,1.1212437211157045,53.0,102.0,1.0
0.8275862068965517,0.745544478252276,0.35991214917108966,3.8918202981106265,2.1767542821167036,0.09417638927698135,1.221340984907513,54.0,102.0,1.0
0.9134615384615384,0.8654781487183649,0.32910110096845474,4.564348191467836,2.484746610702995,0.09417638927698135,1.32681578521461,55.0,102.0,1.0
0.9420289855072463,0.86985571208418,0.2639221208587788,5.278114659230518,2.818813548128382,0.09417638927698135,1.2770794727277355,56.0,102.0,1.0
0.918918918918919,0.7506756716291284,0.33735123883518287,4.23410650459726,2.3326149477062104,0.09417638927698135,1.063234995165241,57.0,102.0,1.0
0.8958333333333334,0.5794304459880072,0.44092802638312517,3.784189633918261,2.1281456331370134,0.09417638927698135,1.0570587530315747,58.0,102.0,1.0
0.8979591836734694,0.4243202165439387,0.37997028206755096,3.8066624897703196,2.1382787596317785,0.09417638927698135,1.0541170310843626,59.0,102.0,1.0
0.9555555555555556,0.6816622305470902,0.3763196167829093,3.784189633918261,2.1281456331370134,0.09417638927698135,0.8875439710097343,60.0,102.0,1.0
0.9607843137254902,0.8322872561864016,0.38887192068102155,3.912023005428146,2.1859000484124973,0.09417638927698135,1.0126298279988601,61.0,102.0,1.0
0.9103448275862069,0.7981399063335682,0.2928273194560335,4.890349128221754,2.6364890077883,0.09417638927698135,1.2137506080946505,62.0,102.0,1.0
0.9,0.5036899775954577,0.3690785301764322,4.976733742420574,2.6769412984288863,0.09417638927698135,1.1296871823630685,63.0,102.0,1.0
0.956989247311828,0.5826839480859837,0.3696829637420704,4.499809670330265,2.4548861580968118,0.09417638927698135,0.9863286778130639,64.0,102.0,1.0
0.8818181818181818,0.8276459676663215,0.3272744439536529,4.584967478670572,2.494299561552343,0.09417638927698135,1.2994587587153403,65.0,102.0,1.0
0.927710843373494,0.5362730022088696,0.3843429739808106,4.356708826689592,2.3888992025669182,0.09417638927698135,1.013370878214865,66.0,102.0,1.0
0.9207920792079208,0.5552966401258406,0.3841698836667631,5.231108616854587,2.7966128250823066,0.09417638927698135,1.1587212788617007,67.0,102.0,1.0
0.8813559322033898,0.5247026816605842,0.3745254999328595,3.970291913552122,2.2123165506785494,0.09417638927698135,1.0265246496089315,68.0,102.0,1.0
0.9397590361445783,0.593464443455608,0.3221134640640927,4.3694478524670215,2.3947608173700305,0.09417638927698135,1.1090426627761103,69.0,102.0,1.0
0.9156118143459916,0.9166610627854046,0.2734520309206067,6.075346031088684,3.1989647913230304,0.09417638927698135,1.537421710243792,70.0,102.0,1.0
0.8650793650793651,0.6976769951297265,0.3530745939926507,4.700480365792417,2.547930302431026,0.09417638927698135,1.254686321475673,71.0,102.0,1.0
0.9333333333333333,0.8017234959031554,0.4506470744818335,4.04305126783455,2.2453813654404526,0.09417638927698135,1.0790596866057194,72.0,102.0,1.0
0.8988095238095238,0.608427742862519,0.3426874446698449,5.0238805208462765,2.69906026873677,0.09417638927698135,1.1990087586838374,73.0,102.0,1.0
0.8907563025210085,0.3160107214511849,0.2734599523132138,4.672828834461906,2.5350747976897283,0.09417638927698135,1.2036709506415428,74.0,102.0,1.0
0.9647058823529412,0.6607716394902192,0.3797889479949862,4.418840607796598,2.4175114245896965,0.09417638927698135,0.9663841309853,75.0,102.0,1.0
0.9274193548387096,0.6222680876988989,0.3822587192052469,4.7535901911063645,2.572651808553629,0.09417638927698135,1.1094706153739438,76.0,102.0,1.0
0.887459807073955,0.8517396584636949,0.27364770081630196,5.6240175061873385,2.9829530981877586,0.09417638927698135,1.357926802158181,77.0,102.0,1.0
0.8686679174484052,0.8999604792677628,0.3144394030624534,6.139884552226255,3.23000665263668,0.09417638927698135,1.5787318764208806,78.0,102.0,1.0
0.9022988505747126,0.555476859256514,0.3008546459324362,5.062595033026967,2.717244499651283,0.09417638927698135,1.1298412343060824,79.0,102.0,1.0
0.9471830985915493,0.6464619759661054,0.6360200730592079,5.598421958998375,2.970762833670308,0.13393589854240417,1.1048435279321662,1.0,103.0,1.0
0.9047619047619048,0.7746001777617572,0.603741972049659,4.74493212836325,2.5686189750208426,0.13393589854240417,1.2684206959866031,2.0,103.0,1.0
0.8947368421052632,0.8246290500632892,0.5439267921376144,4.454347296253507,2.433888922316136,0.13393589854240417,1.2393975371600947,3.0,103.0,1.0
0.9482071713147411,0.9211547429561334,0.6486380638651824,6.1675164908883415,3.2433079930090707,0.13393589854240417,1.4325508106872666,4.0,103.0,1.0
0.9066666666666666,0.887070993588954,0.6527084867525135,4.23410650459726,2.3326149477062104,0.13393589854240417,1.29875486025048,5.0,103.0,1.0
0.851063829787234,0.7408304971682192,0.6399962838483325,4.394449154672439,2.4062719167378948,0.13393589854240417,1.3168598832326006,6.0,103.0,1.0
0.8913043478260869,0.5368442452527642,0.5312416520793006,4.418840607796598,2.4175114245896965,0.13393589854240417,1.1984849495024457,7.0,103.0,1.0
0.975,0.6925434966500313,0.5496705813235637,3.6888794541139363,2.085265255882364,0.13393589854240417,0.9059382957192945,8.0,103.0,1.0
0.8428571428571429,0.798960772159679,0.316381589225672,4.0943445622221,2.268743350700701,0.13393589854240417,1.2254233842582438,9.0,103.0,1.0
0.9472049689440993,0.769668232041498,0.6232141650865984,5.723585101952381,3.0304377585036146,0.13393589854240417,1.1547421698735818,10.0,103.0,1.0
0.94,0.8825548616970977,0.48403733660646814,3.8712010109078907,2.1674269868905855,0.13393589854240417,1.1145488091700324,11.0,103.0,1.0
0.9594594594594594,0.6834935483155259,0.44224779603585385,4.276666119016055,2.3521265808376026,0.13393589854240417,0.9631042890200586,12.0,103.0,1.0
0.8016528925619835,0.7401872412352548,0.3749728560238406,4.584967478670572,2.494299561552343,0.13393589854240417,1.8934501691963759,13.0,103.0,1.0
0.8767123287671232,0.45164943238957683,0.49523896153328417,4.174387269895637,2.3052847792359823,0.13393589854240417,1.251680314597608,14.0,103.0,1.0
0.9397590361445783,0.43212235376601815,0.38294101791401963,5.056245805348308,2.714260959676752,0.13393589854240417,1.0699841306497997,15.0,103.0,1.0
0.9021739130434783,0.7945011504855404,0.5372550198364737,4.430816798843313,2.4230333253154317,0.13393589854240417,1.188839195384702,16.0,103.0,1.0
0.9321357285429142,0.9243084762439964,0.6030709730072429,6.148468295917647,3.2341379656877605,0.13393589854240417,1.5304210000041076,17.0,103.0,1.0
0.944015444015444,0.8924484501262244,0.630796922612704,6.194405391104672,3.2562578148232486,0.13393589854240417,1.379884256380252,18.0,103.0,1.0
0.9090909090909091,0.399812661923316,0.3399969972690936,4.61512051684126,2.508280643053058,0.13393589854240417,1.0734525507339312,19.0,103.0,1.0
0.9222222222222223,0.7542933734852626,0.6385995768863616,5.521460917862246,2.934150599309053,0.13393589854240417,1.2165775175942575,20.0,103.0,1.0
0.9222222222222223,0.6963552538172944,0.4720387970833708,4.430816798843313,2.4230333253154317,0.13393589854240417,1.0952656959122342,21.0,103.0,1.0
0.9130434782608695,0.8038644424477798,0.5614958811079535,3.7612001156935624,2.117788410574075,0.13393589854240417,1.0266884775129066,22.0,103.0,1.0
0.9029850746268657,0.6649563252851782,0.5498024857557514,4.804021044733257,2.5961625662242183,0.13393589854240417,1.1490431522177467,23.0,103.0,1.0
0.9313131313131313,0.9251891469703765,0.5856401149977929,6.135564891081739,3.2279278580058395,0.13393589854240417,1.4514882677555025,24.0,103.0,1.0
0.9227053140096618,0.6645730177778947,0.5104696067110456,5.2574953720277815,2.809071938838489,0.13393589854240417,1.153933757914821,25.0,103.0,1.0
0.9259259259259259,0.7635999805743736,0.6586005954070198,4.330733340286331,2.3769548387017894,0.13393589854240417,1.1127834958757918,26.0,103.0,1.0
0.9349593495934959,0.7969689407678092,0.5667521341803727,5.846438775057724,3.0891640000198266,0.13393589854240417,1.229594270584878,27.0,103.0,1.0
0.94,0.48383365821465224,0.5405341548666419,4.955827057601261,2.6671421080130124,0.13393589854240417,1.0421089023443109,28.0,103.0,1.0
0.9387755102040817,0.40260739738606094,0.4775034228077959,4.9344739331306915,2.657139560878337,0.13393589854240417,1.0768221341078,29.0,103.0,1.0
0.9223300970873787,0.4155785405597285,0.512415755178964,4.564348191467836,2.484746610702995,0.13393589854240417,1.024405196406355,30.0,103.0,1.0
0.9044117647058824,0.6167696382061226,0.47779559158158286,4.820281565605037,2.6037506295363095,0.13393589854240417,1.1622640784817109,31.0,103.0,1.0
0.9615384615384616,0.7793616036754347,0.4919938273941227,3.9318256327243257,2.1948713226061924,0.13393589854240417,0.9541800450968275,32.0,103.0,1.0
0.8863636363636364,0.8540097360664025,0.47435299638592376,3.6888794541139363,2.085265255882364,0.13393589854240417,1.1090426627761105,33.0,103.0,1.0
0.9194630872483222,0.6590087986004436,0.4997297709138112,4.927253685157205,2.6537586998343663,0.13393589854240417,1.231320075492597,34.0,103.0,1.0
0.9098712446351931,0.9254947900379639,0.5869198095292786,6.052089168924417,3.187787517538405,0.13393589854240417,1.526444489493817,35.0,103.0,1.0
0.9354838709677419,0.7214411948566022,0.47043472363141847,4.07753744390572,2.2610836712552906,0.13393589854240417,1.023583986046057,36.0,103.0,1.0
0.8428571428571429,0.8635186562688694,0.43154871896742475,4.0943445622221,2.268743350700701,0.13393589854240417,1.2452318239876934,37.0,103.0,1.0
0.9506172839506173,0.5615635142971614,0.4658720674752296,5.043425116919247,2.7082379976400226,0.13393589854240417,1.0676990820408612,38.0,103.0,1.0
0.9402985074626866,0.4289937007573253,0.4178153136049904,4.1588830833596715,2.2981986849734186,0.13393589854240417,1.0003769809157776,39.0,103.0,1.0
0.9413680781758957,0.8508323260560863,0.6077238534917572,5.66988092298052,3.004813208801392,0.13393589854240417,1.2097991218649022,40.0,103.0,1.0
0.860655737704918,0.8447308397686891,0.5145886305284617,4.663439094112067,2.5307118690388104,0.13393589854240417,1.3615093490785755,41.0,103.0,1.0
0.9318181818181818,0.6032620455780503,0.47504993513593224,4.418840607796598,2.4175114245896965,0.13393589854240417,1.0549430206894708,42.0,103.0,1.0
0.9235294117647059,0.4568203270317869,0.45899497339645595,5.062595033026967,2.717244499651283,0.13393589854240417,1.118257991405894,43.0,103.0,1.0
0.9538461538461539,0.7347729534007419,0.4968602240079762,4.143134726391533,2.2910049458161814,0.13393589854240417,1.0165120935111935,44.0,103.0,1.0
0.9308510638297872,0.6001786382990908,0.6180606453840911,5.170483995038151,2.7680191290088554,0.13393589854240417,1.1138101726731973,45.0,103.0,1.0
0.8021978021978022,0.6041142233880551,0.5003991371314336,4.304065093204169,2.364702795356865,0.13393589854240417,1.3726625412694098,46.0,103.0,1.0
0.9036144578313253,0.5888715623023292,0.5193621033610956,4.330733340286331,2.3769548387017894,0.13393589854240417,1.0961710575619514,47.0,103.0,1.0
0.9470588235294117,0.42668588133722407,0.6271158288600908,5.087596335232384,2.7289976993664067,0.13393589854240417,1.0792379235004823,48.0,103.0,1.0
0.68,0.6546882866372721,0.6204444646506263,4.454347296253507,2.433888922316136,0.13393589854240417,2.439047677524488,49.0,103.0,1.0
0.8795180722891566,0.8941886457219729,0.5831659556953773,4.304065093204169,2.364702795356865,0.13393589854240417,1.3331300501178591,50.0,103.0,1.0
0.9454545454545454,0.8627458165987042,0.5945010340558254,3.970291913552122,2.2123165506785494,0.13393589854240417,1.0458488403176764,51.0,103.0,1.0
0.8804347826086957,0.5027325879236467,0.6480441054477216,4.406719247264253,2.4119248064799916,0.13393589854240417,1.122309293342166,52.0,103.0,1.0
0.9461883408071748,0.34976140906465225,0.5154635278865513,5.356586274672012,2.855932944936758,0.13393589854240417,1.0777004506615755,53.0,103.0,1.0
0.9009009009009009,0.9070977889254829,0.6148179323989279,5.993961427306569,3.159872180588705,0.13393589854240417,1.5230746233053951,54.0,103.0,1.0
0.9230769230769231,0.8278986101767047,0.5969704888780991,4.574710978503383,2.48954693226224,0.13393589854240417,1.1691914736444053,55.0,103.0,1.0
0.9606741573033708,0.7145768748570421,0.6348712425441513,5.147494476813453,2.757187751154611,0.13393589854240417,1.048029316313253,56.0,103.0,1.0
0.9315068493150684,0.5874335605187555,0.6164470974639897,5.3230099791384085,2.8400416325032074,0.13393589854240417,1.1640759056994372,57.0,103.0,1.0
0.9353846153846154,0.8844992103536429,0.5668937799731111,5.720311776607412,3.0288750842692833,0.13393589854240417,1.3510042059520606,58.0,103.0,1.0
0.9578947368421052,0.5519825635730582,0.6068445954732833,5.209486152841421,2.786409475063942,0.13393589854240417,1.0694339962483923,59.0,103.0,1.0
0.8780487804878049,0.7670845251382425,0.6025107825961035,4.290459441148391,2.3584562920827996,0.13393589854240417,1.2014628846741193,60.0,103.0,1.0
0.9602649006622517,0.5950869619010598,0.6091551099083075,4.983606621708336,2.6801639324069306,0.13393589854240417,1.0528107794046504,61.0,103.0,1.0
0.9135135135135135,0.6268323851593589,0.6089546865319186,5.135798437050262,2.7516797178645387,0.13393589854240417,1.2021231029512436,62.0,103.0,1.0
0.9516129032258065,0.4370486790935163,0.42082681956149137,4.77912349311153,2.584550999478714,0.13393589854240417,1.0498585923955723,63.0,103.0,1.0
0.9384164222873901,0.7439989531097367,0.5385214269255327,5.771441123130016,3.0532962245824553,0.13393589854240417,1.2214305048870269,64.0,103.0,1.0
0.9310344827586207,0.5983760878235906,0.6147626498548416,5.247024072160486,2.8041266834326044,0.13393589854240417,1.0895641169764556,65.0,103.0,1.0
0.9193548387096774,0.6369783473698875,0.543688335612974,4.74493212836325,2.5686189750208426,0.13393589854240417,1.1521889559274026,66.0,103.0,1.0
0.9065934065934066,0.3155352387435869,0.6220442063500736,5.111987788356544,2.740471752138393,0.13393589854240417,1.191221404353946,67.0,103.0,1.0
0.9487179487179487,0.23319606927674139,0.6673045956177923,5.003946305945459,2.6897046141975167,0.13393589854240417,1.0153711077796397,68.0,103.0,1.0
0.875,0.733860943520154,0.5497920973456486,4.2626798770413155,2.3457113847084496,0.13393589854240417,1.1320499820113514,69.0,103.0,1.0
0.9086021505376344,0.7002263550626883,0.6136071362300272,5.135798437050262,2.7516797178645387,0.13393589854240417,1.1791426168874473,70.0,103.0,1.0
0.904,0.69726275836352,0.5774643993578888,4.736198448394496,2.564551976845346,0.13393589854240417,1.1154645981892741,71.0,103.0,1.0
0.9072847682119205,0.6322802484850158,0.4478283337935559,4.927253685157205,2.6537586998343663,0.13393589854240417,1.1142887811217101,72.0,103.0,1.0
0.8846153846153846,0.49684824284668977,0.5858096211554642,4.7535901911063645,2.572651808553629,0.13393589854240417,1.1421699215280336,73.0,103.0,1.0
0.8991596638655462,0.9213024318930724,0.33920062697661235,5.7745515455444085,3.0547827031513104,0.11871516704559326,1.589895585894125,1.0,104.0,1.0
0.8875,0.4428366021431108,0.39513671164225345,4.276666119016055,2.3521265808376026,0.11871516704559326,1.1455982694386044,2.0,104.0,1.0
0.8352941176470589,0.3288529695540508,0.33782245287090334,4.276666119016055,2.3521265808376026,0.11871516704559326,1.1754755238124561,3.0,104.0,1.0
0.9215686274509803,0.8326284668543896,0.44988042501295067,3.8712010109078907,2.1674269868905855,0.11871516704559326,1.0353031240276989,4.0,104.0,1.0
0.8695652173913043,0.6597613307508932,0.3853056547456665,4.110873864173311,2.276280895583685,0.11871516704559326,1.1396734086737361,5.0,104.0,1.0
0.8801169590643275,0.9105059091764036,0.3061113567809842,5.71042701737487,3.0241567860074383,0.11871516704559326,1.5778836196856159,6.0,104.0,1.0
0.8390501319261213,0.9364715638458819,0.31792129751363585,5.765191102784844,3.0503096117785278,0.11871516704559326,1.8692006856210865,7.0,104.0,1.0
0.9411764705882353,0.654399467001979,0.38633218699485783,5.081404364984463,2.726086100628873,0.11871516704559326,1.0813165962067077,8.0,104.0,1.0
0.908256880733945,0.7914065898008908,0.3633658171066593,4.605170185988092,2.5036655099612215,0.11871516704559326,1.1484585610585478,9.0,104.0,1.0
0.7928802588996764,0.9741821583772221,0.2689282745669598,6.19644412779452,3.257239926085709,0.11871516704559326,2.4069189928380603,10.0,104.0,1.0
0.9293478260869565,0.5553793297236053,0.3435986469302396,5.147494476813453,2.757187751154611,0.11871516704559326,1.111423893115968,11.0,104.0,1.0
0.8920863309352518,0.6873515983049556,0.360616962916086,4.8283137373023015,2.6075002169011556,0.11871516704559326,1.2920570989394666,12.0,104.0,1.0
0.9339622641509434,0.850655871223639,0.41822202915759266,5.293304824724492,2.8259933593577635,0.11871516704559326,1.2842082835139346,13.0,104.0,1.0
0.9393939393939394,0.505182156118258,0.29579321549533183,4.8283137373023015,2.6075002169011556,0.11871516704559326,1.0592704917397087,14.0,104.0,1.0
0.8674698795180723,0.8839877410830093,0.3029037337728074,5.666426688112432,3.003166047426715,0.11871516704559326,1.7355981139859344,15.0,104.0,1.0
0.9210526315789473,0.5168751431174841,0.39999865558997966,3.58351893845611,2.0380440141405214,0.11871516704559326,0.9316577999278552,16.0,104.0,1.0
0.8583690987124464,0.813494454697543,0.2849992987158752,5.303304908059076,2.8307214899683775,0.11871516704559326,1.4576631474446484,17.0,104.0,1.0
0.8599439775910365,0.9326350720194583,0.2541032883589374,5.730099782973575,3.0335481634840415,0.11871516704559326,1.761101948219394,18.0,104.0,1.0
0.7855421686746988,0.9810643865539421,0.43772429541957125,6.481577129276431,3.394923127569323,0.11871516704559326,3.1702404961536117,19.0,104.0,1.0
0.9156626506024096,0.6349116451609358,0.30492448469585864,5.030437921392435,2.7021389424282773,0.11871516704559326,1.1264125516108552,20.0,104.0,1.0
0.88,0.6967048543968559,0.41590777254375305,4.709530201312334,2.552140016674693,0.11871516704559326,1.1798663474182005,21.0,104.0,1.0
0.92,0.7268229804060684,0.35407484563992164,3.8501476017100584,2.157910687799803,0.11871516704559326,1.0196810886897485,22.0,104.0,1.0
0.8509933774834437,0.9339129622376117,0.28792182083756973,6.244166900663736,3.2802390021815278,0.11871516704559326,1.7422911913623582,23.0,104.0,1.0
0.8928571428571429,0.6732353315915932,0.4928931777612926,3.9318256327243257,2.1948713226061924,0.11871516704559326,0.9867365321693025,24.0,104.0,1.0
0.8918918918918919,0.4711405869464984,0.3591071851139521,4.204692619390966,2.31914675722242,0.11871516704559326,1.1564966894975321,25.0,104.0,1.0
0.8679245283018868,0.4609352578439116,0.287363309622991,3.8501476017100584,2.157910687799803,0.11871516704559326,1.0226681145485048,26.0,104.0,1.0
0.9,0.6723554495987848,0.3499990228175861,3.828641396489095,2.1481974344632753,0.11871516704559326,1.0602000501075861,27.0,104.0,1.0
0.8627450980392157,0.6719850608785995,0.29166567660799175,3.8066624897703196,2.1382787596317785,0.11871516704559326,1.1432515241038552,28.0,104.0,1.0
0.8586956521739131,0.7070283732463041,0.3015074746095181,4.382026634673881,2.400551144083666,0.11871516704559326,1.3409063407839195,29.0,104.0,1.0
0.8518518518518519,0.6062708896586894,0.30915830133471894,3.8501476017100584,2.157910687799803,0.11871516704559326,1.1636055256306947,30.0,104.0,1.0
0.9047619047619048,0.6176453404617996,0.3697404366553349,4.060443010546419,2.2532977739004636,0.11871516704559326,1.1717342998158808,31.0,104.0,1.0
0.9142857142857143,0.8042283998284785,0.34790458035169264,4.174387269895637,2.3052847792359823,0.11871516704559326,1.1296871823630685,32.0,104.0,1.0
0.8939393939393939,0.9232085760042329,0.3060808742883646,4.0943445622221,2.268743350700701,0.11871516704559326,1.3847371437599998,33.0,104.0,1.0
0.873015873015873,0.9242433913367836,0.42211158227522616,4.02535169073515,2.2373299281296504,0.11871516704559326,1.4947787148572065,34.0,104.0,1.0
0.9130434782608695,0.6742655446718779,0.37432633347185507,3.7612001156935624,2.117788410574075,0.11871516704559326,0.9935566927462427,35.0,104.0,1.0
0.896551724137931,0.8759500580605782,0.37486694693741895,3.970291913552122,2.2123165506785494,0.11871516704559326,1.211995188417192,36.0,104.0,1.0
0.8888888888888888,0.4257911713443389,0.3588664889183453,4.653960350157523,2.5263088586316202,0.11871516704559326,1.176579945357386,37.0,104.0,1.0
0.8620689655172413,0.7527751604488029,0.37038636957587995,4.330733340286331,2.3769548387017894,0.11871516704559326,1.1534043692871547,38.0,104.0,1.0
0.9318181818181818,0.6516753776703694,0.47461738623479927,3.7376696182833684,2.1071967759753503,0.11871516704559326,0.9813025613076393,39.0,104.0,1.0
0.8705882352941177,0.6658509435446724,0.423269770736615,4.31748811353631,2.370868277237524,0.11871516704559326,1.31511477917032,40.0,104.0,1.0
0.9205298013245033,0.5568252823087576,0.4845590155661557,4.941642422609304,2.6604968643718836,0.11871516704559326,1.1104579427718768,41.0,104.0,1.0
0.9,0.8058934288041192,0.4662534823374912,4.51085950651685,2.459994289249779,0.11871516704559326,1.2244519320096159,42.0,104.0,1.0
0.9292035398230089,0.5700546893555143,0.32903133479390817,4.663439094112067,2.5307118690388104,0.11871516704559326,1.1308165941080246,43.0,104.0,1.0
0.8861111111111111,0.8402072539778711,0.4007344187565037,5.768320995793772,3.051805203465507,0.11871516704559326,1.4386445727259374,44.0,104.0,1.0
0.9387755102040817,0.731883861335577,0.34707084572981084,3.8501476017100584,2.157910687799803,0.11871516704559326,1.0371522229313346,45.0,104.0,1.0
0.9636363636363636,0.6740752205332671,0.451571200692218,3.9889840465642745,2.220802675669457,0.11871516704559326,0.9180989967792802,46.0,104.0,1.0
0.8643724696356275,0.9037787581394175,0.3345979138367164,6.059123195581797,3.1911675782799995,0.11871516704559326,1.6004114866508687,47.0,104.0,1.0
0.9487179487179487,0.615899201402237,0.35889272872501826,3.6375861597263857,2.062252467068668,0.11871516704559326,0.9025520958041242,48.0,104.0,1.0
0.9206349206349206,0.5933557604418699,0.33178333822506106,4.07753744390572,2.2610836712552906,0.11871516704559326,1.023583986046057,49.0,104.0,1.0
0.845360824742268,0.840992513638576,0.38020562934090946,4.418840607796598,2.4175114245896965,0.11871516704559326,1.3439106570837247,50.0,104.0,1.0
0.8760330578512396,0.9202893584128161,0.41975464181970146,4.672828834461906,2.5350747976897283,0.11871516704559326,1.4836859794461674,51.0,104.0,1.0
0.8709677419354839,0.5990039416486546,0.28906131394706736,4.007333185232471,2.2291387036566714,0.11871516704559326,1.2161994534789253,52.0,104.0,1.0
0.8761061946902655,0.9074522547933421,0.38973944595447785,5.293304824724492,2.8259933593577635,0.11871516704559326,1.5505498712975738,53.0,104.0,1.0
0.868421052631579,0.7073310336735201,0.33980151900914285,3.5263605246161616,2.0125061255402774,0.11871516704559326,1.0119523498409877,54.0,104.0,1.0
0.8951048951048951,0.7479672812349025,0.30281152902093345,4.859812404361672,2.622212896281556,0.11871516704559326,1.2058879222288348,55.0,104.0,1.0
1.0,0.5774742342456842,0.3444425451442742,3.4965075614664802,1.9991904198260104,0.11871516704559326,0.8497521827581119,56.0,104.0,1.0
0.9444444444444444,0.6935020590035234,0.4071988509249094,3.5553480614894135,2.025450485613857,0.11871516704559326,0.9590594999257332,57.0,104.0,1.0
0.8369565217391305,0.8165445957420676,0.44949378425126396,4.356708826689592,2.3888992025669182,0.11871516704559326,1.3192130155763648,58.0,104.0,1.0
0.8709677419354839,0.5714170971367394,0.45966936176748047,4.007333185232471,2.2291387036566714,0.11871516704559326,1.071954600824831,59.0,104.0,1.0
0.8932038834951457,0.6503610855385459,0.5567904066282449,4.532599493153256,2.4700495577146593,0.11871516704559326,1.1298737818050983,60.0,104.0,1.0
0.8788927335640139,0.8872478959121748,0.35876382835306864,5.541263545158426,2.9435651603027786,0.11871516704559326,1.5281732629213738,61.0,104.0,1.0
0.8030480656506448,0.9790178102575403,0.2956018645733688,6.530877627725885,3.418791985002002,0.11871516704559326,2.8816866455006873,62.0,104.0,1.0
0.8357142857142857,0.8431166458271057,0.36259732848850623,5.459585514144159,2.9047611858976925,0.11871516704559326,1.5969694250584694,63.0,104.0,1.0
0.6627011896431071,0.9820165065476117,0.332153899044967,6.854354502255021,3.5758234061020864,0.11871516704559326,3.270986584906853,64.0,104.0,1.0
